-0.009,-0.011,-0.776
-0.007,-0.009,-0.778
-0.01,-0.009,-0.775
-0.009,-0.014,-0.775
-0.009,-0.009,-0.777
-0.007,-0.008,-0.774
-0.007,-0.01,-0.776
-0.008,-0.007,-0.778
-0.009,-0.011,-0.778
-0.011,-0.013,-0.775
-0.007,-0.009,-0.775
-0.011,-0.01,-0.773
-0.009,-0.011,-0.773
-0.009,-0.006,-0.779
-0.01,-0.011,-0.774
-0.009,-0.009,-0.775
-0.01,-0.008,-0.775
-0.01,-0.01,-0.774
-0.011,-0.009,-0.777
-0.011,-0.008,-0.774
-0.01,-0.009,-0.778
-0.011,-0.008,-0.778
-0.011,-0.009,-0.776
-0.012,-0.01,-0.778
-0.01,-0.01,-0.771
-0.011,-0.01,-0.779
-0.011,-0.008,-0.777
-0.009,-0.011,-0.779
-0.011,-0.008,-0.774
-0.009,-0.009,-0.775
-0.011,-0.01,-0.778
-0.009,-0.008,-0.775
-0.008,-0.009,-0.777
-0.01,-0.009,-0.776
-0.009,-0.008,-0.776
-0.009,-0.012,-0.774
-0.008,-0.006,-0.776
-0.01,-0.007,-0.778
-0.009,-0.005,-0.775
-0.007,-0.011,-0.776
-0.008,-0.009,-0.774
-0.007,-0.007,-0.774
-0.008,-0.008,-0.775
-0.009,-0.007,-0.779
-0.009,-0.008,-0.772
-0.008,-0.005,-0.776
-0.007,-0.009,-0.775
-0.007,-0.009,-0.772
-0.007,-0.01,-0.776
-0.011,-0.007,-0.778
-0.01,-0.009,-0.779
-0.011,-0.01,-0.777
-0.009,-0.009,-0.774
-0.012,-0.008,-0.776
-0.011,-0.01,-0.778
-0.012,-0.007,-0.777
-0.012,-0.01,-0.775
-0.009,-0.008,-0.776
-0.011,-0.005,-0.776
-0.009,-0.006,-0.776
-0.009,-0.007,-0.775
-0.009,-0.009,-0.779
-0.01,-0.007,-0.78
-0.011,-0.009,-0.776
-0.01,-0.012,-0.775
-0.01,-0.011,-0.776
-0.008,-0.008,-0.777
-0.01,-0.009,-0.777
-0.009,-0.009,-0.777
-0.011,-0.008,-0.776
-0.009,-0.01,-0.777
-0.013,-0.009,-0.775
-0.013,-0.009,-0.774
-0.013,-0.006,-0.777
-0.012,-0.007,-0.776
-0.015,-0.009,-0.776
-0.015,-0.009,-0.774
-0.015,-0.01,-0.774
-0.015,-0.006,-0.777
-0.014,-0.006,-0.776
-0.016,-0.007,-0.777
-0.017,-0.009,-0.774
-0.015,-0.002,-0.774
-0.013,-0.01,-0.775
-0.012,-0.006,-0.776
-0.011,-0.007,-0.777
-0.012,-0.007,-0.778
-0.012,-0.009,-0.776
-0.011,-0.009,-0.775
-0.008,-0.009,-0.779
-0.008,-0.009,-0.777
-0.009,-0.011,-0.777
-0.009,-0.007,-0.777
-0.007,-0.005,-0.776
-0.008,-0.009,-0.778
-0.004,-0.01,-0.777
-0.004,-0.011,-0.775
-0.003,-0.01,-0.776
-0.005,-0.011,-0.776
-0.002,-0.011,-0.775
-0.003,-0.008,-0.776
-0.003,-0.005,-0.775
-0.004,-0.006,-0.776
-0.006,-0.009,-0.777
-0.007,-0.01,-0.775
-0.005,-0.01,-0.774
-0.007,-0.009,-0.772
-0.009,-0.012,-0.773
-0.007,-0.009,-0.779
-0.006,-0.008,-0.777
-0.008,-0.002,-0.777
-0.007,-0.007,-0.774
-0.007,-0.005,-0.773
-0.008,-0.007,-0.775
-0.009,-0.01,-0.774
-0.009,-0.014,-0.773
-0.007,-0.01,-0.774
-0.008,-0.007,-0.774
-0.011,-0.006,-0.776
-0.008,-0.008,-0.775
-0.008,-0.007,-0.775
-0.011,-0.011,-0.778
-0.009,-0.009,-0.775
-0.007,-0.011,-0.776
-0.009,-0.011,-0.776
-0.008,-0.01,-0.778
-0.007,-0.006,-0.775
-0.005,-0.009,-0.78
-0.004,-0.008,-0.775
-0.007,-0.011,-0.775
-0.005,-0.012,-0.775
-0.006,-0.012,-0.779
-0.007,-0.009,-0.78
-0.005,-0.012,-0.777
-0.004,-0.007,-0.774
-0.005,-0.009,-0.772
-0.005,-0.007,-0.776
-0.004,-0.007,-0.778
-0.007,-0.01,-0.777
-0.007,-0.011,-0.776
-0.005,-0.011,-0.775
-0.01,-0.011,-0.778
-0.009,-0.009,-0.776
-0.012,-0.009,-0.778
-0.013,-0.009,-0.779
-0.008,-0.01,-0.776
-0.012,-0.01,-0.776
-0.011,-0.012,-0.777
-0.012,-0.009,-0.778
-0.013,-0.007,-0.776
-0.013,-0.009,-0.776
-0.01,-0.009,-0.773
-0.012,-0.009,-0.775
-0.011,-0.007,-0.774
-0.011,-0.011,-0.778
-0.011,-0.012,-0.774
-0.01,-0.007,-0.776
-0.012,-0.009,-0.773
-0.008,-0.009,-0.773
-0.008,-0.009,-0.773
-0.007,-0.009,-0.779
-0.005,-0.011,-0.778
-0.005,-0.009,-0.776
-0.005,-0.009,-0.778
-0.006,-0.009,-0.775
-0.007,-0.009,-0.776
-0.007,-0.01,-0.776
-0.006,-0.006,-0.778
-0.007,-0.011,-0.775
-0.005,-0.009,-0.778
-0.005,-0.011,-0.776
-0.005,-0.008,-0.775
-0.005,-0.012,-0.78
-0.007,-0.011,-0.775
-0.009,-0.011,-0.777
-0.006,-0.008,-0.776
-0.007,-0.01,-0.775
-0.007,-0.01,-0.776
-0.008,-0.009,-0.78
-0.008,-0.009,-0.781
-0.007,-0.009,-0.779
-0.009,-0.01,-0.776
-0.009,-0.01,-0.776
-0.009,-0.011,-0.776
-0.01,-0.008,-0.78
-0.012,-0.008,-0.778
-0.011,-0.005,-0.777
-0.013,-0.006,-0.774
-0.011,-0.011,-0.776
-0.012,-0.014,-0.776
-0.014,-0.011,-0.777
-0.012,-0.011,-0.776
-0.013,-0.007,-0.776
-0.011,-0.006,-0.775
-0.013,-0.003,-0.777
-0.012,-0.009,-0.779
-0.012,-0.011,-0.777
-0.011,-0.014,-0.778
-0.011,-0.01,-0.775
-0.01,-0.005,-0.774
-0.009,-0.005,-0.776
-0.008,-0.003,-0.776
-0.007,-0.007,-0.777
-0.006,-0.007,-0.781
-0.007,-0.013,-0.774
-0.007,-0.013,-0.777
-0.007,-0.011,-0.777
-0.005,-0.01,-0.776
-0.007,-0.007,-0.778
-0.006,-0.005,-0.778
-0.01,-0.006,-0.778
-0.009,-0.007,-0.775
-0.008,-0.009,-0.778
-0.009,-0.011,-0.777
-0.008,-0.011,-0.777
-0.009,-0.009,-0.778
-0.007,-0.008,-0.775
-0.007,-0.008,-0.775
-0.008,-0.007,-0.778
-0.009,-0.011,-0.778
-0.01,-0.011,-0.78
-0.011,-0.009,-0.776
-0.01,-0.007,-0.775
-0.009,-0.006,-0.777
-0.012,-0.009,-0.776
-0.011,-0.009,-0.776
-0.011,-0.01,-0.777
-0.013,-0.007,-0.774
-0.014,-0.009,-0.776
-0.011,-0.01,-0.774
-0.011,-0.009,-0.779
-0.008,-0.009,-0.776
-0.007,-0.006,-0.777
-0.009,-0.007,-0.776
-0.009,-0.01,-0.774
-0.009,-0.011,-0.773
-0.007,-0.009,-0.776
-0.007,-0.011,-0.778
-0.007,-0.009,-0.776
-0.004,-0.011,-0.772
-0.005,-0.01,-0.774
-0.006,-0.011,-0.776
-0.005,-0.006,-0.777
-0.006,-0.008,-0.777
-0.005,-0.008,-0.778
-0.006,-0.011,-0.775
-0.005,-0.011,-0.778
-0.005,-0.011,-0.781
-0.007,-0.009,-0.777
-0.004,-0.009,-0.779
-0.007,-0.009,-0.775
-0.008,-0.012,-0.774
-0.007,-0.01,-0.774
-0.011,-0.011,-0.776
-0.01,-0.007,-0.776
-0.009,-0.008,-0.775
-0.014,-0.008,-0.777
-0.012,-0.009,-0.774
-0.014,-0.009,-0.77
-0.013,-0.008,-0.775
-0.015,-0.01,-0.777
-0.014,-0.01,-0.773
-0.013,-0.011,-0.781
-0.015,-0.01,-0.776
-0.015,-0.007,-0.774
-0.017,-0.009,-0.776
-0.013,-0.005,-0.773
-0.017,-0.007,-0.777
-0.015,-0.01,-0.776
-0.017,-0.01,-0.776
-0.015,-0.009,-0.774
-0.014,-0.01,-0.778
-0.013,-0.007,-0.777
-0.012,-0.011,-0.776
-0.013,-0.009,-0.776
-0.009,-0.009,-0.779
-0.009,-0.01,-0.777
-0.011,-0.012,-0.776
-0.007,-0.011,-0.774
-0.009,-0.01,-0.779
-0.009,-0.01,-0.777
-0.006,-0.009,-0.776
-0.004,-0.01,-0.777
-0.006,-0.011,-0.776
-0.005,-0.009,-0.777
-0.004,-0.01,-0.776
-0.003,-0.009,-0.779
-0.002,-0.01,-0.772
-0.006,-0.013,-0.776
-0.004,-0.012,-0.778
-0.004,-0.009,-0.776
-0.006,-0.009,-0.777
-0.005,-0.01,-0.774
-0.007,-0.011,-0.775
-0.008,-0.013,-0.776
-0.007,-0.013,-0.777
-0.007,-0.014,-0.776
-0.008,-0.013,-0.776
-0.009,-0.01,-0.776
-0.009,-0.01,-0.776
-0.012,-0.012,-0.774
-0.012,-0.009,-0.777
-0.012,-0.014,-0.774
-0.013,-0.012,-0.777
-0.014,-0.012,-0.775
-0.015,-0.013,-0.777
-0.014,-0.013,-0.775
-0.015,-0.01,-0.775
-0.015,-0.008,-0.777
-0.014,-0.011,-0.779
-0.01,-0.013,-0.774
-0.01,-0.013,-0.776
-0.009,-0.015,-0.781
-0.011,-0.011,-0.777
-0.01,-0.011,-0.774
-0.009,-0.01,-0.781
-0.008,-0.011,-0.771
-0.009,-0.009,-0.777
-0.009,-0.01,-0.778
-0.01,-0.009,-0.776
-0.01,-0.012,-0.779
-0.009,-0.009,-0.775
-0.007,-0.013,-0.779
-0.007,-0.007,-0.777
-0.009,-0.008,-0.775
-0.01,-0.006,-0.775
-0.007,-0.007,-0.776
-0.008,-0.009,-0.779
-0.006,-0.013,-0.773
-0.008,-0.014,-0.774
-0.007,-0.012,-0.778
-0.007,-0.009,-0.778
-0.007,-0.008,-0.777
-0.006,-0.007,-0.775
-0.009,-0.008,-0.776
-0.01,-0.009,-0.779
-0.005,-0.009,-0.779
-0.006,-0.011,-0.779
-0.006,-0.01,-0.776
-0.008,-0.009,-0.775
-0.008,-0.011,-0.776
-0.009,-0.008,-0.777
-0.01,-0.011,-0.777
-0.011,-0.006,-0.775
-0.011,-0.008,-0.777
-0.012,-0.009,-0.775
-0.013,-0.011,-0.776
-0.014,-0.009,-0.776
-0.014,-0.011,-0.778
-0.013,-0.007,-0.776
-0.017,-0.009,-0.775
-0.016,-0.009,-0.775
-0.016,-0.01,-0.772
-0.016,-0.01,-0.778
-0.014,-0.009,-0.779
-0.013,-0.009,-0.774
-0.015,-0.01,-0.774
-0.013,-0.009,-0.773
-0.011,-0.012,-0.774
-0.012,-0.01,-0.779
-0.012,-0.012,-0.777
-0.014,-0.011,-0.776
-0.009,-0.009,-0.774
-0.009,-0.008,-0.774
-0.009,-0.01,-0.773
-0.008,-0.01,-0.776
-0.009,-0.011,-0.779
-0.008,-0.01,-0.777
-0.008,-0.012,-0.774
-0.008,-0.013,-0.77
-0.009,-0.009,-0.777
-0.009,-0.011,-0.776
-0.009,-0.011,-0.779
-0.009,-0.011,-0.773
-0.01,-0.009,-0.772
-0.009,-0.009,-0.775
-0.011,-0.011,-0.775
-0.01,-0.009,-0.777
-0.012,-0.011,-0.777
-0.011,-0.009,-0.774
-0.011,-0.011,-0.776
-0.011,-0.011,-0.774
-0.011,-0.009,-0.776
-0.011,-0.011,-0.778
-0.011,-0.01,-0.777
-0.01,-0.009,-0.776
-0.011,-0.01,-0.774
-0.013,-0.01,-0.776
-0.011,-0.009,-0.776
-0.013,-0.009,-0.774
-0.011,-0.009,-0.774
-0.011,-0.009,-0.773
-0.011,-0.009,-0.777
-0.013,-0.009,-0.774
-0.011,-0.009,-0.778
-0.011,-0.008,-0.776
-0.014,-0.009,-0.776
-0.013,-0.011,-0.775
-0.012,-0.012,-0.774
-0.012,-0.007,-0.775
-0.013,-0.007,-0.773
-0.013,-0.006,-0.777
-0.011,-0.007,-0.776
-0.013,-0.009,-0.771
-0.011,-0.009,-0.776
-0.009,-0.007,-0.778
-0.012,-0.006,-0.777
-0.012,-0.007,-0.775
-0.011,-0.009,-0.774
-0.014,-0.01,-0.774
-0.012,-0.007,-0.774
-0.012,-0.009,-0.779
-0.015,-0.009,-0.777
-0.011,-0.009,-0.775
-0.013,-0.005,-0.777
-0.011,-0.007,-0.775
-0.009,-0.007,-0.776
-0.01,-0.009,-0.775
-0.01,-0.01,-0.779
-0.009,-0.009,-0.778
-0.008,-0.007,-0.774
-0.008,-0.007,-0.776
-0.007,-0.006,-0.777
-0.008,-0.007,-0.778
-0.008,-0.01,-0.778
-0.008,-0.008,-0.779
-0.01,-0.01,-0.779
-0.008,-0.009,-0.776
-0.007,-0.009,-0.777
-0.007,-0.007,-0.777
-0.009,-0.007,-0.778
-0.009,-0.008,-0.776
-0.009,-0.013,-0.774
-0.009,-0.01,-0.773
-0.009,-0.011,-0.777
-0.008,-0.007,-0.777
-0.007,-0.006,-0.775
-0.007,-0.006,-0.778
-0.011,-0.009,-0.775
-0.009,-0.011,-0.775
-0.009,-0.011,-0.777
-0.007,-0.009,-0.776
-0.007,-0.007,-0.775
-0.011,-0.007,-0.775
-0.011,-0.008,-0.779
-0.009,-0.008,-0.774
-0.009,-0.01,-0.777
-0.009,-0.01,-0.775
-0.011,-0.009,-0.773
-0.009,-0.009,-0.776
-0.011,-0.01,-0.778
-0.009,-0.009,-0.774
-0.009,-0.009,-0.775
-0.011,-0.007,-0.775
-0.01,-0.009,-0.775
-0.007,-0.008,-0.776
-0.009,-0.008,-0.774
-0.007,-0.009,-0.774
-0.009,-0.01,-0.777
-0.008,-0.01,-0.779
-0.007,-0.008,-0.774
-0.008,-0.009,-0.775
-0.008,-0.007,-0.777
-0.007,-0.011,-0.774
-0.009,-0.01,-0.774
-0.007,-0.013,-0.778
-0.011,-0.01,-0.776
-0.011,-0.011,-0.777
-0.01,-0.009,-0.777
-0.009,-0.007,-0.78
-0.009,-0.008,-0.775
-0.012,-0.01,-0.778
-0.011,-0.009,-0.775
-0.01,-0.01,-0.774
-0.011,-0.012,-0.773
-0.01,-0.011,-0.78
-0.009,-0.011,-0.778
-0.011,-0.011,-0.777
-0.009,-0.007,-0.776
-0.009,-0.006,-0.78
-0.007,-0.009,-0.777
-0.008,-0.009,-0.774
-0.01,-0.01,-0.78
-0.009,-0.011,-0.775
-0.01,-0.01,-0.779
-0.012,-0.011,-0.773
-0.007,-0.011,-0.778
-0.011,-0.011,-0.778
-0.007,-0.011,-0.778
-0.01,-0.009,-0.775
-0.008,-0.011,-0.775
-0.008,-0.011,-0.78
-0.009,-0.012,-0.779
-0.009,-0.013,-0.778
-0.009,-0.009,-0.776
-0.007,-0.008,-0.776
-0.009,-0.008,-0.778
-0.008,-0.009,-0.779
-0.009,-0.009,-0.776
-0.008,-0.008,-0.773
-0.01,-0.011,-0.777
-0.008,-0.012,-0.776
-0.009,-0.01,-0.774
-0.01,-0.011,-0.776
-0.009,-0.012,-0.778
-0.009,-0.01,-0.78
-0.009,-0.01,-0.776
-0.009,-0.012,-0.773
-0.008,-0.011,-0.776
-0.011,-0.011,-0.774
-0.009,-0.01,-0.778
-0.01,-0.009,-0.775
-0.011,-0.011,-0.774
-0.008,-0.01,-0.775
-0.012,-0.007,-0.777
-0.011,-0.011,-0.777
-0.012,-0.012,-0.502
0.148,-0.116,-1.107
0.147,-0.116,-1.062
0.144,-0.111,-1.047
0.141,-0.109,-1.062
0.139,-0.11,-1.056
0.141,-0.11,-1.049
0.138,-0.107,-1.043
0.139,-0.105,-1.048
0.134,-0.105,-1.049
0.136,-0.105,-1.042
0.136,-0.104,-1.047
0.135,-0.104,-1.052
0.134,-0.103,-1.044
0.132,-0.104,-1.039
0.134,-0.104,-1.041
0.135,-0.104,-1.044
0.133,-0.103,-1.038
0.135,-0.102,-1.038
0.132,-0.103,-1.045
0.132,-0.103,-1.039
0.133,-0.103,-1.036
0.133,-0.102,-1.034
0.132,-0.101,-1.045
0.133,-0.101,-1.04
0.13,-0.102,-1.032
0.132,-0.101,-1.034
0.13,-0.103,-1.042
0.132,-0.102,-1.039
0.131,-0.102,-1.037
0.13,-0.101,-1.036
0.13,-0.1,-1.039
0.131,-0.101,-1.039
0.131,-0.102,-1.034
0.128,-0.1,-1.029
0.132,-0.098,-1.038
0.128,-0.1,-1.036
0.129,-0.1,-1.032
0.129,-0.101,-1.036
0.129,-0.099,-1.034
0.128,-0.103,-1.038
0.128,-0.101,-1.035
0.13,-0.1,-1.031
0.13,-0.1,-1.034
0.128,-0.102,-1.032
0.127,-0.102,-1.032
0.127,-0.101,-1.028
0.127,-0.101,-1.024
0.128,-0.1,-1.032
0.13,-0.099,-1.028
0.127,-0.1,-1.026
0.128,-0.1,-1.024
0.129,-0.099,-1.03
0.131,-0.098,-1.035
0.129,-0.099,-1.028
0.129,-0.097,-1.023
0.128,-0.099,-1.032
0.126,-0.098,-1.034
0.128,-0.101,-1.024
0.128,-0.1,-1.022
0.126,-0.099,-1.031
0.13,-0.098,-1.034
0.128,-0.098,-1.023
0.128,-0.096,-1.019
0.129,-0.096,-1.027
0.128,-0.096,-1.027
0.126,-0.097,-1.025
0.127,-0.098,-1.026
0.129,-0.095,-1.022
0.127,-0.095,-1.027
0.129,-0.096,-1.026
0.129,-0.097,-1.023
0.129,-0.092,-1.024
0.128,-0.096,-1.025
0.127,-0.096,-1.02
0.128,-0.097,-1.026
0.128,-0.096,-1.03
0.127,-0.095,-1.021
0.127,-0.095,-1.02
0.127,-0.095,-1.024
0.127,-0.095,-1.016
0.128,-0.097,-1.019
0.13,-0.094,-1.032
0.127,-0.094,-1.019
0.128,-0.094,-1.01
0.128,-0.097,-1.021
0.126,-0.096,-1.027
0.128,-0.095,-1.016
0.128,-0.095,-1.02
0.126,-0.098,-1.028
0.125,-0.096,-1.024
0.124,-0.097,-1.02
0.126,-0.098,-1.022
0.127,-0.096,-1.028
0.126,-0.098,-1.034
0.127,-0.097,-1.022
0.127,-0.096,-1.016
0.126,-0.096,-1.026
0.127,-0.096,-1.028
0.129,-0.098,-1.02
0.127,-0.097,-1.022
0.126,-0.099,-1.026
0.128,-0.099,-1.024
0.129,-0.097,-1.021
0.127,-0.101,-1.025
0.129,-0.098,-1.026
0.127,-0.097,-1.02
0.13,-0.098,-1.019
0.13,-0.095,-1.023
0.128,-0.098,-1.023
0.129,-0.098,-1.025
0.128,-0.1,-1.025
0.128,-0.1,-1.022
0.129,-0.098,-1.021
0.128,-0.099,-1.02
0.127,-0.097,-1.029
0.127,-0.098,-1.029
0.129,-0.098,-1.021
0.128,-0.1,-1.024
0.128,-0.098,-1.034
0.13,-0.101,-1.027
0.129,-0.101,-1.026
0.128,-0.1,-1.022
0.127,-0.098,-1.03
0.129,-0.1,-1.016
0.129,-0.101,-1.021
0.127,-0.095,-1.032
0.129,-0.097,-1.031
0.128,-0.1,-1.019
0.129,-0.096,-1.02
0.13,-0.098,-1.032
0.127,-0.098,-1.03
0.129,-0.099,-1.021
0.13,-0.097,-1.027
0.128,-0.098,-1.03
0.127,-0.099,-1.022
0.129,-0.099,-1.02
0.131,-0.1,-1.022
0.128,-0.099,-1.027
0.128,-0.099,-1.026
0.128,-0.1,-1.023
0.128,-0.098,-1.021
0.129,-0.098,-1.014
0.129,-0.099,-1.028
0.129,-0.099,-1.028
0.128,-0.097,-1.02
0.127,-0.096,-1.013
0.13,-0.1,-1.026
0.128,-0.099,-1.025
0.127,-0.1,-1.02
0.13,-0.101,-1.012
0.131,-0.099,-1.027
0.128,-0.1,-1.024
0.129,-0.103,-1.017
0.128,-0.099,-1.019
0.128,-0.099,-1.025
0.128,-0.097,-1.028
0.128,-0.1,-1.023
0.126,-0.101,-1.015
0.129,-0.101,-1.026
0.129,-0.102,-1.03
0.127,-0.104,-1.015
0.129,-0.105,-1.012
0.128,-0.104,-1.03
0.127,-0.102,-1.018
0.128,-0.101,-1.019
0.126,-0.104,-1.026
0.127,-0.104,-1.022
0.129,-0.104,-1.024
0.129,-0.104,-1.021
0.129,-0.103,-1.016
0.125,-0.101,-1.03
0.127,-0.104,-1.031
0.13,-0.102,-1.022
0.129,-0.1,-1.018
0.127,-0.1,-1.021
0.128,-0.1,-1.03
0.126,-0.102,-1.025
0.128,-0.101,-1.018
0.128,-0.1,-1.025
0.125,-0.103,-1.032
0.128,-0.101,-1.021
0.126,-0.103,-1.02
0.126,-0.1,-1.02
0.125,-0.099,-1.03
0.128,-0.1,-1.029
0.126,-0.101,-1.013
0.13,-0.099,-1.021
0.123,-0.1,-1.031
0.126,-0.099,-1.024
0.126,-0.1,-1.024
0.126,-0.101,-1.021
0.123,-0.101,-1.028
0.125,-0.1,-1.021
0.126,-0.1,-1.026
0.125,-0.098,-1.025
0.125,-0.098,-1.034
0.124,-0.102,-1.028
0.124,-0.099,-1.026
0.124,-0.099,-1.02
0.124,-0.099,-1.023
0.126,-0.099,-1.03
0.123,-0.1,-1.028
0.124,-0.1,-1.015
0.125,-0.096,-1.023
0.123,-0.096,-1.028
0.122,-0.098,-1.021
0.123,-0.098,-1.024
0.123,-0.098,-1.026
0.124,-0.097,-1.024
0.123,-0.101,-1.025
0.124,-0.1,-1.024
0.125,-0.096,-1.022
0.122,-0.095,-1.026
0.122,-0.096,-1.028
0.124,-0.1,-1.018
0.124,-0.1,-1.023
0.123,-0.098,-1.025
0.122,-0.099,-1.023
0.124,-0.097,-1.029
0.122,-0.098,-1.03
0.126,-0.097,-1.022
0.124,-0.098,-1.015
0.123,-0.099,-1.019
0.122,-0.099,-1.027
0.122,-0.099,-1.028
0.122,-0.1,-1.022
0.125,-0.098,-1.021
0.124,-0.097,-1.019
0.124,-0.099,-1.028
0.12,-0.098,-1.029
0.123,-0.097,-1.022
0.125,-0.098,-1.013
0.121,-0.099,-1.02
0.119,-0.099,-1.036
0.122,-0.1,-1.034
0.124,-0.096,-1
0.125,-0.096,-1.008
0.121,-0.096,-1.045
0.12,-0.099,-1.036
0.122,-0.098,-1
0.124,-0.096,-1.01
0.122,-0.1,-1.035
0.12,-0.101,-1.04
0.12,-0.1,-1.016
0.123,-0.096,-1.003
0.123,-0.097,-1.022
0.121,-0.099,-1.039
0.12,-0.098,-1.026
0.124,-0.098,-1.005
0.123,-0.097,-1.014
0.121,-0.098,-1.031
0.122,-0.097,-1.028
0.125,-0.1,-1.012
0.124,-0.097,-1.016
0.122,-0.096,-1.029
0.121,-0.098,-1.032
0.12,-0.096,-1.007
0.123,-0.095,-1.014
0.123,-0.096,-1.034
0.12,-0.099,-1.031
0.12,-0.098,-1.008
0.125,-0.099,-1.028
0.123,-0.097,-1.024
0.12,-0.098,-1.023
0.122,-0.096,-1.02
0.122,-0.094,-1.02
0.123,-0.095,-1.022
0.123,-0.098,-1.024
0.121,-0.097,-1.023
0.122,-0.096,-1.024
0.124,-0.098,-1.024
0.122,-0.096,-1.019
0.12,-0.097,-1.027
0.121,-0.094,-1.021
0.123,-0.097,-1.027
0.121,-0.097,-1.025
0.122,-0.095,-1.022
0.122,-0.096,-1.023
0.121,-0.097,-1.02
0.123,-0.097,-1.024
0.121,-0.093,-1.019
0.122,-0.097,-1.02
0.122,-0.094,-1.03
0.123,-0.096,-1.024
0.122,-0.094,-1.008
0.124,-0.095,-1.018
0.124,-0.098,-1.026
0.12,-0.097,-1.024
0.122,-0.095,-1.018
0.121,-0.096,-1.02
0.122,-0.098,-1.02
0.124,-0.097,-1.03
0.124,-0.096,-1.015
0.126,-0.098,-1.02
0.122,-0.098,-1.03
0.121,-0.098,-1.029
0.123,-0.098,-1.013
0.122,-0.095,-1.019
0.122,-0.096,-1.03
0.123,-0.096,-1.022
0.12,-0.097,-1.016
0.12,-0.096,-1.023
0.121,-0.096,-1.022
0.123,-0.098,-1.035
0.123,-0.098,-1.026
0.122,-0.096,-1.019
0.122,-0.098,-1.026
0.123,-0.096,-1.024
0.121,-0.097,-1.014
0.122,-0.098,-1.026
0.122,-0.098,-1.029
0.121,-0.098,-1.021
0.122,-0.099,-1.024
0.123,-0.098,-1.017
0.123,-0.097,-1.033
0.118,-0.098,-1.029
0.123,-0.097,-1.019
0.121,-0.097,-1.021
0.121,-0.097,-1.029
0.121,-0.099,-1.033
0.121,-0.097,-1.022
0.12,-0.099,-1.026
0.123,-0.101,-1.028
0.121,-0.1,-1.029
0.121,-0.097,-1.025
0.12,-0.099,-1.02
0.122,-0.1,-1.024
0.122,-0.101,-1.034
0.119,-0.097,-1.031
0.122,-0.099,-1.022
0.121,-0.1,-1.023
0.119,-0.098,-1.03
0.122,-0.102,-1.027
0.12,-0.104,-1.024
0.12,-0.101,-1.024
0.123,-0.1,-1.029
0.12,-0.099,-1.029
0.12,-0.1,-1.022
0.12,-0.101,-1.026
0.12,-0.104,-1.031
0.12,-0.1,-1.03
0.12,-0.101,-1.021
0.118,-0.103,-1.022
0.12,-0.103,-1.033
0.12,-0.102,-1.03
0.12,-0.102,-1.026
0.119,-0.102,-1.023
0.12,-0.102,-1.024
0.119,-0.104,-1.036
0.121,-0.102,-1.025
0.12,-0.101,-1.018
0.121,-0.102,-1.026
0.12,-0.102,-1.034
0.122,-0.102,-1.027
0.122,-0.104,-1.03
0.121,-0.102,-1.026
0.119,-0.102,-1.034
0.12,-0.1,-1.036
0.12,-0.102,-1.024
0.122,-0.101,-1.022
0.119,-0.103,-1.032
0.119,-0.101,-1.04
0.118,-0.103,-1.032
0.12,-0.101,-1.026
0.12,-0.101,-1.027
0.117,-0.1,-1.04
0.119,-0.103,-1.027
0.12,-0.102,-1.018
0.121,-0.101,-1.034
0.12,-0.102,-1.029
0.119,-0.101,-1.02
0.12,-0.101,-1.024
0.121,-0.102,-1.031
0.119,-0.103,-1.032
0.121,-0.104,-1.023
0.119,-0.104,-1.029
0.119,-0.103,-1.032
0.121,-0.101,-1.03
0.121,-0.1,-1.022
0.117,-0.1,-1.028
0.122,-0.101,-1.024
0.12,-0.102,-1.021
0.12,-0.104,-1.028
0.121,-0.103,-1.03
0.122,-0.099,-1.03
0.121,-0.099,-1.035
0.124,-0.101,-1.026
0.121,-0.1,-1.02
0.122,-0.101,-1.029
0.123,-0.102,-1.04
0.122,-0.102,-1.025
0.126,-0.104,-1.024
0.124,-0.101,-1.032
0.122,-0.099,-1.032
0.125,-0.098,-1.023
0.126,-0.1,-1.034
0.126,-0.099,-1.024
0.124,-0.1,-1.032
0.126,-0.098,-1.025
0.128,-0.098,-1.023
0.128,-0.098,-1.024
0.127,-0.097,-1.036
0.129,-0.102,-1.028
0.127,-0.099,-1.019
0.128,-0.1,-1.028
0.127,-0.1,-1.027
0.128,-0.1,-1.024
0.128,-0.098,-1.032
0.127,-0.097,-1.026
0.128,-0.098,-1.027
0.127,-0.1,-1.026
0.13,-0.099,-1.028
0.128,-0.099,-1.024
0.126,-0.098,-1.024
0.128,-0.099,-1.025
0.128,-0.101,-1.024
0.128,-0.099,-1.026
0.129,-0.099,-1.026
0.128,-0.101,-1.03
0.13,-0.103,-1.031
0.128,-0.104,-1.024
0.129,-0.1,-1.026
0.128,-0.102,-1.03
0.129,-0.101,-1.03
0.132,-0.102,-1.03
0.13,-0.104,-1.032
0.129,-0.102,-1.031
0.13,-0.103,-1.036
0.131,-0.101,-1.029
0.129,-0.103,-1.027
0.13,-0.104,-1.039
0.132,-0.104,-1.03
0.13,-0.102,-1.027
0.129,-0.104,-1.034
0.13,-0.103,-1.034
0.129,-0.103,-1.034
0.132,-0.103,-1.034
0.131,-0.103,-1.031
0.131,-0.102,-1.034
0.13,-0.101,-1.032
0.134,-0.103,-1.026
0.131,-0.102,-1.028
0.13,-0.104,-1.039
0.131,-0.106,-1.034
0.129,-0.102,-1.03
0.132,-0.104,-1.031
0.134,-0.103,-1.035
0.131,-0.103,-1.034
0.129,-0.104,-1.036
0.131,-0.103,-1.023
0.13,-0.102,-1.032
0.128,-0.103,-1.036
0.133,-0.104,-1.03
0.129,-0.103,-1.031
0.129,-0.105,-1.036
0.129,-0.104,-1.027
0.13,-0.104,-1.042
0.13,-0.104,-1.032
0.132,-0.104,-1.022
0.129,-0.104,-1.034
0.13,-0.103,-1.042
0.128,-0.103,-1.027
0.128,-0.104,-1.026
0.13,-0.102,-1.048
0.129,-0.104,-1.041
0.129,-0.103,-1.026
0.126,-0.104,-1.032
0.127,-0.104,-1.038
0.127,-0.104,-1.034
0.129,-0.107,-1.034
0.127,-0.106,-1.036
0.125,-0.105,-1.03
0.126,-0.106,-1.039
0.126,-0.103,-1.036
0.124,-0.105,-1.024
0.127,-0.103,-1.038
0.129,-0.105,-1.042
0.124,-0.105,-1.027
0.126,-0.104,-1.03
0.126,-0.104,-1.037
0.126,-0.103,-1.032
0.128,-0.104,-1.04
0.129,-0.103,-1.033
0.126,-0.104,-1.03
0.126,-0.106,-1.041
0.125,-0.108,-1.04
0.126,-0.106,-1.034
0.128,-0.105,-1.036
0.128,-0.107,-1.038
0.125,-0.107,-1.042
0.127,-0.105,-1.033
0.126,-0.104,-1.031
0.126,-0.104,-1.045
0.127,-0.104,-1.05
0.126,-0.103,-1.028
0.127,-0.103,-1.038
0.128,-0.104,-1.038
0.127,-0.104,-1.034
0.125,-0.104,-1.039
0.126,-0.104,-1.037
0.174,-0.134,-1.278
0.337,-0.238,-1.413
0.329,-0.234,-1.405
0.323,-0.228,-1.395
0.319,-0.227,-1.396
0.316,-0.227,-1.39
0.316,-0.224,-1.377
0.314,-0.223,-1.389
0.313,-0.219,-1.377
0.313,-0.222,-1.373
0.309,-0.222,-1.379
0.311,-0.221,-1.374
0.31,-0.218,-1.363
0.31,-0.219,-1.373
0.309,-0.218,-1.365
0.306,-0.217,-1.362
0.305,-0.217,-1.369
0.307,-0.219,-1.365
0.306,-0.216,-1.357
0.308,-0.214,-1.367
0.308,-0.217,-1.362
0.309,-0.215,-1.353
0.309,-0.214,-1.363
0.307,-0.214,-1.361
0.306,-0.214,-1.349
0.309,-0.214,-1.351
0.306,-0.211,-1.361
0.308,-0.211,-1.354
0.307,-0.213,-1.352
0.307,-0.211,-1.358
0.307,-0.211,-1.355
0.306,-0.213,-1.354
0.307,-0.21,-1.356
0.308,-0.211,-1.348
0.307,-0.211,-1.361
0.306,-0.21,-1.362
0.308,-0.21,-1.344
0.307,-0.21,-1.345
0.305,-0.21,-1.365
0.307,-0.21,-1.348
0.306,-0.212,-1.344
0.307,-0.21,-1.348
0.307,-0.211,-1.349
0.308,-0.211,-1.348
0.304,-0.211,-1.355
0.307,-0.212,-1.342
0.307,-0.21,-1.351
0.308,-0.21,-1.353
0.306,-0.211,-1.348
0.305,-0.212,-1.338
0.305,-0.21,-1.353
0.305,-0.21,-1.35
0.306,-0.209,-1.345
0.305,-0.208,-1.347
0.305,-0.21,-1.349
0.305,-0.21,-1.346
0.305,-0.208,-1.347
0.304,-0.21,-1.348
0.306,-0.207,-1.342
0.306,-0.208,-1.352
0.304,-0.209,-1.35
0.304,-0.208,-1.339
0.303,-0.21,-1.35
0.303,-0.208,-1.349
0.302,-0.207,-1.347
0.302,-0.209,-1.339
0.303,-0.207,-1.353
0.303,-0.207,-1.354
0.301,-0.209,-1.349
0.302,-0.206,-1.341
0.302,-0.209,-1.348
0.3,-0.209,-1.343
0.302,-0.207,-1.355
0.302,-0.209,-1.343
0.301,-0.206,-1.339
0.299,-0.209,-1.343
0.298,-0.209,-1.353
0.298,-0.208,-1.338
0.3,-0.208,-1.342
0.298,-0.209,-1.351
0.297,-0.208,-1.349
0.3,-0.21,-1.343
0.297,-0.21,-1.34
0.297,-0.209,-1.336
0.297,-0.208,-1.35
0.298,-0.208,-1.353
0.298,-0.209,-1.339
0.294,-0.209,-1.34
0.298,-0.208,-1.352
0.298,-0.21,-1.351
0.296,-0.209,-1.338
0.296,-0.208,-1.347
0.295,-0.209,-1.345
0.295,-0.21,-1.34
0.294,-0.211,-1.34
0.296,-0.209,-1.344
0.293,-0.208,-1.342
0.296,-0.211,-1.347
0.296,-0.21,-1.344
0.295,-0.211,-1.339
0.295,-0.208,-1.34
0.295,-0.21,-1.352
0.295,-0.21,-1.338
0.296,-0.207,-1.337
0.296,-0.209,-1.347
0.295,-0.207,-1.347
0.294,-0.21,-1.336
0.296,-0.207,-1.344
0.295,-0.209,-1.337
0.296,-0.208,-1.343
0.295,-0.208,-1.344
0.294,-0.206,-1.335
0.295,-0.21,-1.34
0.295,-0.208,-1.346
0.295,-0.208,-1.341
0.293,-0.209,-1.333
0.295,-0.207,-1.338
0.293,-0.209,-1.345
0.295,-0.208,-1.335
0.295,-0.205,-1.34
0.294,-0.209,-1.345
0.293,-0.21,-1.342
0.294,-0.208,-1.338
0.293,-0.207,-1.342
0.294,-0.209,-1.337
0.293,-0.207,-1.345
0.294,-0.21,-1.341
0.294,-0.21,-1.333
0.294,-0.208,-1.342
0.292,-0.21,-1.345
0.291,-0.21,-1.338
0.292,-0.209,-1.344
0.292,-0.208,-1.342
0.292,-0.209,-1.338
0.295,-0.208,-1.342
0.295,-0.205,-1.338
0.295,-0.205,-1.341
0.293,-0.205,-1.335
0.295,-0.204,-1.344
0.295,-0.203,-1.338
0.296,-0.203,-1.337
0.294,-0.202,-1.344
0.298,-0.205,-1.352
0.299,-0.203,-1.337
0.296,-0.204,-1.335
0.297,-0.204,-1.339
0.295,-0.203,-1.347
0.295,-0.202,-1.339
0.299,-0.203,-1.333
0.297,-0.201,-1.342
0.296,-0.2,-1.348
0.294,-0.201,-1.337
0.296,-0.202,-1.327
0.298,-0.203,-1.345
0.295,-0.203,-1.345
0.295,-0.202,-1.334
0.296,-0.203,-1.336
0.295,-0.202,-1.33
0.296,-0.201,-1.335
0.295,-0.203,-1.343
0.297,-0.203,-1.332
0.297,-0.199,-1.323
0.297,-0.202,-1.34
0.296,-0.202,-1.34
0.295,-0.202,-1.338
0.297,-0.203,-1.332
0.297,-0.203,-1.336
0.297,-0.201,-1.338
0.297,-0.202,-1.333
0.297,-0.203,-1.328
0.3,-0.201,-1.328
0.297,-0.201,-1.333
0.296,-0.202,-1.337
0.298,-0.202,-1.321
0.301,-0.201,-1.329
0.299,-0.202,-1.332
0.3,-0.201,-1.327
0.301,-0.199,-1.336
0.301,-0.202,-1.328
0.301,-0.202,-1.325
0.298,-0.2,-1.332
0.3,-0.202,-1.324
0.301,-0.201,-1.318
0.301,-0.2,-1.336
0.299,-0.203,-1.328
0.3,-0.201,-1.316
0.301,-0.199,-1.319
0.301,-0.202,-1.334
0.302,-0.201,-1.329
0.303,-0.202,-1.324
0.302,-0.201,-1.327
0.301,-0.198,-1.33
0.3,-0.2,-1.326
0.301,-0.202,-1.337
0.302,-0.201,-1.325
0.301,-0.201,-1.323
0.301,-0.199,-1.333
0.299,-0.2,-1.331
0.3,-0.202,-1.33
0.299,-0.201,-1.338
0.302,-0.202,-1.323
0.301,-0.2,-1.329
0.3,-0.201,-1.33
0.301,-0.199,-1.328
0.3,-0.202,-1.329
0.301,-0.202,-1.332
0.299,-0.201,-1.33
0.3,-0.201,-1.32
0.3,-0.202,-1.333
0.297,-0.202,-1.336
0.296,-0.202,-1.321
0.298,-0.197,-1.332
0.298,-0.2,-1.334
0.297,-0.201,-1.333
0.298,-0.202,-1.331
0.298,-0.204,-1.326
0.298,-0.201,-1.329
0.296,-0.202,-1.34
0.293,-0.201,-1.332
0.296,-0.203,-1.324
0.297,-0.201,-1.327
0.298,-0.202,-1.337
0.295,-0.202,-1.329
0.295,-0.201,-1.327
0.296,-0.205,-1.325
0.297,-0.2,-1.331
0.295,-0.204,-1.333
0.294,-0.205,-1.336
0.293,-0.202,-1.328
0.295,-0.204,-1.332
0.296,-0.202,-1.34
0.294,-0.203,-1.331
0.294,-0.203,-1.331
0.296,-0.203,-1.344
0.295,-0.206,-1.337
0.292,-0.205,-1.339
0.291,-0.207,-1.338
0.293,-0.205,-1.333
0.294,-0.204,-1.338
0.292,-0.206,-1.347
0.293,-0.203,-1.338
0.295,-0.205,-1.335
0.292,-0.205,-1.331
0.291,-0.204,-1.338
0.292,-0.203,-1.334
0.292,-0.203,-1.336
0.291,-0.206,-1.343
0.291,-0.204,-1.334
0.29,-0.204,-1.331
0.293,-0.204,-1.34
0.291,-0.204,-1.34
0.291,-0.205,-1.337
0.292,-0.203,-1.333
0.291,-0.205,-1.334
0.294,-0.203,-1.339
0.292,-0.205,-1.334
0.293,-0.207,-1.336
0.292,-0.206,-1.344
0.293,-0.204,-1.336
0.293,-0.205,-1.337
0.293,-0.206,-1.337
0.295,-0.205,-1.34
0.294,-0.204,-1.34
0.293,-0.204,-1.34
0.294,-0.206,-1.326
0.294,-0.202,-1.334
0.295,-0.204,-1.339
0.293,-0.206,-1.344
0.293,-0.204,-1.33
0.295,-0.206,-1.342
0.294,-0.206,-1.344
0.295,-0.204,-1.34
0.296,-0.203,-1.342
0.297,-0.203,-1.34
0.296,-0.203,-1.344
0.296,-0.205,-1.344
0.295,-0.202,-1.335
0.295,-0.202,-1.337
0.297,-0.203,-1.339
0.295,-0.202,-1.34
0.299,-0.205,-1.328
0.299,-0.205,-1.328
0.298,-0.205,-1.335
0.298,-0.206,-1.341
0.297,-0.203,-1.338
0.297,-0.205,-1.332
0.298,-0.206,-1.335
0.299,-0.203,-1.339
0.299,-0.206,-1.337
0.298,-0.205,-1.335
0.3,-0.206,-1.338
0.299,-0.205,-1.346
0.298,-0.205,-1.336
0.299,-0.205,-1.334
0.298,-0.206,-1.331
0.297,-0.206,-1.344
0.296,-0.207,-1.338
0.301,-0.206,-1.336
0.298,-0.207,-1.327
0.296,-0.207,-1.342
0.296,-0.207,-1.334
0.297,-0.207,-1.329
0.297,-0.204,-1.338
0.294,-0.208,-1.342
0.296,-0.208,-1.332
0.294,-0.205,-1.33
0.293,-0.207,-1.334
0.293,-0.205,-1.343
0.297,-0.206,-1.333
0.296,-0.204,-1.335
0.296,-0.206,-1.32
0.296,-0.205,-1.342
0.293,-0.203,-1.341
0.296,-0.205,-1.343
0.297,-0.205,-1.322
0.295,-0.205,-1.343
0.292,-0.206,-1.34
0.293,-0.205,-1.344
0.294,-0.206,-1.334
0.295,-0.204,-1.336
0.296,-0.204,-1.343
0.293,-0.206,-1.347
0.295,-0.204,-1.333
0.295,-0.206,-1.333
0.295,-0.206,-1.344
0.294,-0.207,-1.344
0.294,-0.207,-1.335
0.296,-0.205,-1.333
0.295,-0.205,-1.339
0.295,-0.208,-1.347
0.295,-0.205,-1.337
0.296,-0.207,-1.334
0.297,-0.206,-1.345
0.295,-0.205,-1.338
0.296,-0.207,-1.34
0.295,-0.205,-1.338
0.297,-0.207,-1.344
0.297,-0.206,-1.339
0.296,-0.206,-1.34
0.297,-0.205,-1.338
0.297,-0.204,-1.338
0.296,-0.207,-1.345
0.298,-0.205,-1.341
0.298,-0.205,-1.331
0.297,-0.207,-1.342
0.297,-0.205,-1.342
0.298,-0.203,-1.34
0.299,-0.207,-1.337
0.301,-0.206,-1.342
0.301,-0.206,-1.341
0.3,-0.203,-1.336
0.301,-0.204,-1.336
0.298,-0.207,-1.343
0.302,-0.205,-1.336
0.302,-0.207,-1.337
0.304,-0.206,-1.335
0.302,-0.206,-1.345
0.303,-0.205,-1.341
0.304,-0.201,-1.333
0.302,-0.206,-1.334
0.301,-0.203,-1.343
0.303,-0.203,-1.339
0.304,-0.205,-1.33
0.305,-0.203,-1.338
0.304,-0.202,-1.343
0.305,-0.205,-1.343
0.305,-0.203,-1.338
0.305,-0.204,-1.335
0.306,-0.202,-1.339
0.305,-0.202,-1.348
0.305,-0.203,-1.335
0.306,-0.202,-1.335
0.304,-0.203,-1.335
0.304,-0.202,-1.345
0.306,-0.203,-1.339
0.307,-0.203,-1.329
0.307,-0.203,-1.337
0.309,-0.202,-1.343
0.305,-0.202,-1.336
0.307,-0.204,-1.329
0.308,-0.202,-1.338
0.307,-0.205,-1.342
0.306,-0.204,-1.336
0.304,-0.205,-1.336
0.309,-0.202,-1.332
0.308,-0.203,-1.337
0.306,-0.202,-1.343
0.308,-0.207,-1.335
0.308,-0.205,-1.333
0.309,-0.207,-1.34
0.307,-0.207,-1.349
0.306,-0.204,-1.339
0.307,-0.206,-1.338
0.307,-0.203,-1.337
0.307,-0.206,-1.347
0.308,-0.203,-1.338
0.309,-0.204,-1.335
0.308,-0.203,-1.335
0.308,-0.205,-1.344
0.305,-0.205,-1.342
0.31,-0.203,-1.334
0.308,-0.204,-1.336
0.307,-0.202,-1.341
0.307,-0.206,-1.348
0.308,-0.204,-1.331
0.307,-0.206,-1.334
0.306,-0.203,-1.343
0.305,-0.206,-1.346
0.305,-0.206,-1.325
0.308,-0.21,-1.341
0.308,-0.208,-1.34
0.308,-0.208,-1.339
0.305,-0.21,-1.33
0.305,-0.209,-1.337
0.306,-0.208,-1.331
0.306,-0.209,-1.34
0.304,-0.208,-1.332
0.305,-0.208,-1.344
0.306,-0.209,-1.33
0.306,-0.206,-1.342
0.304,-0.209,-1.342
0.303,-0.206,-1.337
0.304,-0.208,-1.336
0.305,-0.207,-1.345
0.304,-0.206,-1.342
0.303,-0.207,-1.341
0.302,-0.205,-1.345
0.301,-0.208,-1.344
0.303,-0.205,-1.344
0.304,-0.207,-1.343
0.298,-0.206,-1.344
0.3,-0.206,-1.341
0.304,-0.206,-1.345
0.302,-0.206,-1.343
0.3,-0.208,-1.341
0.3,-0.203,-1.343
0.299,-0.208,-1.345
0.298,-0.205,-1.343
0.299,-0.207,-1.344
0.297,-0.207,-1.349
0.301,-0.208,-1.338
0.299,-0.207,-1.335
0.299,-0.208,-1.334
0.298,-0.208,-1.346
0.298,-0.209,-1.352
0.3,-0.206,-1.335
0.301,-0.208,-1.334
0.298,-0.208,-1.347
0.299,-0.208,-1.345
0.299,-0.209,-1.337
0.3,-0.21,-1.335
0.297,-0.209,-1.345
0.3,-0.209,-1.347
0.3,-0.208,-1.34
0.299,-0.21,-1.339
0.299,-0.209,-1.342
0.297,-0.21,-1.35
0.297,-0.208,-1.345
0.298,-0.209,-1.341
0.298,-0.21,-1.341
0.3,-0.209,-1.349
0.298,-0.211,-1.352
0.297,-0.21,-1.333
0.3,-0.21,-1.33
0.3,-0.21,-1.348
0.297,-0.208,-1.348
0.297,-0.211,-1.34
0.3,-0.208,-1.337
0.299,-0.21,-1.344
0.299,-0.21,-1.345
0.299,-0.209,-1.34
0.302,-0.208,-1.338
0.299,-0.211,-1.344
0.3,-0.208,-1.347
0.298,-0.211,-1.344
0.301,-0.208,-1.333
0.299,-0.21,-1.348
0.298,-0.207,-1.345
0.299,-0.208,-1.342
0.298,-0.209,-1.338
0.298,-0.208,-1.341
0.298,-0.208,-1.342
0.297,-0.207,-1.349
0.301,-0.206,-1.339
0.299,-0.207,-1.344
0.299,-0.204,-1.34
0.299,-0.207,-1.349
0.301,-0.204,-1.338
0.3,-0.208,-1.338
0.3,-0.205,-1.345
0.298,-0.206,-1.349
0.299,-0.203,-1.342
0.301,-0.206,-1.341
0.301,-0.205,-1.339
0.299,-0.21,-1.341
0.299,-0.206,-1.342
0.299,-0.21,-1.342
0.301,-0.208,-1.338
0.301,-0.211,-1.345
0.299,-0.208,-1.333
0.3,-0.21,-1.339
0.443,-0.308,-1.678
0.522,-0.365,-1.774
0.517,-0.357,-1.736
0.512,-0.352,-1.741
0.511,-0.353,-1.742
0.507,-0.348,-1.732
0.507,-0.348,-1.723
0.505,-0.346,-1.724
0.502,-0.342,-1.719
0.505,-0.345,-1.718
0.502,-0.344,-1.721
0.502,-0.341,-1.711
0.501,-0.34,-1.716
0.501,-0.34,-1.717
0.497,-0.337,-1.709
0.5,-0.338,-1.705
0.5,-0.335,-1.708
0.497,-0.334,-1.71
0.498,-0.336,-1.71
0.498,-0.334,-1.71
0.495,-0.335,-1.703
0.497,-0.332,-1.7
0.493,-0.333,-1.713
0.492,-0.334,-1.704
0.492,-0.332,-1.7
0.494,-0.335,-1.704
0.491,-0.333,-1.708
0.492,-0.331,-1.701
0.492,-0.332,-1.7
0.492,-0.329,-1.703
0.492,-0.333,-1.705
0.491,-0.33,-1.701
0.491,-0.333,-1.692
0.489,-0.329,-1.7
0.491,-0.33,-1.706
0.488,-0.332,-1.693
0.491,-0.327,-1.693
0.488,-0.333,-1.694
0.489,-0.328,-1.703
0.489,-0.33,-1.7
0.486,-0.331,-1.692
0.488,-0.33,-1.692
0.488,-0.33,-1.697
0.486,-0.329,-1.693
0.488,-0.33,-1.689
0.49,-0.326,-1.689
0.488,-0.329,-1.695
0.487,-0.327,-1.695
0.485,-0.331,-1.689
0.486,-0.329,-1.689
0.488,-0.329,-1.698
0.484,-0.33,-1.695
0.484,-0.326,-1.687
0.485,-0.33,-1.693
0.483,-0.327,-1.689
0.485,-0.329,-1.692
0.484,-0.329,-1.685
0.484,-0.329,-1.693
0.484,-0.33,-1.687
0.482,-0.327,-1.694
0.484,-0.33,-1.687
0.486,-0.328,-1.684
0.485,-0.327,-1.685
0.482,-0.327,-1.696
0.484,-0.329,-1.689
0.485,-0.327,-1.687
0.485,-0.327,-1.687
0.484,-0.329,-1.692
0.484,-0.326,-1.688
0.485,-0.327,-1.682
0.484,-0.327,-1.685
0.486,-0.328,-1.693
0.485,-0.328,-1.683
0.482,-0.327,-1.683
0.484,-0.327,-1.685
0.482,-0.329,-1.689
0.482,-0.327,-1.687
0.484,-0.328,-1.677
0.484,-0.327,-1.676
0.484,-0.328,-1.686
0.48,-0.329,-1.686
0.482,-0.327,-1.687
0.482,-0.329,-1.675
0.484,-0.326,-1.681
0.483,-0.326,-1.685
0.483,-0.33,-1.685
0.481,-0.327,-1.676
0.48,-0.328,-1.685
0.483,-0.327,-1.68
0.481,-0.33,-1.685
0.481,-0.329,-1.679
0.481,-0.326,-1.681
0.482,-0.329,-1.683
0.48,-0.329,-1.687
0.48,-0.325,-1.682
0.479,-0.327,-1.679
0.48,-0.327,-1.678
0.481,-0.325,-1.688
0.479,-0.325,-1.686
0.478,-0.323,-1.68
0.479,-0.324,-1.675
0.48,-0.326,-1.683
0.478,-0.324,-1.685
0.479,-0.325,-1.677
0.479,-0.323,-1.676
0.478,-0.321,-1.685
0.477,-0.326,-1.678
0.475,-0.324,-1.67
0.476,-0.322,-1.691
0.478,-0.323,-1.683
0.475,-0.323,-1.673
0.475,-0.323,-1.675
0.474,-0.326,-1.683
0.474,-0.323,-1.685
0.474,-0.326,-1.68
0.474,-0.325,-1.671
0.472,-0.324,-1.688
0.473,-0.326,-1.675
0.474,-0.324,-1.674
0.475,-0.323,-1.668
0.472,-0.325,-1.686
0.473,-0.322,-1.685
0.472,-0.323,-1.678
0.472,-0.325,-1.667
0.472,-0.325,-1.683
0.474,-0.326,-1.679
0.472,-0.323,-1.68
0.47,-0.325,-1.675
0.471,-0.326,-1.68
0.471,-0.322,-1.676
0.472,-0.325,-1.675
0.471,-0.326,-1.678
0.47,-0.325,-1.671
0.473,-0.327,-1.68
0.473,-0.327,-1.679
0.47,-0.325,-1.677
0.471,-0.328,-1.676
0.473,-0.324,-1.672
0.474,-0.326,-1.681
0.471,-0.325,-1.679
0.471,-0.324,-1.671
0.471,-0.326,-1.679
0.474,-0.326,-1.675
0.472,-0.323,-1.68
0.473,-0.327,-1.675
0.473,-0.325,-1.672
0.475,-0.324,-1.68
0.472,-0.326,-1.675
0.473,-0.328,-1.67
0.474,-0.323,-1.68
0.471,-0.325,-1.679
0.474,-0.322,-1.677
0.475,-0.324,-1.668
0.473,-0.325,-1.671
0.472,-0.322,-1.679
0.472,-0.324,-1.672
0.475,-0.324,-1.671
0.472,-0.323,-1.674
0.473,-0.324,-1.672
0.474,-0.319,-1.675
0.473,-0.323,-1.67
0.475,-0.323,-1.673
0.473,-0.319,-1.675
0.474,-0.318,-1.673
0.473,-0.318,-1.668
0.477,-0.321,-1.668
0.475,-0.32,-1.672
0.477,-0.319,-1.679
0.473,-0.322,-1.666
0.475,-0.32,-1.664
0.475,-0.321,-1.672
0.474,-0.317,-1.679
0.475,-0.319,-1.67
0.475,-0.318,-1.671
0.476,-0.319,-1.669
0.474,-0.317,-1.676
0.474,-0.32,-1.668
0.474,-0.319,-1.664
0.475,-0.317,-1.671
0.472,-0.318,-1.681
0.473,-0.318,-1.673
0.472,-0.318,-1.661
0.475,-0.319,-1.665
0.471,-0.318,-1.674
0.472,-0.315,-1.672
0.473,-0.316,-1.667
0.471,-0.315,-1.662
0.474,-0.317,-1.672
0.474,-0.317,-1.664
0.473,-0.318,-1.662
0.471,-0.318,-1.659
0.472,-0.316,-1.674
0.47,-0.32,-1.666
0.472,-0.319,-1.659
0.474,-0.318,-1.664
0.471,-0.319,-1.67
0.471,-0.317,-1.669
0.472,-0.317,-1.673
0.472,-0.319,-1.661
0.471,-0.317,-1.667
0.473,-0.319,-1.67
0.472,-0.316,-1.668
0.472,-0.316,-1.659
0.471,-0.317,-1.667
0.471,-0.316,-1.668
0.47,-0.319,-1.67
0.472,-0.321,-1.659
0.475,-0.319,-1.663
0.473,-0.321,-1.669
0.47,-0.32,-1.663
0.472,-0.319,-1.662
0.473,-0.318,-1.655
0.472,-0.32,-1.664
0.471,-0.316,-1.666
0.473,-0.32,-1.659
0.473,-0.315,-1.661
0.472,-0.316,-1.666
0.472,-0.319,-1.665
0.471,-0.319,-1.664
0.472,-0.318,-1.659
0.474,-0.316,-1.664
0.472,-0.318,-1.669
0.47,-0.319,-1.665
0.472,-0.317,-1.66
0.471,-0.319,-1.666
0.474,-0.317,-1.671
0.472,-0.317,-1.665
0.471,-0.319,-1.662
0.471,-0.318,-1.66
0.472,-0.318,-1.666
0.47,-0.319,-1.668
0.47,-0.317,-1.667
0.471,-0.319,-1.669
0.47,-0.32,-1.665
0.469,-0.316,-1.66
0.471,-0.318,-1.666
0.468,-0.318,-1.669
0.469,-0.317,-1.668
0.47,-0.32,-1.659
0.467,-0.317,-1.661
0.468,-0.32,-1.661
0.469,-0.318,-1.666
0.468,-0.317,-1.66
0.469,-0.322,-1.659
0.467,-0.319,-1.662
0.47,-0.319,-1.667
0.467,-0.319,-1.657
0.466,-0.32,-1.663
0.469,-0.319,-1.659
0.467,-0.316,-1.662
0.469,-0.318,-1.658
0.467,-0.318,-1.658
0.466,-0.318,-1.655
0.467,-0.318,-1.669
0.469,-0.317,-1.665
0.47,-0.318,-1.655
0.469,-0.317,-1.653
0.468,-0.317,-1.666
0.468,-0.319,-1.667
0.469,-0.318,-1.661
0.47,-0.318,-1.652
0.469,-0.318,-1.664
0.467,-0.317,-1.667
0.468,-0.316,-1.657
0.469,-0.318,-1.651
0.468,-0.316,-1.662
0.468,-0.317,-1.666
0.469,-0.318,-1.659
0.466,-0.316,-1.651
0.467,-0.318,-1.659
0.467,-0.315,-1.662
0.467,-0.32,-1.664
0.466,-0.316,-1.651
0.465,-0.318,-1.655
0.466,-0.317,-1.664
0.466,-0.314,-1.662
0.467,-0.318,-1.647
0.469,-0.313,-1.655
0.465,-0.317,-1.661
0.467,-0.317,-1.657
0.469,-0.315,-1.649
0.467,-0.316,-1.653
0.467,-0.314,-1.662
0.466,-0.316,-1.661
0.466,-0.317,-1.65
0.469,-0.315,-1.653
0.468,-0.315,-1.663
0.467,-0.316,-1.662
0.465,-0.317,-1.658
0.467,-0.315,-1.653
0.468,-0.316,-1.658
0.466,-0.317,-1.658
0.466,-0.314,-1.657
0.467,-0.316,-1.658
0.465,-0.315,-1.661
0.466,-0.312,-1.667
0.467,-0.314,-1.645
0.466,-0.314,-1.651
0.467,-0.312,-1.664
0.467,-0.313,-1.665
0.468,-0.312,-1.652
0.467,-0.312,-1.652
0.469,-0.311,-1.659
0.465,-0.313,-1.662
0.465,-0.314,-1.653
0.465,-0.312,-1.654
0.464,-0.312,-1.661
0.466,-0.312,-1.66
0.469,-0.313,-1.649
0.467,-0.314,-1.65
0.466,-0.311,-1.661
0.465,-0.31,-1.664
0.466,-0.31,-1.655
0.466,-0.312,-1.645
0.463,-0.31,-1.652
0.465,-0.311,-1.658
0.466,-0.312,-1.657
0.465,-0.31,-1.649
0.463,-0.309,-1.651
0.466,-0.31,-1.663
0.465,-0.31,-1.654
0.469,-0.309,-1.651
0.466,-0.307,-1.651
0.467,-0.311,-1.66
0.466,-0.311,-1.655
0.468,-0.306,-1.652
0.468,-0.307,-1.647
0.467,-0.306,-1.654
0.465,-0.309,-1.659
0.467,-0.307,-1.645
0.469,-0.306,-1.641
0.468,-0.306,-1.649
0.465,-0.308,-1.653
0.464,-0.307,-1.646
0.466,-0.307,-1.643
0.465,-0.307,-1.647
0.467,-0.311,-1.646
0.467,-0.308,-1.643
0.467,-0.306,-1.643
0.467,-0.307,-1.649
0.468,-0.309,-1.647
0.467,-0.308,-1.646
0.467,-0.31,-1.638
0.466,-0.311,-1.639
0.467,-0.31,-1.651
0.469,-0.31,-1.647
0.469,-0.311,-1.64
0.466,-0.313,-1.648
0.468,-0.313,-1.65
0.467,-0.311,-1.644
0.468,-0.311,-1.637
0.468,-0.315,-1.646
0.469,-0.314,-1.648
0.469,-0.312,-1.645
0.467,-0.311,-1.64
0.469,-0.31,-1.639
0.467,-0.311,-1.646
0.468,-0.312,-1.645
0.47,-0.311,-1.64
0.47,-0.312,-1.643
0.466,-0.312,-1.649
0.466,-0.31,-1.649
0.466,-0.31,-1.64
0.469,-0.312,-1.641
0.468,-0.312,-1.649
0.467,-0.311,-1.649
0.467,-0.309,-1.641
0.468,-0.31,-1.641
0.467,-0.311,-1.649
0.465,-0.308,-1.65
0.467,-0.308,-1.638
0.466,-0.308,-1.643
0.466,-0.309,-1.647
0.464,-0.309,-1.645
0.465,-0.305,-1.645
0.464,-0.306,-1.644
0.464,-0.308,-1.646
0.465,-0.305,-1.646
0.464,-0.307,-1.64
0.465,-0.306,-1.643
0.462,-0.304,-1.645
0.462,-0.308,-1.644
0.464,-0.308,-1.643
0.463,-0.304,-1.639
0.465,-0.303,-1.648
0.46,-0.305,-1.645
0.463,-0.305,-1.644
0.462,-0.305,-1.644
0.462,-0.304,-1.645
0.461,-0.307,-1.645
0.462,-0.308,-1.646
0.462,-0.304,-1.637
0.461,-0.304,-1.641
0.46,-0.302,-1.647
0.46,-0.304,-1.64
0.458,-0.304,-1.636
0.461,-0.304,-1.64
0.46,-0.307,-1.65
0.462,-0.302,-1.643
0.461,-0.303,-1.638
0.461,-0.305,-1.636
0.461,-0.307,-1.644
0.462,-0.306,-1.639
0.462,-0.303,-1.639
0.462,-0.305,-1.637
0.463,-0.305,-1.639
0.463,-0.304,-1.642
0.461,-0.304,-1.63
0.463,-0.305,-1.634
0.461,-0.304,-1.642
0.46,-0.304,-1.648
0.462,-0.305,-1.637
0.464,-0.304,-1.627
0.463,-0.302,-1.641
0.463,-0.304,-1.645
0.462,-0.305,-1.633
0.463,-0.303,-1.632
0.462,-0.303,-1.649
0.463,-0.303,-1.641
0.463,-0.306,-1.635
0.462,-0.302,-1.634
0.463,-0.304,-1.64
0.461,-0.305,-1.647
0.463,-0.303,-1.636
0.463,-0.304,-1.632
0.462,-0.304,-1.646
0.462,-0.305,-1.64
0.463,-0.303,-1.639
0.462,-0.303,-1.634
0.463,-0.304,-1.643
0.461,-0.305,-1.645
0.464,-0.303,-1.637
0.463,-0.301,-1.634
0.463,-0.302,-1.642
0.462,-0.306,-1.643
0.462,-0.303,-1.635
0.464,-0.301,-1.635
0.464,-0.302,-1.641
0.464,-0.303,-1.64
0.463,-0.304,-1.642
0.464,-0.301,-1.635
0.465,-0.305,-1.639
0.463,-0.303,-1.638
0.462,-0.3,-1.635
0.464,-0.301,-1.633
0.465,-0.297,-1.639
0.463,-0.302,-1.641
0.465,-0.302,-1.638
0.464,-0.302,-1.634
0.463,-0.298,-1.635
0.463,-0.301,-1.641
0.463,-0.3,-1.641
0.462,-0.302,-1.642
0.465,-0.302,-1.633
0.467,-0.3,-1.633
0.465,-0.303,-1.644
0.465,-0.303,-1.641
0.463,-0.303,-1.638
0.462,-0.302,-1.64
0.464,-0.302,-1.638
0.462,-0.302,-1.637
0.463,-0.3,-1.635
0.461,-0.299,-1.634
0.464,-0.299,-1.646
0.462,-0.302,-1.641
0.463,-0.302,-1.627
0.462,-0.303,-1.631
0.461,-0.301,-1.641
0.463,-0.3,-1.639
0.464,-0.301,-1.635
0.462,-0.3,-1.631
0.463,-0.297,-1.637
0.463,-0.301,-1.643
0.463,-0.299,-1.636
0.463,-0.3,-1.633
0.463,-0.299,-1.642
0.466,-0.298,-1.646
0.463,-0.298,-1.633
0.461,-0.301,-1.631
0.463,-0.299,-1.635
0.463,-0.301,-1.647
0.464,-0.299,-1.635
0.465,-0.298,-1.633
0.462,-0.298,-1.639
0.463,-0.301,-1.637
0.462,-0.301,-1.64
0.461,-0.299,-1.633
0.463,-0.299,-1.64
0.463,-0.299,-1.643
0.462,-0.3,-1.638
0.462,-0.301,-1.635
0.463,-0.302,-1.635
0.46,-0.3,-1.646
0.463,-0.3,-1.638
0.464,-0.3,-1.635
0.464,-0.299,-1.631
0.463,-0.3,-1.644
0.463,-0.299,-1.637
0.462,-0.301,-1.638
0.462,-0.3,-1.638
0.462,-0.301,-1.641
0.666,-0.451,-2.093
0.682,-0.46,-2.03
0.679,-0.456,-2.057
0.674,-0.452,-2.057
0.672,-0.452,-2.038
0.671,-0.449,-2.028
0.672,-0.448,-2.027
0.668,-0.444,-2.035
0.667,-0.443,-2.028
0.668,-0.444,-2.022
0.666,-0.443,-2.019
0.664,-0.444,-2.029
0.663,-0.443,-2.026
0.663,-0.442,-2.02
0.663,-0.443,-2.021
0.662,-0.44,-2.024
0.66,-0.443,-2.021
0.661,-0.44,-2.015
0.662,-0.437,-2.01
0.66,-0.437,-2.02
0.66,-0.437,-2.017
0.659,-0.438,-2.011
0.659,-0.437,-2.008
0.661,-0.435,-2.019
0.658,-0.436,-2.01
0.658,-0.436,-2.007
0.657,-0.432,-2.01
0.658,-0.433,-2.01
0.659,-0.434,-2.01
0.654,-0.432,-2.004
0.656,-0.432,-1.998
0.657,-0.432,-2.008
0.655,-0.431,-2.015
0.654,-0.431,-2.004
0.656,-0.431,-2
0.655,-0.428,-1.998
0.654,-0.433,-2.009
0.656,-0.432,-2.003
0.655,-0.431,-1.992
0.656,-0.429,-2
0.656,-0.43,-2.008
0.656,-0.43,-2.004
0.653,-0.43,-1.996
0.654,-0.431,-1.996
0.655,-0.43,-2.008
0.651,-0.43,-2.004
0.652,-0.43,-1.999
0.653,-0.43,-1.998
0.651,-0.428,-2.004
0.652,-0.43,-2.003
0.65,-0.43,-2.002
0.65,-0.43,-1.997
0.649,-0.428,-1.994
0.65,-0.427,-2.002
0.651,-0.427,-1.995
0.648,-0.43,-1.996
0.651,-0.428,-1.996
0.648,-0.429,-1.998
0.648,-0.428,-2.001
0.651,-0.428,-1.992
0.648,-0.427,-1.994
0.647,-0.428,-1.998
0.648,-0.427,-1.996
0.649,-0.428,-1.987
0.648,-0.427,-1.994
0.648,-0.427,-1.987
0.646,-0.428,-1.992
0.645,-0.429,-1.992
0.644,-0.428,-1.988
0.649,-0.431,-1.984
0.646,-0.427,-1.988
0.645,-0.428,-1.982
0.646,-0.428,-1.988
0.647,-0.427,-1.992
0.646,-0.429,-1.991
0.647,-0.429,-1.976
0.646,-0.43,-1.986
0.646,-0.428,-1.986
0.646,-0.43,-1.983
0.644,-0.428,-1.982
0.646,-0.427,-1.994
0.646,-0.428,-1.987
0.643,-0.429,-1.988
0.646,-0.425,-1.975
0.646,-0.425,-1.984
0.645,-0.426,-1.988
0.644,-0.426,-1.984
0.647,-0.425,-1.975
0.646,-0.428,-1.977
0.645,-0.427,-1.992
0.644,-0.424,-1.977
0.644,-0.424,-1.973
0.646,-0.426,-1.979
0.643,-0.424,-1.98
0.644,-0.424,-1.983
0.643,-0.428,-1.974
0.643,-0.426,-1.969
0.644,-0.426,-1.984
0.644,-0.426,-1.982
0.644,-0.423,-1.972
0.644,-0.426,-1.972
0.642,-0.425,-1.976
0.644,-0.424,-1.978
0.645,-0.425,-1.977
0.645,-0.424,-1.967
0.646,-0.423,-1.971
0.643,-0.421,-1.978
0.643,-0.424,-1.973
0.642,-0.424,-1.967
0.644,-0.423,-1.97
0.644,-0.424,-1.982
0.642,-0.426,-1.976
0.642,-0.425,-1.965
0.645,-0.422,-1.971
0.643,-0.425,-1.979
0.643,-0.424,-1.979
0.644,-0.422,-1.97
0.642,-0.42,-1.962
0.643,-0.422,-1.97
0.643,-0.422,-1.977
0.643,-0.422,-1.967
0.644,-0.425,-1.964
0.644,-0.423,-1.974
0.641,-0.425,-1.977
0.643,-0.426,-1.961
0.643,-0.423,-1.963
0.645,-0.422,-1.971
0.644,-0.422,-1.976
0.643,-0.424,-1.968
0.643,-0.422,-1.959
0.643,-0.423,-1.965
0.64,-0.424,-1.971
0.643,-0.423,-1.971
0.643,-0.424,-1.961
0.645,-0.424,-1.963
0.642,-0.424,-1.967
0.641,-0.423,-1.962
0.641,-0.423,-1.957
0.643,-0.424,-1.969
0.64,-0.425,-1.969
0.641,-0.422,-1.962
0.641,-0.423,-1.959
0.642,-0.422,-1.96
0.64,-0.421,-1.971
0.642,-0.422,-1.96
0.638,-0.423,-1.963
0.641,-0.424,-1.962
0.638,-0.424,-1.965
0.638,-0.425,-1.964
0.64,-0.422,-1.962
0.64,-0.424,-1.96
0.641,-0.422,-1.959
0.639,-0.422,-1.96
0.637,-0.423,-1.96
0.638,-0.422,-1.959
0.636,-0.424,-1.955
0.636,-0.424,-1.963
0.636,-0.425,-1.959
0.637,-0.424,-1.953
0.638,-0.421,-1.96
0.635,-0.423,-1.959
0.636,-0.421,-1.957
0.635,-0.423,-1.953
0.634,-0.424,-1.957
0.634,-0.426,-1.963
0.633,-0.424,-1.955
0.634,-0.423,-1.95
0.633,-0.422,-1.96
0.633,-0.424,-1.963
0.634,-0.422,-1.956
0.635,-0.421,-1.953
0.632,-0.42,-1.956
0.632,-0.424,-1.96
0.632,-0.423,-1.957
0.632,-0.423,-1.952
0.631,-0.42,-1.956
0.631,-0.423,-1.96
0.632,-0.42,-1.958
0.632,-0.423,-1.951
0.633,-0.423,-1.952
0.63,-0.422,-1.959
0.629,-0.421,-1.958
0.63,-0.422,-1.951
0.629,-0.422,-1.95
0.629,-0.42,-1.959
0.631,-0.422,-1.957
0.629,-0.421,-1.949
0.629,-0.419,-1.954
0.629,-0.42,-1.96
0.629,-0.419,-1.958
0.63,-0.42,-1.946
0.63,-0.419,-1.953
0.631,-0.422,-1.959
0.63,-0.42,-1.96
0.629,-0.419,-1.948
0.628,-0.421,-1.944
0.63,-0.42,-1.953
0.631,-0.419,-1.958
0.629,-0.42,-1.95
0.628,-0.42,-1.948
0.628,-0.419,-1.948
0.63,-0.414,-1.955
0.63,-0.416,-1.953
0.629,-0.417,-1.947
0.629,-0.417,-1.954
0.63,-0.417,-1.959
0.628,-0.415,-1.952
0.632,-0.416,-1.948
0.629,-0.416,-1.953
0.627,-0.416,-1.965
0.627,-0.419,-1.953
0.627,-0.417,-1.946
0.629,-0.414,-1.946
0.627,-0.416,-1.955
0.628,-0.418,-1.956
0.629,-0.415,-1.944
0.628,-0.416,-1.947
0.628,-0.416,-1.953
0.628,-0.418,-1.956
0.628,-0.415,-1.94
0.628,-0.414,-1.946
0.628,-0.414,-1.955
0.627,-0.414,-1.949
0.627,-0.414,-1.944
0.627,-0.415,-1.937
0.629,-0.416,-1.959
0.628,-0.414,-1.944
0.627,-0.415,-1.94
0.628,-0.415,-1.94
0.632,-0.416,-1.956
0.628,-0.416,-1.946
0.627,-0.416,-1.948
0.63,-0.414,-1.942
0.628,-0.414,-1.952
0.628,-0.417,-1.942
0.629,-0.416,-1.95
0.631,-0.417,-1.935
0.629,-0.416,-1.946
0.628,-0.416,-1.946
0.629,-0.416,-1.948
0.63,-0.416,-1.935
0.631,-0.415,-1.943
0.63,-0.415,-1.943
0.629,-0.415,-1.947
0.63,-0.416,-1.935
0.63,-0.415,-1.943
0.629,-0.413,-1.948
0.629,-0.416,-1.946
0.629,-0.414,-1.936
0.629,-0.415,-1.945
0.631,-0.414,-1.95
0.63,-0.415,-1.946
0.629,-0.412,-1.939
0.63,-0.413,-1.939
0.631,-0.41,-1.944
0.632,-0.413,-1.949
0.629,-0.412,-1.939
0.63,-0.411,-1.939
0.63,-0.412,-1.949
0.628,-0.413,-1.944
0.632,-0.414,-1.93
0.632,-0.412,-1.933
0.633,-0.414,-1.953
0.629,-0.416,-1.949
0.628,-0.414,-1.925
0.632,-0.414,-1.935
0.631,-0.413,-1.949
0.629,-0.413,-1.944
0.631,-0.412,-1.931
0.63,-0.413,-1.936
0.629,-0.412,-1.944
0.63,-0.412,-1.945
0.629,-0.411,-1.933
0.631,-0.411,-1.936
0.63,-0.41,-1.947
0.627,-0.412,-1.941
0.63,-0.41,-1.935
0.632,-0.41,-1.939
0.628,-0.41,-1.939
0.628,-0.411,-1.949
0.627,-0.411,-1.933
0.627,-0.412,-1.938
0.629,-0.41,-1.937
0.627,-0.409,-1.947
0.626,-0.409,-1.937
0.624,-0.411,-1.936
0.627,-0.411,-1.94
0.628,-0.409,-1.94
0.627,-0.408,-1.927
0.626,-0.41,-1.927
0.625,-0.41,-1.932
0.625,-0.409,-1.943
0.627,-0.41,-1.927
0.626,-0.41,-1.93
0.628,-0.408,-1.933
0.626,-0.411,-1.944
0.627,-0.411,-1.922
0.628,-0.408,-1.922
0.625,-0.408,-1.936
0.626,-0.408,-1.954
0.625,-0.411,-1.933
0.626,-0.411,-1.928
0.625,-0.41,-1.943
0.625,-0.41,-1.935
0.624,-0.408,-1.938
0.624,-0.41,-1.923
0.624,-0.411,-1.939
0.622,-0.411,-1.94
0.625,-0.411,-1.93
0.624,-0.409,-1.925
0.625,-0.41,-1.94
0.623,-0.41,-1.937
0.622,-0.407,-1.927
0.624,-0.408,-1.932
0.623,-0.409,-1.941
0.623,-0.411,-1.929
0.622,-0.412,-1.938
0.624,-0.409,-1.934
0.624,-0.408,-1.929
0.622,-0.409,-1.932
0.621,-0.408,-1.927
0.622,-0.409,-1.933
0.623,-0.41,-1.929
0.623,-0.408,-1.931
0.621,-0.41,-1.939
0.621,-0.41,-1.927
0.624,-0.41,-1.929
0.621,-0.409,-1.935
0.621,-0.408,-1.934
0.622,-0.41,-1.937
0.622,-0.413,-1.929
0.623,-0.411,-1.933
0.623,-0.411,-1.933
0.623,-0.41,-1.935
0.621,-0.408,-1.921
0.62,-0.41,-1.931
0.619,-0.41,-1.937
0.622,-0.411,-1.929
0.62,-0.41,-1.926
0.622,-0.408,-1.928
0.62,-0.407,-1.942
0.621,-0.408,-1.932
0.62,-0.408,-1.925
0.621,-0.408,-1.926
0.62,-0.407,-1.935
0.62,-0.408,-1.934
0.621,-0.407,-1.931
0.621,-0.408,-1.927
0.62,-0.407,-1.932
0.62,-0.405,-1.936
0.618,-0.406,-1.923
0.619,-0.407,-1.929
0.62,-0.406,-1.936
0.621,-0.407,-1.927
0.621,-0.405,-1.927
0.618,-0.405,-1.924
0.619,-0.404,-1.93
0.618,-0.405,-1.925
0.619,-0.404,-1.925
0.618,-0.405,-1.93
0.619,-0.407,-1.93
0.618,-0.405,-1.926
0.619,-0.406,-1.922
0.619,-0.406,-1.924
0.618,-0.405,-1.926
0.62,-0.405,-1.931
0.619,-0.406,-1.921
0.617,-0.407,-1.923
0.619,-0.406,-1.927
0.616,-0.408,-1.927
0.619,-0.405,-1.925
0.618,-0.405,-1.92
0.615,-0.406,-1.927
0.617,-0.405,-1.927
0.616,-0.407,-1.923
0.617,-0.406,-1.916
0.617,-0.408,-1.926
0.615,-0.409,-1.933
0.615,-0.408,-1.919
0.616,-0.409,-1.916
0.614,-0.408,-1.921
0.615,-0.407,-1.923
0.615,-0.41,-1.923
0.615,-0.405,-1.916
0.614,-0.407,-1.921
0.614,-0.407,-1.922
0.614,-0.407,-1.92
0.615,-0.409,-1.917
0.612,-0.41,-1.914
0.615,-0.408,-1.927
0.614,-0.407,-1.92
0.612,-0.406,-1.915
0.614,-0.405,-1.917
0.614,-0.407,-1.923
0.613,-0.408,-1.924
0.614,-0.404,-1.914
0.614,-0.405,-1.914
0.612,-0.406,-1.931
0.612,-0.405,-1.921
0.614,-0.405,-1.914
0.613,-0.405,-1.915
0.612,-0.404,-1.922
0.61,-0.403,-1.921
0.613,-0.405,-1.915
0.611,-0.405,-1.917
0.611,-0.405,-1.924
0.612,-0.407,-1.923
0.613,-0.407,-1.919
0.611,-0.407,-1.913
0.612,-0.407,-1.919
0.613,-0.406,-1.921
0.613,-0.405,-1.914
0.614,-0.405,-1.913
0.611,-0.406,-1.916
0.612,-0.405,-1.928
0.611,-0.405,-1.912
0.611,-0.404,-1.911
0.614,-0.402,-1.925
0.612,-0.404,-1.921
0.612,-0.403,-1.914
0.61,-0.403,-1.916
0.615,-0.404,-1.919
0.612,-0.403,-1.918
0.61,-0.401,-1.915
0.613,-0.407,-1.917
0.61,-0.405,-1.92
0.611,-0.406,-1.912
0.61,-0.404,-1.917
0.61,-0.404,-1.915
0.61,-0.406,-1.913
0.611,-0.405,-1.92
0.608,-0.404,-1.922
0.611,-0.403,-1.911
0.61,-0.406,-1.912
0.609,-0.403,-1.911
0.611,-0.403,-1.925
0.61,-0.403,-1.914
0.611,-0.404,-1.917
0.611,-0.402,-1.913
0.61,-0.405,-1.919
0.61,-0.404,-1.912
0.611,-0.404,-1.915
0.607,-0.402,-1.914
0.609,-0.402,-1.92
0.611,-0.403,-1.911
0.611,-0.403,-1.913
0.612,-0.403,-1.914
0.61,-0.403,-1.918
0.609,-0.403,-1.915
0.61,-0.403,-1.916
0.609,-0.403,-1.907
0.611,-0.403,-1.917
0.607,-0.404,-1.918
0.61,-0.404,-1.912
0.608,-0.403,-1.907
0.61,-0.403,-1.909
0.612,-0.402,-1.921
0.608,-0.401,-1.906
0.612,-0.403,-1.903
0.608,-0.401,-1.923
0.609,-0.401,-1.916
0.609,-0.4,-1.907
0.609,-0.4,-1.909
0.608,-0.401,-1.905
0.609,-0.401,-1.911
0.61,-0.4,-1.911
0.609,-0.398,-1.915
0.609,-0.399,-1.905
0.609,-0.399,-1.915
0.608,-0.402,-1.913
0.608,-0.401,-1.9
0.608,-0.401,-1.906
0.608,-0.399,-1.914
0.608,-0.4,-1.911
0.606,-0.4,-1.912
0.608,-0.4,-1.902
0.606,-0.398,-1.909
0.606,-0.399,-1.915
0.606,-0.399,-1.907
0.607,-0.398,-1.911
0.606,-0.398,-1.911
0.607,-0.399,-1.909
0.607,-0.399,-1.911
0.607,-0.399,-1.901
0.609,-0.401,-1.905
0.606,-0.399,-1.915
0.609,-0.4,-1.907
0.606,-0.402,-1.907
0.607,-0.401,-1.897
0.606,-0.401,-1.91
0.605,-0.4,-1.911
0.607,-0.402,-1.901
0.607,-0.399,-1.907
0.607,-0.399,-1.92
0.606,-0.4,-1.905
0.607,-0.397,-1.897
0.607,-0.398,-1.911
0.606,-0.397,-1.906
0.605,-0.397,-1.908
0.606,-0.398,-1.901
0.591,-0.388,-1.731
0.275,-0.156,-1.206
0.024,-0.022,-0.769
0,-0.004,-0.789
0.003,-0.003,-0.776
0.002,-0.004,-0.77
0.001,-0.003,-0.783
0.005,0.001,-0.773
0.003,0.001,-0.771
0.003,-0.005,-0.779
0.003,-0.004,-0.782
0.002,-0.006,-0.778
0.003,-0.005,-0.777
0.003,-0.002,-0.774
0.001,-0.003,-0.771
0.003,-0.002,-0.769
0.002,-0.001,-0.77
0.003,-0.005,-0.777
0.003,-0.003,-0.782
0.004,-0.002,-0.777
0.003,-0.006,-0.775
0.002,-0.003,-0.788
0.003,0,-0.775
0.003,-0.004,-0.769
0.002,-0.003,-0.78
0.002,-0.003,-0.786
0.001,-0.004,-0.778
0.003,-0.005,-0.775
-0.001,-0.005,-0.774
0,-0.004,-0.778
0.001,-0.005,-0.776
0,-0.005,-0.775
0.001,-0.002,-0.773
-0.001,-0.003,-0.776
0,-0.004,-0.778
0.001,-0.004,-0.777
0.001,-0.005,-0.775
0.001,-0.001,-0.774
0.001,-0.005,-0.776
-0.001,-0.002,-0.776
-0.001,-0.004,-0.778
-0.001,-0.003,-0.777
-0.002,-0.002,-0.776
0,-0.003,-0.778
0,-0.001,-0.777
0.002,-0.004,-0.778
0.002,-0.004,-0.776
-0.001,-0.004,-0.778
0.002,-0.005,-0.775
0,-0.001,-0.775
0.001,-0.003,-0.774
-0.001,-0.001,-0.777
0,-0.002,-0.777
0,0,-0.778
0.001,0,-0.776
0,-0.007,-0.774
0,-0.003,-0.778
0.001,-0.001,-0.779
0.003,-0.004,-0.776
0.002,0.001,-0.777
0.002,-0.002,-0.779
0.001,-0.004,-0.774
0.002,-0.002,-0.777
0.002,-0.001,-0.776
0.001,-0.002,-0.779
0.003,-0.002,-0.78
0.002,-0.003,-0.78
0.003,-0.003,-0.777
0,-0.003,-0.779
0.004,0,-0.774
0.003,-0.001,-0.777
0.003,-0.002,-0.777
0.002,0,-0.78
0.002,-0.001,-0.776
0.003,-0.002,-0.776
0.001,-0.002,-0.775
0.001,-0.001,-0.778
0.001,-0.002,-0.778
0.004,0.001,-0.776
0.002,-0.003,-0.774
0.002,-0.004,-0.777
0.003,-0.002,-0.779
0.004,-0.004,-0.778
0.003,-0.003,-0.781
0.006,-0.002,-0.775
0.006,-0.002,-0.775
0.003,-0.005,-0.778
0.006,-0.003,-0.78
0.006,-0.002,-0.777
0.005,-0.005,-0.777
0.004,-0.001,-0.775
0.005,-0.001,-0.773
0.002,-0.003,-0.778
0.003,-0.004,-0.774
0.001,-0.002,-0.777
0.001,-0.002,-0.775
0.002,-0.004,-0.778
-0.001,-0.004,-0.778
-0.001,-0.003,-0.777
-0.001,-0.005,-0.777
-0.002,-0.005,-0.776
-0.002,-0.006,-0.775
0,-0.003,-0.774
-0.001,-0.004,-0.775
0.001,0,-0.776
0.001,-0.005,-0.776
0.002,-0.007,-0.779
0.003,-0.004,-0.779
0.003,-0.007,-0.777
0,-0.005,-0.776
0,-0.002,-0.773
0.002,-0.005,-0.775
0.002,-0.004,-0.774
0.002,-0.005,-0.775
-0.001,-0.006,-0.778
0.002,-0.006,-0.774
0,-0.004,-0.777
0.003,-0.003,-0.777
0.001,-0.004,-0.78
0,-0.003,-0.775
-0.001,-0.004,-0.778
0,-0.007,-0.776
0.001,-0.006,-0.777
0.002,-0.005,-0.774
0.002,-0.007,-0.779
0.002,-0.003,-0.779
-0.001,-0.004,-0.778
0,-0.004,-0.775
0.001,-0.005,-0.776
0.001,-0.004,-0.776
0.002,-0.007,-0.774
0.001,-0.006,-0.777
0.002,-0.006,-0.774
0,-0.007,-0.779
0.002,-0.005,-0.774
0.002,-0.004,-0.777
0.001,-0.005,-0.778
0.002,-0.002,-0.776
0.003,-0.003,-0.775
0.003,-0.005,-0.778
0.002,-0.005,-0.773
0.002,-0.007,-0.776
0.002,-0.006,-0.777
0.002,-0.005,-0.779
0,-0.002,-0.776
0.001,-0.002,-0.778
0.001,-0.003,-0.774
0.001,-0.005,-0.777
0,-0.007,-0.777
-0.001,-0.008,-0.777
0.001,-0.005,-0.776
0.001,-0.002,-0.777
-0.002,-0.004,-0.776
0.001,-0.003,-0.775
0.001,-0.001,-0.776
0,-0.004,-0.771
0.003,-0.004,-0.774
0.002,-0.005,-0.779
0.002,-0.003,-0.778
-0.001,-0.002,-0.775
0.001,-0.003,-0.776
-0.002,-0.001,-0.779
0,-0.005,-0.775
0,0.001,-0.778
0.001,-0.004,-0.777
0.001,-0.004,-0.777
0,-0.002,-0.774
0.003,-0.005,-0.778
-0.001,-0.002,-0.776
0.002,-0.002,-0.777
0.005,-0.003,-0.777
0.005,-0.004,-0.776
0.004,-0.003,-0.779
0.004,-0.003,-0.781
0.007,-0.006,-0.778
0.005,-0.004,-0.777
0.005,-0.001,-0.774
0.007,-0.002,-0.777
0.009,-0.003,-0.778
0.007,-0.001,-0.776
0.007,-0.003,-0.778
0.005,-0.005,-0.773
0.004,-0.004,-0.777
0.007,-0.006,-0.776
0.006,-0.005,-0.774
0.004,-0.001,-0.778
0.003,-0.002,-0.778
0.003,-0.002,-0.773
0.003,0,-0.775
0.005,-0.003,-0.78
0.005,-0.004,-0.778
0.004,-0.003,-0.777
0.001,-0.003,-0.779
0.002,-0.004,-0.779
0.003,-0.001,-0.779
0.001,0.001,-0.775
0.003,0,-0.776
0.001,-0.001,-0.778
0.001,-0.002,-0.779
0.003,-0.004,-0.776
0.003,-0.005,-0.774
0.003,-0.005,-0.775
0.003,-0.002,-0.778
0.003,0,-0.776
0.002,-0.001,-0.78
0.001,-0.001,-0.779
0.005,-0.004,-0.778
0.004,-0.006,-0.779
0.003,-0.005,-0.775
0.003,-0.004,-0.778
0.004,-0.001,-0.778
0.007,-0.005,-0.777
0.005,-0.001,-0.779
0.007,-0.003,-0.777
0.008,-0.004,-0.778
0.008,-0.005,-0.777
0.005,-0.006,-0.775
0.009,-0.002,-0.776
0.009,-0.006,-0.776
0.01,-0.005,-0.774
0.009,-0.002,-0.774
0.007,-0.001,-0.778
0.009,-0.001,-0.779
0.007,-0.003,-0.775
0.006,-0.006,-0.777
0.006,-0.002,-0.778
0.006,-0.005,-0.777
0.005,-0.005,-0.777
0.006,-0.002,-0.778
0.004,-0.003,-0.777
0.005,-0.005,-0.778
0.005,-0.002,-0.778
0.002,-0.005,-0.775
0.003,-0.005,-0.773
0.003,-0.002,-0.776
0.002,-0.004,-0.774
0.001,-0.001,-0.778
0.002,-0.005,-0.78
0.002,-0.002,-0.776
0.002,-0.004,-0.777
0.003,-0.002,-0.774
0.002,-0.003,-0.778
0.005,-0.004,-0.78
0.003,-0.003,-0.778
0.003,-0.005,-0.777
0.003,-0.002,-0.777
0.002,-0.005,-0.779
0.003,-0.004,-0.778
0.002,-0.006,-0.777
0.004,-0.005,-0.778
0.004,-0.003,-0.777
0.003,-0.005,-0.774
0.002,-0.002,-0.777
0.005,-0.004,-0.777
0.004,-0.005,-0.778
0.005,-0.005,-0.779
0.003,-0.004,-0.778
0.004,-0.003,-0.775
0.005,-0.006,-0.776
0.003,-0.006,-0.778
0.003,-0.003,-0.777
0.002,-0.003,-0.776
0.002,-0.003,-0.777
0.003,-0.003,-0.773
0.005,-0.003,-0.778
0.002,-0.006,-0.777
0.003,-0.004,-0.78
0.002,-0.003,-0.778
0.003,-0.006,-0.779
0.004,-0.002,-0.775
0.002,-0.003,-0.776
0.007,-0.005,-0.773
0.003,-0.004,-0.778
0.005,-0.005,-0.777
0.006,-0.003,-0.778
0.006,-0.005,-0.776
0.003,-0.004,-0.775
0.006,-0.003,-0.777
0.006,-0.005,-0.773
0.006,-0.003,-0.78
0.008,-0.002,-0.775
0.009,-0.005,-0.775
0.009,-0.005,-0.775
0.007,-0.004,-0.776
0.007,-0.004,-0.774
0.008,-0.007,-0.779
0.005,-0.005,-0.776
0.005,-0.006,-0.774
0.005,-0.004,-0.773
0.004,-0.005,-0.778
0.007,-0.005,-0.776
0.005,-0.002,-0.774
0.005,-0.005,-0.781
0.005,-0.006,-0.775
0.005,-0.004,-0.773
0.005,-0.005,-0.777
0.006,-0.006,-0.779
0.003,-0.002,-0.778
0.003,-0.005,-0.778
0.005,-0.002,-0.776
0.002,-0.002,-0.776
0.005,-0.002,-0.777
0.002,-0.002,-0.775
0.003,-0.005,-0.779
0.003,-0.002,-0.778
-0.002,-0.004,-0.775
0.002,-0.005,-0.774
0.001,-0.001,-0.777
0.005,0.001,-0.775
0.003,-0.004,-0.782
0.002,-0.003,-0.78
0.002,-0.004,-0.78
0.004,-0.004,-0.776
0.002,-0.005,-0.772
0.002,-0.003,-0.777
0.003,-0.004,-0.777
0.001,-0.004,-0.778
-0.001,-0.001,-0.778
0.001,-0.006,-0.777
-0.001,-0.004,-0.775
-0.001,-0.007,-0.778
-0.001,-0.008,-0.774
0.003,-0.002,-0.777
0.002,-0.003,-0.777
0.002,-0.003,-0.775
0.004,-0.005,-0.777
0.003,-0.007,-0.778
0.003,-0.009,-0.78
0.005,-0.007,-0.781
0.006,-0.008,-0.775
0.006,-0.002,-0.776
0.005,-0.002,-0.779
0.007,-0.004,-0.775
0.005,-0.006,-0.775
0.007,-0.006,-0.776
0.007,-0.006,-0.78
0.007,-0.007,-0.777
0.006,-0.007,-0.774
0.006,-0.002,-0.777
0.007,-0.004,-0.775
0.007,-0.005,-0.778
0.007,-0.003,-0.778
0.007,-0.008,-0.776
0.006,-0.007,-0.778
0.005,-0.007,-0.776
0.005,-0.006,-0.776
0.006,-0.005,-0.778
0.005,-0.002,-0.775
0.005,-0.005,-0.777
0.003,-0.005,-0.778
0.003,-0.006,-0.776
0.004,-0.007,-0.779
0.007,-0.004,-0.778
0.006,-0.005,-0.777
0.005,-0.003,-0.777
0.005,-0.005,-0.777
0.002,-0.006,-0.776
0.003,-0.006,-0.777
0.002,-0.005,-0.775
0.002,-0.009,-0.78
0.003,-0.007,-0.778
0,-0.002,-0.776
0.001,-0.004,-0.774
-0.001,-0.005,-0.779
-0.001,-0.001,-0.779
0.001,-0.004,-0.774
0.001,-0.007,-0.776
0.002,-0.007,-0.777
0.004,-0.005,-0.774
0.001,-0.007,-0.778
0.002,-0.003,-0.779
0.004,-0.003,-0.781
0.005,-0.002,-0.779
0.004,-0.006,-0.779
0.006,-0.004,-0.778
0.005,-0.007,-0.775
0.003,-0.007,-0.776
0.005,-0.006,-0.777
0.005,-0.003,-0.777
0.005,-0.004,-0.774
0.003,-0.002,-0.776
0.004,-0.002,-0.775
0.004,-0.007,-0.778
0.004,-0.007,-0.778
0.004,-0.006,-0.778
0.003,-0.005,-0.776
0.004,-0.003,-0.778
0.004,-0.002,-0.775
0.004,-0.003,-0.777
0.004,-0.003,-0.778
0.003,-0.005,-0.775
0.004,-0.007,-0.778
0.005,-0.005,-0.774
0.003,-0.005,-0.772
0.003,-0.003,-0.776
0.005,-0.004,-0.775
0.004,-0.004,-0.778
0.005,-0.003,-0.776
0.002,-0.005,-0.775
0.004,-0.007,-0.778
0.005,-0.006,-0.776
0.006,-0.006,-0.778
0.005,-0.004,-0.779
0.004,-0.004,-0.779
0.005,-0.003,-0.777
0.005,-0.002,-0.776
0.004,-0.003,-0.776
0.003,-0.004,-0.779
0.004,-0.004,-0.775
0.002,-0.005,-0.776
0.004,-0.006,-0.775
0.007,-0.003,-0.776
0.005,-0.003,-0.774
0.007,-0.001,-0.777
0.005,-0.002,-0.778
0.004,-0.004,-0.778
0.002,-0.006,-0.776
0.002,-0.006,-0.776
0.004,-0.007,-0.773
0.001,-0.003,-0.777
0.002,-0.005,-0.778
0.004,-0.004,-0.778
0.004,-0.002,-0.775
0.004,-0.004,-0.776
0.004,-0.006,-0.776
0.006,-0.006,-0.774
0.005,-0.006,-0.775
0.007,-0.003,-0.776
0.007,-0.003,-0.781
0.006,-0.001,-0.778
0.006,-0.002,-0.776
0.009,-0.003,-0.78
0.004,-0.007,-0.775
0.003,-0.006,-0.779
0.005,-0.006,-0.778
0.005,-0.006,-0.777
0.004,-0.005,-0.777
0.006,-0.003,-0.775
0.004,-0.002,-0.775
0.002,-0.003,-0.777
0.003,-0.004,-0.777
0.005,-0.005,-0.78
0.005,-0.005,-0.775
0.002,-0.005,-0.776
0.003,-0.005,-0.777
0.004,-0.003,-0.778
0.003,-0.005,-0.778
0.003,-0.005,-0.778
0.001,-0.002,-0.779
0.002,-0.005,-0.775
-0.001,-0.003,-0.775
0.001,-0.003,-0.778
0.002,-0.004,-0.776
0.001,-0.005,-0.778
0.003,-0.004,-0.775
0.002,-0.006,-0.778
0.005,-0.003,-0.778
0.004,-0.005,-0.776
0.004,-0.004,-0.778
0.003,-0.005,-0.78
0.003,-0.006,-0.777
0.005,-0.007,-0.774
0.005,-0.002,-0.777
0.002,-0.002,-0.775
0.003,-0.003,-0.777
0.003,-0.001,-0.779
0.004,-0.005,-0.778
0.002,-0.003,-0.777
0.002,-0.005,-0.777
0.002,-0.007,-0.776
0.002,-0.005,-0.78
0.001,-0.003,-0.78
0.003,-0.003,-0.775
0.004,-0.002,-0.779
0.007,-0.003,-0.773
0.004,-0.007,-0.777
0.003,-0.007,-0.777
0.003,-0.009,-0.78
0.003,-0.009,-0.779
0.005,-0.005,-0.776
0.005,-0.001,-0.776
0.006,-0.002,-0.777
0.006,0,-0.778
0.006,-0.004,-0.774
0.005,-0.009,-0.778
0.004,-0.009,-0.78
0.005,-0.007,-0.776
0.004,-0.009,-0.776
0.005,-0.005,-0.779
0.004,-0.001,-0.776
0.002,-0.001,-0.778
0.002,-0.004,-0.781
0.003,-0.004,-0.775
0.003,-0.008,-0.777
