-0.021,-0.003,0.772
-0.019,-0.002,0.771
-0.019,0.000,0.768
-0.020,-0.005,0.770
-0.021,-0.001,0.774
-0.019,-0.003,0.772
-0.021,-0.001,0.771
-0.022,-0.003,0.773
-0.021,-0.002,0.772
-0.025,-0.003,0.772
-0.024,-0.001,0.773
-0.023,-0.002,0.775
-0.022,-0.002,0.770
-0.024,-0.002,0.773
-0.022,0.000,0.773
-0.021,-0.003,0.772
-0.024,-0.003,0.772
-0.022,-0.002,0.774
-0.022,-0.003,0.771
-0.020,-0.002,0.772
-0.022,-0.003,0.772
-0.021,-0.002,0.770
-0.022,0.001,0.770
-0.020,-0.002,0.772
-0.019,-0.003,0.771
-0.021,-0.003,0.770
-0.018,-0.002,0.772
-0.019,-0.003,0.772
-0.020,-0.002,0.774
-0.019,-0.002,0.769
-0.018,-0.003,0.773
-0.017,-0.005,0.769
-0.018,-0.005,0.769
-0.019,-0.002,0.773
-0.018,0.001,0.770
-0.020,-0.002,0.768
-0.017,-0.002,0.772
-0.019,-0.001,0.771
-0.019,-0.003,0.771
-0.018,-0.003,0.773
-0.019,-0.003,0.775
-0.020,-0.005,0.770
-0.018,-0.003,0.769
-0.018,0.001,0.774
-0.018,0.000,0.768
-0.021,-0.005,0.769
-0.022,-0.005,0.772
-0.022,-0.005,0.768
-0.022,-0.005,0.770
-0.022,-0.005,0.773
-0.022,-0.004,0.771
-0.021,-0.004,0.767
-0.023,-0.003,0.772
-0.022,-0.002,0.771
-0.022,-0.002,0.767
-0.023,-0.006,0.772
-0.025,-0.007,0.772
-0.022,-0.009,0.771
-0.025,-0.005,0.770
-0.022,-0.005,0.774
-0.021,-0.004,0.771
-0.020,-0.008,0.770
-0.023,-0.008,0.773
-0.019,-0.013,0.771
-0.020,-0.007,0.771
-0.018,-0.007,0.773
-0.020,-0.006,0.770
-0.017,-0.006,0.769
-0.019,-0.005,0.772
-0.020,-0.006,0.772
-0.017,-0.006,0.768
-0.020,-0.007,0.771
-0.022,-0.009,0.772
-0.021,-0.008,0.768
-0.021,-0.009,0.770
-0.022,-0.006,0.772
-0.023,-0.009,0.769
-0.021,-0.007,0.772
-0.022,-0.010,0.772
-0.023,-0.008,0.770
-0.023,-0.012,0.767
-0.022,-0.013,0.772
-0.023,-0.011,0.771
-0.023,-0.009,0.770
-0.020,-0.009,0.773
-0.022,-0.009,0.772
-0.022,-0.010,0.770
-0.023,-0.011,0.773
-0.027,-0.010,0.773
-0.024,-0.010,0.769
-0.024,-0.009,0.771
-0.026,-0.009,0.774
-0.026,-0.005,0.770
-0.025,-0.007,0.768
-0.024,-0.007,0.774
-0.023,-0.007,0.770
-0.025,-0.008,0.770
-0.025,-0.007,0.772
-0.024,-0.005,0.772
-0.026,-0.004,0.772
-0.024,-0.007,0.772
-0.025,-0.006,0.770
-0.023,-0.005,0.771
-0.025,-0.005,0.771
-0.023,-0.004,0.774
-0.022,-0.005,0.771
-0.024,-0.002,0.772
-0.022,-0.003,0.775
-0.022,-0.005,0.771
-0.023,-0.005,0.769
-0.022,-0.005,0.771
-0.023,-0.007,0.771
-0.023,-0.006,0.770
-0.026,-0.006,0.774
-0.021,-0.004,0.771
-0.024,-0.003,0.770
-0.021,-0.005,0.769
-0.022,-0.007,0.771
-0.022,-0.007,0.768
-0.022,-0.006,0.775
-0.022,-0.005,0.772
-0.022,-0.004,0.770
-0.024,-0.004,0.774
-0.022,-0.006,0.773
-0.023,-0.007,0.770
-0.023,-0.006,0.771
-0.024,-0.006,0.770
-0.023,-0.006,0.771
-0.024,-0.007,0.772
-0.025,-0.004,0.770
-0.024,-0.004,0.770
-0.024,-0.002,0.772
-0.025,-0.005,0.772
-0.022,-0.007,0.771
-0.023,-0.008,0.768
-0.022,-0.004,0.773
-0.024,-0.005,0.772
-0.023,-0.005,0.768
-0.022,-0.003,0.771
-0.022,-0.002,0.774
-0.023,-0.003,0.771
-0.022,-0.005,0.770
-0.023,-0.007,0.773
-0.021,-0.007,0.770
-0.021,-0.003,0.770
-0.021,-0.003,0.774
-0.020,-0.002,0.774
-0.020,-0.004,0.769
-0.020,-0.006,0.773
-0.020,-0.006,0.771
-0.020,-0.005,0.771
-0.022,-0.007,0.772
-0.022,-0.006,0.772
-0.021,-0.002,0.769
-0.021,-0.005,0.774
-0.024,-0.005,0.774
-0.022,-0.003,0.770
-0.023,-0.003,0.770
-0.022,-0.003,0.771
-0.026,-0.005,0.770
-0.024,-0.004,0.766
-0.024,-0.007,0.774
-0.024,-0.004,0.771
-0.026,-0.002,0.767
-0.023,0.000,0.775
-0.027,-0.005,0.771
-0.026,-0.005,0.772
-0.028,-0.006,0.774
-0.026,-0.007,0.772
-0.025,-0.006,0.770
-0.025,-0.003,0.773
-0.025,-0.002,0.772
-0.025,0.000,0.768
-0.024,-0.005,0.771
-0.022,-0.006,0.770
-0.024,-0.009,0.772
-0.025,-0.007,0.770
-0.021,-0.005,0.775
-0.022,-0.004,0.768
-0.020,-0.005,0.771
-0.021,-0.004,0.773
-0.019,-0.002,0.772
-0.018,-0.004,0.769
-0.019,-0.009,0.773
-0.019,-0.006,0.773
-0.021,-0.009,0.772
-0.022,-0.004,0.772
-0.023,-0.005,0.771
-0.024,-0.005,0.774
-0.025,-0.007,0.770
-0.024,-0.006,0.773
-0.024,-0.004,0.770
-0.022,-0.005,0.773
-0.024,-0.006,0.771
-0.025,-0.006,0.772
-0.022,-0.004,0.771
-0.023,-0.006,0.772
-0.022,-0.008,0.771
-0.023,-0.006,0.772
-0.024,-0.006,0.771
-0.023,-0.005,0.771
-0.024,-0.007,0.771
-0.024,-0.004,0.770
-0.023,-0.006,0.773
-0.021,-0.005,0.771
-0.024,-0.005,0.771
-0.023,-0.010,0.774
-0.022,-0.009,0.771
-0.025,-0.005,0.773
-0.022,-0.006,0.772
-0.024,-0.005,0.770
-0.022,-0.008,0.769
-0.024,-0.006,0.775
-0.022,-0.009,0.773
-0.023,-0.008,0.768
-0.021,-0.008,0.771
-0.023,-0.007,0.771
-0.020,-0.005,0.769
-0.021,-0.006,0.771
-0.019,-0.006,0.771
-0.020,-0.007,0.770
-0.020,-0.009,0.774
-0.020,-0.010,0.770
-0.019,-0.005,0.769
-0.021,-0.005,0.773
-0.021,-0.007,0.772
-0.021,-0.007,0.771
-0.022,-0.005,0.772
-0.021,-0.007,0.772
-0.022,-0.008,0.770
-0.024,-0.007,0.768
-0.023,-0.005,0.778
-0.023,-0.004,0.771
-0.025,-0.005,0.771
-0.022,-0.007,0.772
-0.020,-0.005,0.771
-0.024,-0.005,0.771
-0.023,-0.004,0.771
-0.025,-0.007,0.769
-0.023,-0.005,0.768
-0.022,-0.001,0.774
-0.022,-0.002,0.775
-0.021,-0.001,0.769
-0.022,-0.005,0.772
-0.022,-0.002,0.771
-0.021,-0.003,0.772
-0.018,-0.003,0.769
-0.021,-0.005,0.773
-0.019,-0.004,0.770
-0.021,-0.002,0.770
-0.021,-0.004,0.772
-0.022,-0.001,0.772
-0.021,-0.001,0.768
-0.020,-0.004,0.774
-0.022,-0.005,0.771
-0.020,-0.005,0.771
-0.021,-0.003,0.771
-0.021,-0.003,0.774
-0.021,-0.005,0.768
-0.021,-0.005,0.772
-0.022,-0.005,0.773
-0.022,-0.003,0.769
-0.022,-0.003,0.772
-0.021,-0.006,0.772
-0.023,-0.005,0.770
-0.024,-0.005,0.768
-0.020,-0.004,0.773
-0.022,-0.005,0.770
-0.019,-0.003,0.773
-0.024,-0.005,0.770
-0.023,-0.003,0.770
-0.023,-0.004,0.769
-0.023,-0.003,0.773
-0.022,-0.005,0.770
-0.022,-0.006,0.770
-0.024,-0.007,0.769
-0.021,-0.006,0.771
-0.023,-0.001,0.771
-0.022,0.002,0.769
-0.020,0.000,0.774
-0.023,-0.003,0.773
-0.023,-0.008,0.770
-0.023,-0.009,0.772
-0.022,-0.010,0.772
-0.023,-0.006,0.771
-0.024,0.000,0.772
-0.021,0.001,0.772
-0.022,0.002,0.769
-0.021,-0.003,0.773
-0.019,-0.007,0.772
-0.019,-0.007,0.769
-0.021,-0.009,0.772
-0.020,-0.006,0.773
-0.019,-0.002,0.771
-0.019,-0.002,0.772
-0.021,-0.002,0.774
-0.021,0.001,0.771
-0.020,-0.001,0.771
-0.017,-0.008,0.770
-0.020,-0.005,0.771
-0.019,-0.004,0.769
-0.021,-0.004,0.771
-0.018,0.001,0.772
-0.020,-0.002,0.770
-0.019,-0.002,0.770
-0.018,-0.004,0.771
-0.018,-0.008,0.770
-0.020,-0.004,0.774
-0.018,-0.005,0.767
-0.018,-0.003,0.770
-0.018,-0.001,0.771
-0.017,0.001,0.774
-0.018,-0.002,0.771
-0.018,-0.002,0.773
-0.021,-0.004,0.772
-0.019,-0.005,0.771
-0.022,-0.003,0.770
-0.022,0.001,0.774
-0.021,-0.001,0.770
-0.023,0.000,0.769
-0.023,0.001,0.777
-0.022,-0.002,0.772
-0.024,-0.004,0.771
-0.024,-0.003,0.770
-0.024,-0.005,0.773
-0.021,0.001,0.769
-0.021,0.000,0.772
-0.022,0.004,0.776
-0.022,0.001,0.770
-0.021,-0.004,0.772
-0.023,-0.005,0.771
-0.024,-0.005,0.771
-0.024,-0.003,0.772
-0.023,-0.003,0.773
-0.024,0.003,0.771
-0.023,0.002,0.773
-0.023,0.001,0.772
-0.024,0.001,0.770
-0.024,-0.001,0.771
-0.023,-0.003,0.776
-0.022,-0.003,0.773
-0.023,-0.001,0.770
-0.022,0.001,0.773
-0.023,0.003,0.769
-0.022,0.001,0.771
-0.023,0.005,0.771
-0.024,-0.002,0.773
-0.023,-0.005,0.768
-0.022,-0.003,0.771
-0.022,0.000,0.769
-0.023,-0.001,0.772
-0.024,0.001,0.772
-0.022,0.001,0.771
-0.024,0.002,0.770
-0.025,-0.001,0.768
-0.026,-0.003,0.773
-0.025,-0.002,0.771
-0.022,-0.002,0.772
-0.024,-0.004,0.772
-0.023,0.001,0.773
-0.025,-0.002,0.770
-0.026,-0.003,0.775
-0.025,-0.002,0.771
-0.023,-0.002,0.770
-0.024,-0.003,0.777
-0.024,-0.005,0.770
-0.022,-0.004,0.772
-0.024,-0.001,0.773
-0.023,-0.001,0.772
-0.025,-0.001,0.766
-0.024,-0.005,0.775
-0.023,-0.006,0.771
-0.024,-0.004,0.773
-0.023,-0.007,0.772
-0.024,-0.004,0.774
-0.023,-0.004,0.770
-0.023,-0.004,0.771
-0.023,-0.004,0.775
-0.022,-0.002,0.770
-0.023,-0.003,0.768
-0.025,-0.005,0.774
-0.022,-0.005,0.775
-0.023,-0.006,0.769
-0.022,-0.005,0.774
-0.022,-0.001,0.772
-0.023,-0.004,0.771
-0.024,-0.003,0.771
-0.022,-0.005,0.770
-0.024,-0.005,0.772
-0.023,-0.006,0.774
-0.021,-0.004,0.771
-0.022,-0.006,0.770
-0.024,-0.005,0.772
-0.023,-0.005,0.774
-0.024,-0.002,0.770
-0.024,-0.004,0.772
-0.024,-0.009,0.772
-0.023,-0.006,0.772
-0.024,-0.005,0.768
-0.023,-0.006,0.771
-0.023,-0.001,0.770
-0.023,-0.003,0.772
-0.022,-0.001,0.772
-0.024,-0.005,0.771
-0.024,-0.005,0.771
-0.024,-0.007,0.772
-0.023,-0.009,0.773
-0.022,-0.008,0.770
-0.023,-0.006,0.773
-0.021,-0.001,0.774
-0.023,-0.003,0.770
-0.022,-0.002,0.772
-0.022,-0.006,0.772
-0.020,-0.006,0.770
-0.023,-0.013,0.772
-0.022,-0.011,0.771
-0.023,-0.006,0.769
-0.024,-0.005,0.772
-0.021,-0.006,0.771
-0.019,-0.004,0.772
-0.022,-0.007,0.770
-0.025,-0.004,0.774
-0.022,-0.005,0.769
-0.023,-0.009,0.768
-0.024,-0.008,0.772
-0.024,-0.008,0.769
-0.023,-0.006,0.769
-0.021,-0.005,0.773
-0.022,-0.003,0.772
-0.024,-0.002,0.769
-0.024,-0.007,0.772
-0.023,-0.009,0.773
-0.022,-0.006,0.769
-0.025,-0.009,0.774
-0.024,-0.007,0.771
-0.025,-0.008,0.769
-0.025,-0.005,0.771
-0.024,-0.009,0.773
-0.026,-0.009,0.774
-0.029,-0.011,0.772
-0.028,-0.007,0.771
-0.028,-0.006,0.768
-0.024,-0.007,0.771
-0.025,-0.005,0.773
-0.026,-0.007,0.769
-0.026,-0.011,0.769
-0.028,-0.011,0.773
-0.027,-0.011,0.772
-0.027,-0.009,0.770
-0.026,-0.007,0.776
-0.028,-0.008,0.771
-0.024,-0.006,0.770
-0.028,-0.010,0.771
-0.030,-0.009,0.767
-0.028,-0.006,0.769
-0.026,-0.001,0.772
-0.026,0.001,0.772
-0.027,-0.001,0.768
-0.028,-0.005,0.770
-0.027,-0.010,0.772
-0.026,-0.012,0.770
-0.025,-0.010,0.772
-0.024,-0.006,0.771
-0.024,-0.001,0.772
-0.024,0.000,0.771
-0.023,0.002,0.771
-0.025,-0.005,0.772
-0.023,-0.009,0.771
-0.024,-0.009,0.772
-0.026,-0.010,0.771
-0.022,-0.007,0.771
-0.024,-0.003,0.775
-0.025,0.001,0.770
-0.022,-0.001,0.771
-0.023,0.001,0.772
-0.024,-0.007,0.772
-0.025,-0.006,0.767
-0.025,-0.009,0.774
-0.022,-0.005,0.772
-0.022,-0.002,0.769
-0.023,0.001,0.773
-0.022,-0.005,0.773
-0.024,-0.006,0.771
-0.022,-0.006,0.771
-0.024,-0.010,0.775
-0.022,-0.009,0.770
-0.023,-0.006,0.772
-0.023,-0.003,0.771
-0.022,-0.005,0.771
-0.020,-0.005,0.767
-0.021,-0.005,0.773
-0.022,-0.009,0.769
-0.024,-0.009,0.773
-0.025,-0.006,0.772
-0.025,-0.005,0.771
-0.025,-0.009,0.769
-0.025,-0.007,0.771
-0.024,-0.009,0.772
-0.023,-0.006,0.771
-0.024,-0.007,0.773
-0.023,-0.008,0.770
-0.024,-0.009,0.767
-0.024,-0.007,0.772
-0.024,-0.010,0.772
-0.020,-0.005,0.769
-0.017,-0.005,0.773
-0.019,-0.009,0.775
-0.017,-0.009,0.770
-0.020,-0.009,0.770
-0.017,-0.009,0.775
-0.018,-0.008,0.770
-0.018,-0.008,0.772
-0.016,-0.010,0.772
-0.020,-0.009,0.769
-0.023,-0.009,0.770
-0.021,-0.011,0.770
-0.021,-0.011,0.766
-0.022,-0.007,0.770
-0.023,-0.008,0.774
0.072,-0.135,0.999
0.073,-0.128,0.997
0.072,-0.122,1.012
0.071,-0.123,1.008
0.070,-0.123,0.995
0.070,-0.120,0.999
0.068,-0.116,1.009
0.068,-0.118,0.979
0.068,-0.116,1.001
0.065,-0.117,1.000
0.066,-0.116,0.981
0.066,-0.114,0.995
0.066,-0.116,0.987
0.068,-0.114,0.983
0.065,-0.114,0.991
0.063,-0.114,0.994
0.064,-0.110,0.982
0.064,-0.111,0.986
0.064,-0.111,0.998
0.063,-0.113,0.986
0.065,-0.110,0.980
0.062,-0.111,0.992
0.062,-0.111,0.990
0.062,-0.109,0.986
0.063,-0.111,0.984
0.062,-0.113,0.982
0.061,-0.107,0.989
0.062,-0.110,0.984
0.063,-0.108,0.983
0.064,-0.111,0.985
0.061,-0.109,0.983
0.062,-0.107,0.987
0.061,-0.109,0.981
0.061,-0.108,0.984
0.062,-0.108,0.987
0.062,-0.105,0.982
0.063,-0.106,0.976
0.064,-0.107,0.986
0.061,-0.104,0.983
0.061,-0.107,0.982
0.061,-0.106,0.980
0.063,-0.107,0.979
0.062,-0.106,0.982
0.060,-0.106,0.984
0.060,-0.105,0.980
0.060,-0.107,0.977
0.062,-0.103,0.986
0.060,-0.107,0.982
0.061,-0.106,0.978
0.061,-0.106,0.980
0.061,-0.104,0.982
0.060,-0.106,0.980
0.060,-0.104,0.984
0.059,-0.106,0.978
0.060,-0.106,0.979
0.060,-0.105,0.989
0.060,-0.105,0.983
0.061,-0.104,0.975
0.061,-0.104,0.982
0.060,-0.104,0.983
0.059,-0.103,0.977
0.063,-0.106,0.977
0.062,-0.106,0.976
0.060,-0.103,0.983
0.058,-0.104,0.980
0.060,-0.101,0.974
0.061,-0.105,0.977
0.060,-0.099,0.981
0.059,-0.104,0.982
0.060,-0.101,0.974
0.059,-0.101,0.974
0.061,-0.104,0.980
0.062,-0.100,0.983
0.061,-0.103,0.975
0.062,-0.104,0.980
0.061,-0.101,0.978
0.059,-0.104,0.977
0.060,-0.100,0.977
0.061,-0.104,0.975
0.059,-0.104,0.977
0.058,-0.102,0.977
0.059,-0.102,0.975
0.058,-0.102,0.977
0.058,-0.102,0.976
0.059,-0.102,0.976
0.061,-0.102,0.977
0.058,-0.103,0.974
0.059,-0.100,0.968
0.060,-0.102,0.977
0.058,-0.102,0.978
0.059,-0.104,0.969
0.057,-0.099,0.967
0.058,-0.102,0.989
0.057,-0.101,0.973
0.058,-0.102,0.970
0.057,-0.100,0.979
0.058,-0.102,0.976
0.060,-0.099,0.969
0.056,-0.101,0.976
0.056,-0.101,0.977
0.058,-0.101,0.966
0.058,-0.099,0.972
0.057,-0.101,0.985
0.055,-0.102,0.969
0.060,-0.100,0.961
0.057,-0.100,0.976
0.056,-0.103,0.977
0.058,-0.101,0.961
0.059,-0.100,0.978
0.056,-0.101,0.974
0.057,-0.100,0.966
0.057,-0.099,0.977
0.058,-0.100,0.974
0.055,-0.101,0.967
0.058,-0.098,0.972
0.058,-0.100,0.972
0.059,-0.098,0.968
0.061,-0.098,0.972
0.059,-0.098,0.977
0.059,-0.100,0.958
0.060,-0.097,0.974
0.058,-0.097,0.974
0.058,-0.098,0.970
0.060,-0.097,0.975
0.059,-0.099,0.972
0.061,-0.097,0.965
0.060,-0.097,0.972
0.060,-0.096,0.970
0.060,-0.098,0.959
0.061,-0.096,0.977
0.061,-0.095,0.973
0.061,-0.096,0.964
0.059,-0.095,0.969
0.061,-0.097,0.970
0.061,-0.095,0.962
0.061,-0.095,0.975
0.061,-0.096,0.965
0.061,-0.096,0.965
0.061,-0.095,0.975
0.059,-0.097,0.968
0.063,-0.094,0.960
0.061,-0.094,0.968
0.061,-0.099,0.977
0.064,-0.092,0.973
0.061,-0.096,0.959
0.062,-0.095,0.966
0.060,-0.097,0.971
0.060,-0.099,0.972
0.062,-0.096,0.973
0.060,-0.097,0.958
0.060,-0.097,0.971
0.060,-0.095,0.982
0.060,-0.096,0.960
0.064,-0.094,0.960
0.060,-0.098,0.966
0.062,-0.098,0.970
0.061,-0.098,0.968
0.062,-0.098,0.968
0.058,-0.097,0.961
0.059,-0.098,0.967
0.060,-0.096,0.976
0.060,-0.098,0.966
0.060,-0.098,0.952
0.059,-0.096,0.965
0.057,-0.098,0.981
0.058,-0.097,0.954
0.061,-0.095,0.956
0.059,-0.097,0.974
0.057,-0.096,0.965
0.060,-0.099,0.956
0.057,-0.095,0.977
0.059,-0.097,0.960
0.059,-0.098,0.958
0.057,-0.096,0.976
0.058,-0.096,0.965
0.061,-0.099,0.959
0.060,-0.098,0.970
0.058,-0.099,0.973
0.058,-0.097,0.951
0.059,-0.096,0.966
0.058,-0.099,0.970
0.059,-0.097,0.958
0.061,-0.096,0.965
0.057,-0.096,0.972
0.057,-0.097,0.960
0.059,-0.098,0.967
0.059,-0.099,0.965
0.058,-0.096,0.959
0.058,-0.099,0.966
0.055,-0.096,0.968
0.058,-0.099,0.966
0.056,-0.098,0.966
0.057,-0.098,0.967
0.056,-0.099,0.960
0.056,-0.098,0.962
0.056,-0.098,0.969
0.058,-0.099,0.964
0.059,-0.097,0.964
0.058,-0.099,0.969
0.058,-0.099,0.956
0.058,-0.097,0.962
0.058,-0.097,0.966
0.057,-0.099,0.963
0.058,-0.096,0.963
0.057,-0.098,0.961
0.058,-0.098,0.961
0.057,-0.097,0.967
0.058,-0.098,0.967
0.058,-0.100,0.959
0.059,-0.097,0.962
0.058,-0.098,0.969
0.056,-0.097,0.968
0.056,-0.098,0.964
0.058,-0.098,0.966
0.056,-0.100,0.967
0.058,-0.098,0.969
0.057,-0.100,0.964
0.059,-0.097,0.962
0.059,-0.097,0.971
0.056,-0.098,0.971
0.058,-0.098,0.963
0.058,-0.096,0.960
0.059,-0.098,0.967
0.057,-0.098,0.966
0.054,-0.094,0.966
0.058,-0.096,0.961
0.058,-0.097,0.964
0.058,-0.095,0.968
0.056,-0.095,0.967
0.056,-0.096,0.958
0.057,-0.095,0.968
0.056,-0.097,0.968
0.055,-0.097,0.962
0.056,-0.096,0.961
0.055,-0.096,0.968
0.057,-0.098,0.960
0.058,-0.097,0.962
0.056,-0.097,0.967
0.056,-0.098,0.963
0.055,-0.097,0.961
0.059,-0.096,0.960
0.056,-0.095,0.965
0.056,-0.097,0.966
0.058,-0.094,0.964
0.056,-0.095,0.965
0.054,-0.095,0.967
0.056,-0.096,0.962
0.058,-0.097,0.966
0.059,-0.095,0.962
0.056,-0.097,0.966
0.057,-0.095,0.961
0.055,-0.097,0.966
0.058,-0.095,0.965
0.056,-0.096,0.966
0.056,-0.095,0.958
0.055,-0.098,0.968
0.057,-0.097,0.962
0.057,-0.095,0.963
0.056,-0.097,0.962
0.056,-0.096,0.962
0.058,-0.095,0.963
0.056,-0.097,0.968
0.056,-0.095,0.961
0.057,-0.094,0.960
0.054,-0.099,0.968
0.058,-0.097,0.966
0.055,-0.097,0.963
0.055,-0.096,0.969
0.058,-0.097,0.962
0.058,-0.095,0.959
0.057,-0.096,0.967
0.058,-0.096,0.961
0.057,-0.096,0.963
0.058,-0.096,0.960
0.057,-0.098,0.963
0.056,-0.097,0.957
0.059,-0.097,0.961
0.056,-0.099,0.963
0.057,-0.095,0.962
0.059,-0.096,0.962
0.054,-0.098,0.962
0.057,-0.098,0.963
0.054,-0.096,0.965
0.056,-0.097,0.969
0.056,-0.097,0.963
0.057,-0.094,0.967
0.056,-0.097,0.962
0.055,-0.098,0.963
0.054,-0.098,0.962
0.056,-0.098,0.966
0.055,-0.098,0.960
0.055,-0.100,0.960
0.055,-0.097,0.968
0.057,-0.096,0.961
0.054,-0.096,0.960
0.053,-0.097,0.969
0.054,-0.096,0.961
0.055,-0.096,0.967
0.056,-0.096,0.968
0.054,-0.094,0.961
0.053,-0.095,0.962
0.053,-0.093,0.969
0.054,-0.092,0.970
0.054,-0.094,0.958
0.054,-0.096,0.965
0.054,-0.094,0.967
0.053,-0.092,0.965
0.052,-0.094,0.964
0.056,-0.096,0.959
0.054,-0.092,0.966
0.053,-0.095,0.970
0.054,-0.096,0.960
0.053,-0.094,0.966
0.051,-0.095,0.973
0.053,-0.096,0.965
0.053,-0.095,0.966
0.053,-0.096,0.961
0.052,-0.098,0.972
0.051,-0.094,0.969
0.052,-0.099,0.966
0.052,-0.095,0.962
0.053,-0.098,0.966
0.052,-0.100,0.967
0.051,-0.098,0.966
0.052,-0.098,0.964
0.052,-0.099,0.973
0.052,-0.096,0.971
0.050,-0.099,0.962
0.053,-0.098,0.965
0.051,-0.097,0.970
0.052,-0.097,0.971
0.051,-0.097,0.966
0.053,-0.097,0.966
0.051,-0.097,0.962
0.053,-0.098,0.969
0.052,-0.096,0.963
0.053,-0.101,0.961
0.053,-0.098,0.963
0.052,-0.098,0.968
0.051,-0.099,0.969
0.053,-0.099,0.962
0.052,-0.102,0.955
0.052,-0.099,0.961
0.051,-0.097,0.961
0.054,-0.098,0.967
0.054,-0.099,0.960
0.052,-0.099,0.956
0.053,-0.098,0.969
0.054,-0.098,0.959
0.052,-0.097,0.961
0.053,-0.098,0.968
0.052,-0.100,0.959
0.052,-0.098,0.966
0.052,-0.101,0.962
0.054,-0.099,0.958
0.052,-0.099,0.969
0.052,-0.097,0.963
0.052,-0.099,0.961
0.053,-0.099,0.963
0.052,-0.099,0.966
0.052,-0.098,0.956
0.054,-0.099,0.968
0.051,-0.099,0.960
0.053,-0.099,0.960
0.053,-0.098,0.965
0.052,-0.101,0.960
0.055,-0.100,0.951
0.052,-0.100,0.963
0.051,-0.098,0.966
0.052,-0.100,0.954
0.054,-0.099,0.950
0.052,-0.098,0.960
0.052,-0.099,0.963
0.052,-0.100,0.964
0.052,-0.099,0.962
0.051,-0.098,0.957
0.052,-0.099,0.955
0.053,-0.099,0.960
0.052,-0.099,0.958
0.052,-0.099,0.958
0.054,-0.096,0.960
0.052,-0.097,0.956
0.052,-0.098,0.957
0.053,-0.097,0.970
0.053,-0.097,0.957
0.052,-0.095,0.953
0.052,-0.098,0.964
0.051,-0.099,0.966
0.049,-0.097,0.958
0.051,-0.095,0.954
0.050,-0.096,0.958
0.050,-0.097,0.969
0.051,-0.097,0.957
0.052,-0.098,0.954
0.052,-0.095,0.962
0.049,-0.095,0.973
0.049,-0.098,0.959
0.054,-0.097,0.949
0.053,-0.095,0.958
0.051,-0.096,0.977
0.049,-0.098,0.960
0.052,-0.096,0.944
0.051,-0.099,0.949
0.046,-0.095,0.977
0.049,-0.095,0.973
0.052,-0.097,0.944
0.052,-0.097,0.945
0.050,-0.095,0.973
0.049,-0.097,0.971
0.052,-0.096,0.946
0.052,-0.096,0.944
0.051,-0.095,0.965
0.049,-0.096,0.967
0.051,-0.096,0.952
0.054,-0.097,0.947
0.051,-0.096,0.959
0.051,-0.094,0.965
0.049,-0.093,0.954
0.051,-0.097,0.952
0.051,-0.095,0.958
0.051,-0.094,0.963
0.048,-0.095,0.959
0.051,-0.097,0.955
0.053,-0.096,0.953
0.050,-0.095,0.960
0.049,-0.097,0.969
0.050,-0.096,0.950
0.051,-0.095,0.951
0.051,-0.094,0.966
0.051,-0.096,0.958
0.052,-0.095,0.953
0.052,-0.095,0.956
0.052,-0.095,0.959
0.051,-0.096,0.957
0.051,-0.097,0.959
0.052,-0.095,0.949
0.051,-0.095,0.958
0.050,-0.098,0.963
0.052,-0.098,0.957
0.051,-0.097,0.952
0.053,-0.095,0.965
0.050,-0.094,0.962
0.052,-0.096,0.954
0.051,-0.097,0.955
0.051,-0.095,0.961
0.050,-0.095,0.958
0.051,-0.095,0.959
0.051,-0.096,0.960
0.053,-0.096,0.954
0.049,-0.095,0.958
0.051,-0.095,0.958
0.050,-0.097,0.952
0.052,-0.095,0.961
0.050,-0.097,0.960
0.050,-0.094,0.960
0.051,-0.095,0.956
0.049,-0.096,0.956
0.050,-0.095,0.962
0.049,-0.095,0.958
0.050,-0.095,0.952
0.050,-0.096,0.954
0.049,-0.097,0.961
0.049,-0.095,0.955
0.050,-0.096,0.956
0.050,-0.095,0.958
0.048,-0.096,0.954
0.048,-0.097,0.953
0.047,-0.096,0.956
0.050,-0.094,0.950
0.050,-0.095,0.955
0.047,-0.095,0.959
0.049,-0.095,0.959
0.048,-0.095,0.952
0.049,-0.096,0.957
0.048,-0.092,0.961
0.050,-0.093,0.959
0.048,-0.097,0.959
0.049,-0.096,0.964
0.049,-0.095,0.958
0.049,-0.093,0.958
0.048,-0.094,0.958
0.047,-0.096,0.957
0.050,-0.097,0.961
0.049,-0.096,0.958
0.048,-0.093,0.952
0.047,-0.096,0.962
0.048,-0.093,0.960
0.047,-0.097,0.956
0.051,-0.094,0.957
0.048,-0.095,0.957
0.051,-0.094,0.955
0.050,-0.095,0.958
0.049,-0.096,0.952
0.049,-0.095,0.956
0.050,-0.095,0.956
0.047,-0.095,0.961
0.048,-0.092,0.955
0.049,-0.096,0.960
0.051,-0.097,0.960
0.049,-0.094,0.956
0.059,-0.109,1.057
0.184,-0.269,1.294
0.183,-0.266,1.310
0.180,-0.262,1.290
0.180,-0.259,1.284
0.179,-0.256,1.273
0.179,-0.254,1.278
0.175,-0.250,1.274
0.175,-0.252,1.272
0.174,-0.250,1.270
0.172,-0.247,1.263
0.174,-0.246,1.266
0.174,-0.245,1.270
0.173,-0.247,1.256
0.172,-0.243,1.259
0.170,-0.243,1.263
0.170,-0.244,1.258
0.170,-0.242,1.256
0.170,-0.240,1.258
0.170,-0.242,1.257
0.171,-0.238,1.251
0.167,-0.241,1.256
0.169,-0.239,1.255
0.167,-0.238,1.251
0.171,-0.240,1.249
0.170,-0.237,1.250
0.168,-0.238,1.245
0.167,-0.236,1.247
0.167,-0.236,1.245
0.166,-0.238,1.247
0.167,-0.237,1.246
0.167,-0.235,1.244
0.167,-0.237,1.240
0.163,-0.238,1.248
0.166,-0.236,1.240
0.167,-0.234,1.237
0.164,-0.234,1.245
0.164,-0.235,1.242
0.165,-0.234,1.237
0.165,-0.232,1.236
0.164,-0.233,1.238
0.162,-0.233,1.245
0.163,-0.233,1.245
0.163,-0.232,1.233
0.161,-0.231,1.237
0.161,-0.232,1.242
0.163,-0.231,1.232
0.164,-0.232,1.233
0.161,-0.230,1.236
0.163,-0.229,1.235
0.160,-0.231,1.231
0.160,-0.230,1.233
0.162,-0.229,1.234
0.161,-0.230,1.238
0.161,-0.232,1.236
0.163,-0.227,1.226
0.160,-0.229,1.234
0.158,-0.229,1.241
0.160,-0.228,1.231
0.161,-0.228,1.231
0.158,-0.230,1.248
0.158,-0.227,1.240
0.160,-0.229,1.226
0.160,-0.228,1.236
0.161,-0.227,1.229
0.159,-0.227,1.238
0.159,-0.226,1.230
0.158,-0.226,1.228
0.159,-0.228,1.228
0.160,-0.228,1.240
0.160,-0.224,1.230
0.159,-0.225,1.224
0.157,-0.229,1.238
0.160,-0.224,1.233
0.160,-0.223,1.230
0.159,-0.228,1.230
0.159,-0.228,1.223
0.160,-0.223,1.238
0.159,-0.227,1.231
0.161,-0.225,1.224
0.160,-0.224,1.228
0.159,-0.225,1.234
0.161,-0.225,1.227
0.160,-0.224,1.225
0.161,-0.225,1.226
0.159,-0.225,1.228
0.160,-0.223,1.228
0.160,-0.225,1.222
0.159,-0.225,1.222
0.161,-0.224,1.226
0.160,-0.221,1.234
0.160,-0.225,1.219
0.159,-0.224,1.222
0.159,-0.223,1.234
0.157,-0.223,1.224
0.159,-0.223,1.222
0.162,-0.223,1.220
0.159,-0.222,1.225
0.157,-0.223,1.231
0.160,-0.223,1.224
0.160,-0.222,1.216
0.160,-0.221,1.227
0.158,-0.221,1.228
0.159,-0.222,1.224
0.161,-0.221,1.219
0.159,-0.222,1.229
0.158,-0.222,1.221
0.159,-0.220,1.223
0.161,-0.224,1.219
0.159,-0.221,1.226
0.160,-0.222,1.218
0.161,-0.222,1.219
0.160,-0.218,1.224
0.158,-0.222,1.210
0.162,-0.221,1.229
0.160,-0.221,1.219
0.159,-0.220,1.213
0.159,-0.223,1.224
0.157,-0.221,1.224
0.160,-0.221,1.222
0.160,-0.222,1.214
0.161,-0.220,1.219
0.158,-0.222,1.227
0.160,-0.220,1.229
0.160,-0.223,1.208
0.160,-0.219,1.219
0.161,-0.218,1.222
0.161,-0.222,1.225
0.160,-0.219,1.214
0.161,-0.221,1.212
0.158,-0.219,1.233
0.158,-0.221,1.215
0.159,-0.218,1.210
0.161,-0.222,1.220
0.161,-0.220,1.224
0.159,-0.217,1.210
0.159,-0.217,1.226
0.161,-0.222,1.217
0.160,-0.220,1.213
0.162,-0.219,1.213
0.159,-0.218,1.224
0.161,-0.219,1.222
0.162,-0.217,1.206
0.163,-0.219,1.225
0.159,-0.220,1.232
0.158,-0.216,1.212
0.159,-0.221,1.218
0.160,-0.219,1.218
0.161,-0.219,1.218
0.161,-0.220,1.228
0.158,-0.221,1.223
0.159,-0.218,1.209
0.161,-0.218,1.220
0.159,-0.219,1.226
0.160,-0.221,1.211
0.160,-0.218,1.222
0.160,-0.219,1.225
0.159,-0.220,1.216
0.160,-0.218,1.218
0.161,-0.218,1.217
0.160,-0.220,1.216
0.160,-0.218,1.222
0.158,-0.218,1.221
0.160,-0.221,1.218
0.158,-0.219,1.216
0.162,-0.216,1.210
0.160,-0.220,1.228
0.159,-0.220,1.213
0.159,-0.216,1.204
0.160,-0.218,1.234
0.158,-0.217,1.218
0.160,-0.219,1.196
0.158,-0.218,1.230
0.157,-0.220,1.225
0.159,-0.219,1.198
0.158,-0.217,1.221
0.156,-0.217,1.230
0.155,-0.220,1.200
0.160,-0.220,1.215
0.159,-0.218,1.222
0.159,-0.217,1.204
0.159,-0.218,1.217
0.159,-0.216,1.227
0.160,-0.217,1.197
0.161,-0.217,1.211
0.158,-0.218,1.230
0.160,-0.218,1.211
0.160,-0.215,1.209
0.156,-0.218,1.216
0.159,-0.220,1.213
0.159,-0.217,1.215
0.159,-0.217,1.209
0.159,-0.215,1.214
0.157,-0.220,1.226
0.158,-0.219,1.218
0.158,-0.216,1.206
0.159,-0.215,1.212
0.157,-0.219,1.219
0.159,-0.218,1.213
0.158,-0.216,1.194
0.158,-0.216,1.218
0.158,-0.219,1.230
0.158,-0.218,1.195
0.159,-0.216,1.194
0.157,-0.215,1.230
0.154,-0.216,1.211
0.159,-0.217,1.199
0.158,-0.215,1.211
0.157,-0.216,1.221
0.159,-0.215,1.195
0.159,-0.216,1.218
0.158,-0.215,1.222
0.157,-0.216,1.209
0.158,-0.212,1.216
0.158,-0.215,1.212
0.158,-0.218,1.207
0.160,-0.217,1.215
0.155,-0.215,1.213
0.158,-0.216,1.208
0.158,-0.214,1.214
0.155,-0.216,1.218
0.155,-0.214,1.212
0.157,-0.215,1.211
0.157,-0.216,1.215
0.156,-0.217,1.211
0.156,-0.216,1.215
0.156,-0.215,1.208
0.157,-0.216,1.203
0.156,-0.219,1.216
0.157,-0.215,1.213
0.155,-0.215,1.203
0.156,-0.216,1.209
0.157,-0.216,1.215
0.155,-0.215,1.205
0.155,-0.215,1.206
0.156,-0.214,1.214
0.157,-0.215,1.205
0.155,-0.214,1.214
0.157,-0.214,1.212
0.154,-0.215,1.206
0.155,-0.215,1.215
0.155,-0.215,1.211
0.153,-0.215,1.204
0.157,-0.214,1.220
0.155,-0.216,1.214
0.154,-0.216,1.205
0.158,-0.215,1.216
0.153,-0.212,1.212
0.155,-0.215,1.207
0.156,-0.214,1.209
0.155,-0.215,1.208
0.153,-0.212,1.209
0.155,-0.216,1.215
0.154,-0.215,1.210
0.156,-0.213,1.208
0.156,-0.214,1.210
0.158,-0.214,1.211
0.155,-0.213,1.209
0.155,-0.213,1.211
0.155,-0.215,1.210
0.154,-0.215,1.213
0.157,-0.214,1.207
0.155,-0.214,1.202
0.155,-0.212,1.214
0.155,-0.214,1.211
0.155,-0.215,1.206
0.158,-0.214,1.202
0.157,-0.213,1.211
0.154,-0.215,1.209
0.157,-0.213,1.208
0.156,-0.212,1.207
0.155,-0.211,1.209
0.154,-0.215,1.209
0.153,-0.214,1.208
0.155,-0.212,1.203
0.155,-0.211,1.211
0.155,-0.211,1.205
0.155,-0.213,1.209
0.156,-0.213,1.211
0.158,-0.212,1.209
0.154,-0.213,1.207
0.156,-0.212,1.214
0.154,-0.212,1.209
0.157,-0.212,1.210
0.155,-0.211,1.215
0.156,-0.212,1.207
0.155,-0.213,1.210
0.157,-0.214,1.205
0.156,-0.210,1.213
0.156,-0.213,1.205
0.155,-0.212,1.210
0.155,-0.213,1.206
0.156,-0.214,1.212
0.156,-0.212,1.205
0.156,-0.211,1.202
0.156,-0.212,1.211
0.155,-0.211,1.212
0.156,-0.212,1.204
0.157,-0.211,1.205
0.155,-0.212,1.208
0.155,-0.213,1.207
0.157,-0.213,1.201
0.155,-0.210,1.211
0.153,-0.212,1.205
0.159,-0.210,1.200
0.155,-0.214,1.208
0.156,-0.214,1.208
0.154,-0.212,1.206
0.156,-0.213,1.203
0.155,-0.212,1.207
0.154,-0.212,1.209
0.155,-0.210,1.199
0.154,-0.212,1.209
0.154,-0.215,1.211
0.155,-0.212,1.196
0.155,-0.210,1.201
0.155,-0.211,1.215
0.151,-0.214,1.202
0.156,-0.211,1.196
0.155,-0.211,1.208
0.155,-0.213,1.207
0.154,-0.211,1.200
0.156,-0.210,1.202
0.155,-0.212,1.203
0.155,-0.214,1.205
0.153,-0.211,1.210
0.156,-0.210,1.203
0.155,-0.211,1.198
0.155,-0.213,1.214
0.155,-0.212,1.213
0.156,-0.211,1.198
0.157,-0.210,1.206
0.154,-0.211,1.206
0.153,-0.215,1.210
0.153,-0.212,1.210
0.154,-0.209,1.191
0.157,-0.212,1.203
0.152,-0.212,1.223
0.155,-0.211,1.206
0.158,-0.211,1.190
0.157,-0.211,1.209
0.154,-0.212,1.206
0.153,-0.211,1.211
0.156,-0.211,1.202
0.156,-0.211,1.194
0.155,-0.212,1.206
0.154,-0.212,1.213
0.156,-0.210,1.198
0.157,-0.209,1.195
0.153,-0.211,1.215
0.155,-0.213,1.209
0.155,-0.210,1.194
0.158,-0.208,1.205
0.154,-0.210,1.208
0.152,-0.212,1.208
0.155,-0.210,1.202
0.156,-0.211,1.202
0.154,-0.213,1.201
0.155,-0.211,1.215
0.154,-0.209,1.207
0.158,-0.209,1.189
0.158,-0.211,1.210
0.152,-0.212,1.214
0.155,-0.208,1.195
0.155,-0.210,1.220
0.155,-0.211,1.199
0.156,-0.212,1.200
0.156,-0.210,1.209
0.156,-0.210,1.207
0.155,-0.211,1.205
0.157,-0.210,1.203
0.154,-0.211,1.219
0.154,-0.211,1.201
0.154,-0.210,1.194
0.155,-0.210,1.220
0.154,-0.212,1.194
0.155,-0.208,1.204
0.155,-0.209,1.222
0.152,-0.211,1.182
0.156,-0.208,1.209
0.152,-0.211,1.222
0.154,-0.209,1.192
0.156,-0.208,1.209
0.154,-0.210,1.225
0.153,-0.210,1.209
0.152,-0.210,1.196
0.155,-0.207,1.202
0.154,-0.207,1.202
0.155,-0.210,1.212
0.155,-0.209,1.209
0.153,-0.211,1.200
0.155,-0.209,1.199
0.154,-0.210,1.201
0.154,-0.211,1.196
0.152,-0.210,1.196
0.155,-0.207,1.207
0.154,-0.208,1.209
0.155,-0.211,1.203
0.153,-0.210,1.197
0.156,-0.209,1.205
0.153,-0.210,1.207
0.153,-0.210,1.198
0.155,-0.209,1.198
0.153,-0.210,1.212
0.153,-0.210,1.195
0.155,-0.210,1.197
0.154,-0.212,1.205
0.155,-0.211,1.196
0.154,-0.209,1.205
0.155,-0.209,1.199
0.154,-0.208,1.200
0.155,-0.212,1.208
0.153,-0.212,1.198
0.155,-0.210,1.199
0.154,-0.208,1.206
0.155,-0.210,1.208
0.151,-0.209,1.201
0.154,-0.209,1.206
0.153,-0.211,1.208
0.153,-0.209,1.198
0.155,-0.210,1.204
0.153,-0.209,1.201
0.155,-0.211,1.200
0.154,-0.209,1.203
0.152,-0.209,1.208
0.154,-0.209,1.198
0.153,-0.208,1.202
0.152,-0.211,1.210
0.154,-0.209,1.200
0.155,-0.209,1.206
0.153,-0.208,1.207
0.154,-0.209,1.198
0.155,-0.212,1.201
0.154,-0.211,1.205
0.152,-0.209,1.202
0.155,-0.210,1.202
0.152,-0.210,1.198
0.154,-0.211,1.201
0.152,-0.207,1.208
0.153,-0.208,1.202
0.154,-0.212,1.198
0.156,-0.210,1.203
0.155,-0.211,1.201
0.152,-0.205,1.204
0.153,-0.209,1.202
0.153,-0.211,1.201
0.153,-0.209,1.200
0.154,-0.210,1.208
0.156,-0.208,1.201
0.153,-0.209,1.197
0.153,-0.210,1.203
0.154,-0.210,1.199
0.153,-0.210,1.203
0.152,-0.208,1.202
0.157,-0.211,1.201
0.155,-0.210,1.198
0.153,-0.208,1.199
0.152,-0.208,1.197
0.153,-0.208,1.200
0.153,-0.209,1.199
0.155,-0.212,1.204
0.152,-0.209,1.205
0.155,-0.208,1.201
0.154,-0.208,1.200
0.153,-0.210,1.207
0.153,-0.210,1.198
0.153,-0.209,1.201
0.153,-0.209,1.203
0.152,-0.208,1.203
0.153,-0.208,1.200
0.154,-0.209,1.204
0.152,-0.209,1.198
0.152,-0.209,1.205
0.154,-0.208,1.206
0.153,-0.208,1.200
0.154,-0.209,1.204
0.152,-0.209,1.202
0.155,-0.211,1.197
0.154,-0.210,1.199
0.154,-0.210,1.201
0.153,-0.210,1.201
0.154,-0.208,1.196
0.155,-0.206,1.201
0.152,-0.209,1.198
0.153,-0.211,1.203
0.154,-0.213,1.198
0.155,-0.210,1.197
0.154,-0.208,1.205
0.152,-0.209,1.201
0.152,-0.211,1.195
0.153,-0.210,1.200
0.153,-0.209,1.203
0.153,-0.207,1.203
0.152,-0.207,1.201
0.154,-0.210,1.194
0.154,-0.208,1.203
0.153,-0.209,1.204
0.154,-0.207,1.202
0.155,-0.207,1.201
0.153,-0.210,1.200
0.153,-0.208,1.203
0.234,-0.303,1.529
0.335,-0.408,1.626
0.325,-0.398,1.597
0.323,-0.394,1.584
0.321,-0.391,1.585
0.318,-0.388,1.587
0.316,-0.389,1.575
0.316,-0.383,1.573
0.315,-0.382,1.567
0.313,-0.383,1.570
0.312,-0.380,1.568
0.315,-0.377,1.558
0.314,-0.378,1.552
0.311,-0.375,1.560
0.310,-0.375,1.561
0.309,-0.376,1.549
0.309,-0.372,1.551
0.309,-0.374,1.556
0.308,-0.371,1.556
0.309,-0.372,1.549
0.310,-0.371,1.543
0.307,-0.368,1.550
0.306,-0.369,1.554
0.308,-0.368,1.545
0.307,-0.367,1.532
0.306,-0.365,1.550
0.306,-0.366,1.550
0.305,-0.366,1.537
0.306,-0.364,1.538
0.303,-0.366,1.543
0.304,-0.363,1.540
0.306,-0.362,1.540
0.304,-0.365,1.539
0.304,-0.364,1.531
0.305,-0.362,1.546
0.303,-0.363,1.539
0.304,-0.361,1.520
0.305,-0.361,1.538
0.303,-0.362,1.541
0.304,-0.360,1.535
0.305,-0.361,1.534
0.303,-0.360,1.534
0.302,-0.360,1.531
0.303,-0.359,1.539
0.301,-0.361,1.533
0.305,-0.359,1.521
0.304,-0.362,1.543
0.299,-0.360,1.531
0.303,-0.359,1.525
0.303,-0.358,1.534
0.302,-0.357,1.530
0.305,-0.355,1.521
0.302,-0.358,1.539
0.302,-0.358,1.529
0.302,-0.358,1.518
0.302,-0.358,1.535
0.302,-0.357,1.530
0.301,-0.360,1.523
0.302,-0.357,1.529
0.301,-0.358,1.522
0.301,-0.358,1.532
0.300,-0.355,1.526
0.300,-0.358,1.524
0.299,-0.357,1.524
0.300,-0.354,1.529
0.300,-0.357,1.520
0.301,-0.357,1.525
0.298,-0.356,1.524
0.300,-0.357,1.530
0.302,-0.355,1.524
0.301,-0.355,1.525
0.302,-0.355,1.521
0.301,-0.356,1.531
0.300,-0.353,1.520
0.301,-0.357,1.524
0.301,-0.356,1.530
0.301,-0.354,1.516
0.300,-0.355,1.522
0.300,-0.353,1.527
0.300,-0.354,1.521
0.301,-0.354,1.514
0.300,-0.352,1.526
0.298,-0.355,1.525
0.299,-0.355,1.517
0.300,-0.352,1.530
0.299,-0.354,1.518
0.299,-0.355,1.512
0.300,-0.352,1.535
0.299,-0.355,1.519
0.299,-0.352,1.507
0.299,-0.351,1.532
0.298,-0.352,1.524
0.300,-0.351,1.512
0.297,-0.351,1.525
0.297,-0.354,1.520
0.300,-0.351,1.514
0.297,-0.352,1.524
0.297,-0.353,1.514
0.298,-0.350,1.510
0.295,-0.350,1.525
0.297,-0.352,1.514
0.299,-0.352,1.514
0.299,-0.351,1.523
0.297,-0.351,1.516
0.298,-0.350,1.520
0.299,-0.352,1.510
0.294,-0.351,1.508
0.298,-0.351,1.523
0.295,-0.349,1.517
0.297,-0.352,1.516
0.297,-0.350,1.519
0.296,-0.351,1.515
0.298,-0.353,1.516
0.297,-0.349,1.512
0.297,-0.349,1.519
0.296,-0.351,1.508
0.294,-0.352,1.522
0.299,-0.350,1.513
0.295,-0.349,1.516
0.296,-0.350,1.512
0.296,-0.349,1.516
0.295,-0.347,1.520
0.296,-0.349,1.510
0.296,-0.349,1.511
0.296,-0.350,1.519
0.296,-0.351,1.513
0.298,-0.351,1.513
0.296,-0.350,1.513
0.296,-0.350,1.508
0.294,-0.350,1.508
0.297,-0.350,1.516
0.296,-0.350,1.513
0.297,-0.348,1.511
0.296,-0.350,1.519
0.297,-0.349,1.509
0.296,-0.349,1.513
0.297,-0.349,1.509
0.295,-0.347,1.513
0.296,-0.348,1.520
0.296,-0.348,1.514
0.296,-0.349,1.512
0.296,-0.348,1.513
0.295,-0.349,1.513
0.296,-0.348,1.509
0.295,-0.349,1.514
0.295,-0.350,1.514
0.296,-0.350,1.508
0.294,-0.349,1.510
0.294,-0.347,1.513
0.294,-0.348,1.510
0.295,-0.347,1.522
0.296,-0.348,1.502
0.295,-0.348,1.512
0.295,-0.346,1.505
0.295,-0.345,1.530
0.293,-0.349,1.498
0.295,-0.346,1.492
0.296,-0.346,1.518
0.291,-0.347,1.515
0.297,-0.347,1.486
0.295,-0.346,1.526
0.295,-0.349,1.511
0.295,-0.348,1.496
0.294,-0.345,1.522
0.291,-0.349,1.520
0.292,-0.346,1.489
0.296,-0.344,1.520
0.293,-0.346,1.518
0.293,-0.348,1.496
0.295,-0.345,1.504
0.293,-0.348,1.519
0.295,-0.350,1.497
0.295,-0.343,1.504
0.293,-0.345,1.515
0.293,-0.348,1.499
0.294,-0.346,1.503
0.294,-0.344,1.509
0.292,-0.348,1.504
0.293,-0.346,1.501
0.292,-0.345,1.508
0.294,-0.347,1.508
0.294,-0.345,1.505
0.293,-0.344,1.504
0.295,-0.344,1.509
0.292,-0.347,1.506
0.294,-0.346,1.508
0.293,-0.344,1.504
0.293,-0.345,1.506
0.293,-0.346,1.502
0.293,-0.344,1.508
0.292,-0.348,1.505
0.293,-0.345,1.501
0.294,-0.345,1.501
0.291,-0.345,1.502
0.293,-0.346,1.499
0.293,-0.345,1.507
0.293,-0.344,1.508
0.292,-0.345,1.507
0.291,-0.345,1.506
0.291,-0.345,1.503
0.292,-0.346,1.502
0.294,-0.344,1.511
0.292,-0.343,1.500
0.292,-0.345,1.504
0.292,-0.345,1.509
0.292,-0.345,1.501
0.291,-0.344,1.506
0.292,-0.345,1.509
0.291,-0.345,1.506
0.292,-0.345,1.508
0.293,-0.344,1.506
0.294,-0.344,1.506
0.292,-0.344,1.501
0.292,-0.343,1.502
0.291,-0.346,1.504
0.291,-0.342,1.504
0.290,-0.345,1.498
0.293,-0.346,1.504
0.292,-0.345,1.506
0.292,-0.344,1.504
0.292,-0.346,1.500
0.293,-0.345,1.503
0.294,-0.341,1.504
0.294,-0.342,1.510
0.292,-0.344,1.507
0.292,-0.345,1.499
0.292,-0.344,1.500
0.290,-0.347,1.507
0.291,-0.344,1.497
0.292,-0.344,1.496
0.291,-0.345,1.506
0.292,-0.344,1.502
0.291,-0.343,1.508
0.291,-0.343,1.501
0.289,-0.346,1.504
0.293,-0.345,1.508
0.290,-0.342,1.498
0.294,-0.343,1.501
0.292,-0.344,1.504
0.291,-0.343,1.501
0.291,-0.343,1.504
0.294,-0.344,1.497
0.291,-0.341,1.502
0.291,-0.343,1.502
0.291,-0.344,1.500
0.292,-0.342,1.494
0.289,-0.345,1.505
0.291,-0.343,1.504
0.292,-0.341,1.496
0.291,-0.344,1.502
0.289,-0.345,1.501
0.292,-0.341,1.499
0.292,-0.343,1.505
0.290,-0.344,1.500
0.291,-0.343,1.501
0.292,-0.342,1.504
0.290,-0.345,1.501
0.291,-0.344,1.498
0.290,-0.344,1.504
0.288,-0.341,1.504
0.292,-0.342,1.500
0.292,-0.344,1.500
0.289,-0.341,1.496
0.293,-0.344,1.504
0.290,-0.345,1.500
0.291,-0.343,1.502
0.291,-0.342,1.507
0.289,-0.344,1.502
0.291,-0.344,1.502
0.291,-0.344,1.501
0.293,-0.345,1.500
0.292,-0.344,1.500
0.292,-0.344,1.502
0.289,-0.341,1.497
0.290,-0.344,1.502
0.289,-0.344,1.504
0.288,-0.342,1.497
0.292,-0.343,1.504
0.291,-0.345,1.496
0.291,-0.342,1.498
0.293,-0.344,1.505
0.288,-0.343,1.502
0.293,-0.342,1.496
0.291,-0.342,1.497
0.289,-0.344,1.508
0.292,-0.346,1.500
0.292,-0.342,1.498
0.293,-0.341,1.498
0.290,-0.344,1.501
0.288,-0.344,1.504
0.291,-0.343,1.496
0.292,-0.342,1.500
0.289,-0.343,1.506
0.291,-0.343,1.499
0.290,-0.341,1.501
0.291,-0.346,1.496
0.291,-0.344,1.496
0.291,-0.341,1.504
0.288,-0.343,1.498
0.291,-0.343,1.497
0.290,-0.342,1.496
0.290,-0.342,1.504
0.291,-0.344,1.497
0.289,-0.344,1.492
0.289,-0.341,1.498
0.289,-0.342,1.500
0.290,-0.344,1.501
0.290,-0.340,1.494
0.287,-0.343,1.497
0.289,-0.343,1.501
0.288,-0.341,1.492
0.289,-0.341,1.502
0.289,-0.342,1.499
0.288,-0.343,1.494
0.289,-0.342,1.500
0.288,-0.343,1.497
0.288,-0.342,1.498
0.289,-0.340,1.500
0.289,-0.339,1.500
0.289,-0.344,1.500
0.288,-0.342,1.500
0.287,-0.343,1.495
0.286,-0.345,1.499
0.289,-0.342,1.500
0.289,-0.342,1.491
0.289,-0.341,1.497
0.288,-0.341,1.501
0.287,-0.340,1.498
0.288,-0.341,1.493
0.288,-0.342,1.496
0.290,-0.339,1.496
0.287,-0.341,1.504
0.289,-0.341,1.495
0.288,-0.342,1.494
0.288,-0.340,1.496
0.289,-0.343,1.497
0.288,-0.341,1.495
0.287,-0.340,1.499
0.288,-0.341,1.492
0.288,-0.341,1.491
0.286,-0.343,1.497
0.288,-0.340,1.492
0.287,-0.341,1.498
0.287,-0.340,1.494
0.288,-0.341,1.494
0.286,-0.339,1.494
0.285,-0.341,1.497
0.288,-0.342,1.494
0.285,-0.341,1.493
0.288,-0.339,1.488
0.287,-0.341,1.499
0.286,-0.341,1.496
0.288,-0.338,1.494
0.288,-0.340,1.493
0.286,-0.339,1.495
0.287,-0.340,1.490
0.287,-0.339,1.493
0.287,-0.339,1.494
0.286,-0.341,1.494
0.287,-0.342,1.496
0.285,-0.340,1.492
0.287,-0.340,1.499
0.286,-0.340,1.491
0.286,-0.340,1.490
0.285,-0.338,1.493
0.285,-0.340,1.494
0.285,-0.340,1.490
0.285,-0.340,1.494
0.286,-0.338,1.494
0.284,-0.339,1.494
0.287,-0.342,1.492
0.284,-0.341,1.488
0.283,-0.337,1.492
0.285,-0.338,1.492
0.286,-0.339,1.497
0.285,-0.339,1.490
0.286,-0.338,1.493
0.286,-0.338,1.498
0.287,-0.341,1.494
0.285,-0.341,1.485
0.286,-0.338,1.491
0.285,-0.341,1.492
0.285,-0.341,1.496
0.286,-0.341,1.488
0.283,-0.340,1.498
0.284,-0.341,1.494
0.284,-0.341,1.492
0.286,-0.340,1.496
0.286,-0.339,1.495
0.286,-0.337,1.487
0.286,-0.342,1.498
0.286,-0.340,1.493
0.283,-0.338,1.491
0.286,-0.340,1.494
0.286,-0.340,1.492
0.286,-0.338,1.493
0.286,-0.339,1.495
0.287,-0.338,1.490
0.288,-0.339,1.492
0.287,-0.337,1.494
0.284,-0.338,1.491
0.286,-0.340,1.482
0.283,-0.340,1.495
0.286,-0.336,1.485
0.285,-0.339,1.501
0.283,-0.338,1.490
0.286,-0.336,1.496
0.284,-0.340,1.498
0.287,-0.340,1.482
0.285,-0.339,1.494
0.288,-0.337,1.496
0.287,-0.336,1.490
0.284,-0.340,1.491
0.284,-0.337,1.488
0.285,-0.337,1.498
0.283,-0.340,1.491
0.284,-0.339,1.485
0.286,-0.337,1.479
0.285,-0.336,1.516
0.287,-0.338,1.483
0.287,-0.336,1.482
0.283,-0.337,1.521
0.283,-0.337,1.464
0.289,-0.337,1.482
0.284,-0.340,1.516
0.284,-0.337,1.475
0.287,-0.336,1.472
0.287,-0.337,1.516
0.281,-0.339,1.485
0.285,-0.335,1.471
0.286,-0.337,1.504
0.284,-0.338,1.499
0.284,-0.339,1.468
0.288,-0.337,1.502
0.283,-0.337,1.500
0.284,-0.335,1.481
0.284,-0.336,1.488
0.284,-0.338,1.496
0.285,-0.335,1.478
0.285,-0.335,1.493
0.284,-0.338,1.498
0.285,-0.338,1.487
0.287,-0.337,1.488
0.283,-0.338,1.493
0.286,-0.338,1.476
0.285,-0.335,1.494
0.285,-0.336,1.498
0.286,-0.334,1.476
0.285,-0.335,1.492
0.284,-0.335,1.494
0.284,-0.338,1.473
0.285,-0.336,1.490
0.284,-0.338,1.496
0.283,-0.335,1.476
0.285,-0.336,1.483
0.284,-0.339,1.509
0.282,-0.338,1.484
0.286,-0.337,1.482
0.285,-0.338,1.496
0.285,-0.340,1.478
0.285,-0.333,1.496
0.283,-0.336,1.502
0.283,-0.337,1.480
0.286,-0.335,1.486
0.286,-0.335,1.498
0.283,-0.338,1.496
0.285,-0.337,1.484
0.288,-0.336,1.483
0.282,-0.336,1.502
0.284,-0.335,1.496
0.287,-0.337,1.486
0.284,-0.337,1.486
0.286,-0.335,1.492
0.284,-0.335,1.494
0.283,-0.337,1.490
0.286,-0.337,1.479
0.284,-0.336,1.491
0.285,-0.337,1.498
0.286,-0.337,1.485
0.287,-0.337,1.481
0.286,-0.338,1.489
0.284,-0.339,1.494
0.285,-0.337,1.488
0.287,-0.336,1.483
0.287,-0.337,1.492
0.285,-0.334,1.494
0.286,-0.336,1.492
0.286,-0.335,1.487
0.286,-0.337,1.490
0.284,-0.341,1.492
0.283,-0.337,1.489
0.287,-0.337,1.490
0.286,-0.337,1.488
0.284,-0.337,1.492
0.283,-0.337,1.489
0.286,-0.337,1.488
0.284,-0.339,1.490
0.284,-0.338,1.493
0.286,-0.336,1.486
0.285,-0.336,1.490
0.284,-0.338,1.486
0.426,-0.506,1.891
0.462,-0.544,1.907
0.458,-0.539,1.906
0.456,-0.534,1.898
0.454,-0.535,1.891
0.454,-0.530,1.893
0.453,-0.530,1.881
0.450,-0.527,1.892
0.450,-0.526,1.884
0.452,-0.524,1.874
0.450,-0.524,1.878
0.447,-0.522,1.877
0.449,-0.521,1.875
0.448,-0.520,1.869
0.450,-0.519,1.871
0.447,-0.519,1.874
0.446,-0.520,1.869
0.447,-0.515,1.869
0.446,-0.516,1.865
0.446,-0.513,1.863
0.446,-0.513,1.869
0.446,-0.514,1.859
0.444,-0.513,1.862
0.443,-0.513,1.866
0.443,-0.512,1.855
0.442,-0.511,1.859
0.441,-0.510,1.862
0.441,-0.511,1.859
0.440,-0.512,1.853
0.443,-0.510,1.858
0.441,-0.512,1.859
0.443,-0.509,1.851
0.442,-0.509,1.857
0.442,-0.509,1.851
0.442,-0.506,1.855
0.440,-0.507,1.851
0.441,-0.507,1.850
0.439,-0.508,1.853
0.439,-0.508,1.859
0.441,-0.505,1.847
0.441,-0.506,1.852
0.443,-0.504,1.854
0.441,-0.506,1.848
0.442,-0.504,1.843
0.439,-0.507,1.854
0.441,-0.505,1.853
0.440,-0.506,1.850
0.444,-0.505,1.846
0.441,-0.504,1.849
0.440,-0.504,1.851
0.442,-0.506,1.856
0.439,-0.503,1.841
0.443,-0.503,1.839
0.440,-0.500,1.852
0.441,-0.505,1.848
0.442,-0.500,1.838
0.441,-0.503,1.843
0.441,-0.502,1.846
0.436,-0.501,1.842
0.441,-0.502,1.848
0.440,-0.502,1.845
0.440,-0.502,1.839
0.441,-0.498,1.853
0.442,-0.501,1.835
0.444,-0.500,1.840
0.444,-0.499,1.851
0.441,-0.499,1.848
0.445,-0.499,1.841
0.445,-0.501,1.840
0.444,-0.499,1.841
0.444,-0.499,1.848
0.445,-0.499,1.842
0.444,-0.500,1.837
0.444,-0.499,1.844
0.444,-0.501,1.839
0.442,-0.499,1.840
0.444,-0.500,1.846
0.444,-0.498,1.830
0.443,-0.497,1.843
0.443,-0.497,1.849
0.443,-0.495,1.842
0.440,-0.494,1.840
0.444,-0.496,1.838
0.443,-0.494,1.837
0.442,-0.492,1.846
0.444,-0.495,1.834
0.445,-0.490,1.834
0.443,-0.491,1.839
0.441,-0.492,1.838
0.444,-0.494,1.838
0.444,-0.492,1.831
0.442,-0.492,1.836
0.441,-0.491,1.840
0.442,-0.493,1.833
0.441,-0.492,1.834
0.443,-0.496,1.838
0.440,-0.491,1.840
0.438,-0.496,1.836
0.444,-0.491,1.834
0.439,-0.495,1.836
0.441,-0.496,1.834
0.440,-0.496,1.835
0.441,-0.493,1.837
0.439,-0.495,1.837
0.441,-0.495,1.830
0.439,-0.496,1.834
0.441,-0.495,1.836
0.440,-0.496,1.837
0.437,-0.497,1.835
0.439,-0.497,1.828
0.437,-0.494,1.836
0.437,-0.497,1.840
0.439,-0.494,1.831
0.440,-0.495,1.829
0.437,-0.495,1.833
0.437,-0.493,1.842
0.438,-0.496,1.828
0.441,-0.493,1.833
0.436,-0.495,1.833
0.437,-0.495,1.830
0.438,-0.495,1.836
0.436,-0.494,1.836
0.439,-0.495,1.838
0.437,-0.496,1.831
0.439,-0.496,1.828
0.439,-0.494,1.838
0.436,-0.494,1.837
0.439,-0.496,1.831
0.437,-0.495,1.833
0.437,-0.496,1.829
0.436,-0.493,1.840
0.436,-0.496,1.840
0.438,-0.494,1.818
0.438,-0.493,1.833
0.436,-0.497,1.844
0.435,-0.496,1.826
0.438,-0.496,1.829
0.436,-0.495,1.841
0.435,-0.493,1.827
0.436,-0.496,1.836
0.438,-0.492,1.833
0.437,-0.492,1.828
0.435,-0.492,1.838
0.436,-0.494,1.838
0.436,-0.494,1.818
0.436,-0.493,1.836
0.435,-0.491,1.842
0.432,-0.493,1.825
0.437,-0.495,1.823
0.435,-0.493,1.838
0.435,-0.494,1.832
0.436,-0.492,1.836
0.435,-0.496,1.832
0.435,-0.494,1.819
0.433,-0.496,1.831
0.435,-0.493,1.835
0.435,-0.490,1.827
0.436,-0.495,1.828
0.435,-0.495,1.830
0.434,-0.494,1.843
0.435,-0.494,1.824
0.436,-0.494,1.827
0.434,-0.494,1.833
0.437,-0.495,1.832
0.435,-0.494,1.829
0.436,-0.494,1.826
0.435,-0.492,1.830
0.435,-0.494,1.832
0.436,-0.492,1.828
0.438,-0.496,1.832
0.437,-0.492,1.831
0.435,-0.492,1.835
0.433,-0.493,1.833
0.437,-0.494,1.831
0.435,-0.493,1.831
0.436,-0.494,1.830
0.435,-0.493,1.828
0.434,-0.491,1.832
0.434,-0.494,1.829
0.435,-0.494,1.827
0.436,-0.493,1.834
0.438,-0.493,1.828
0.436,-0.493,1.819
0.436,-0.491,1.835
0.437,-0.493,1.830
0.438,-0.492,1.824
0.439,-0.492,1.837
0.437,-0.491,1.825
0.437,-0.493,1.823
0.437,-0.491,1.829
0.436,-0.496,1.823
0.436,-0.491,1.827
0.437,-0.491,1.826
0.436,-0.492,1.820
0.438,-0.490,1.826
0.435,-0.493,1.820
0.437,-0.491,1.827
0.440,-0.492,1.836
0.437,-0.492,1.823
0.436,-0.492,1.825
0.439,-0.492,1.832
0.438,-0.492,1.815
0.439,-0.490,1.823
0.436,-0.493,1.833
0.437,-0.489,1.821
0.437,-0.494,1.828
0.437,-0.490,1.829
0.437,-0.492,1.818
0.437,-0.490,1.830
0.437,-0.492,1.823
0.437,-0.493,1.820
0.437,-0.492,1.838
0.436,-0.491,1.826
0.439,-0.490,1.814
0.439,-0.490,1.833
0.437,-0.492,1.823
0.437,-0.489,1.821
0.437,-0.490,1.826
0.435,-0.489,1.826
0.436,-0.490,1.819
0.437,-0.487,1.826
0.436,-0.491,1.827
0.434,-0.488,1.821
0.436,-0.489,1.823
0.437,-0.489,1.828
0.436,-0.488,1.819
0.437,-0.487,1.819
0.434,-0.486,1.828
0.433,-0.488,1.820
0.433,-0.488,1.821
0.432,-0.489,1.826
0.432,-0.488,1.818
0.435,-0.489,1.820
0.434,-0.489,1.821
0.433,-0.488,1.820
0.433,-0.490,1.825
0.434,-0.488,1.820
0.434,-0.490,1.821
0.434,-0.487,1.827
0.433,-0.490,1.824
0.433,-0.489,1.828
0.433,-0.487,1.820
0.434,-0.490,1.820
0.431,-0.490,1.821
0.432,-0.491,1.825
0.434,-0.491,1.822
0.435,-0.488,1.820
0.434,-0.489,1.827
0.434,-0.490,1.824
0.431,-0.488,1.826
0.434,-0.487,1.823
0.433,-0.491,1.821
0.432,-0.490,1.828
0.432,-0.489,1.823
0.432,-0.490,1.824
0.435,-0.487,1.820
0.433,-0.489,1.825
0.434,-0.488,1.829
0.432,-0.490,1.825
0.433,-0.488,1.821
0.433,-0.488,1.821
0.433,-0.489,1.829
0.432,-0.488,1.826
0.435,-0.489,1.823
0.433,-0.489,1.824
0.432,-0.490,1.830
0.435,-0.487,1.816
0.435,-0.484,1.822
0.432,-0.490,1.836
0.433,-0.488,1.821
0.435,-0.489,1.813
0.435,-0.487,1.834
0.433,-0.490,1.828
0.435,-0.489,1.821
0.433,-0.491,1.828
0.433,-0.490,1.829
0.435,-0.489,1.825
0.435,-0.491,1.833
0.434,-0.491,1.820
0.434,-0.492,1.825
0.436,-0.489,1.833
0.434,-0.492,1.826
0.435,-0.490,1.830
0.435,-0.490,1.827
0.435,-0.492,1.827
0.433,-0.489,1.828
0.434,-0.492,1.825
0.432,-0.494,1.830
0.434,-0.492,1.826
0.435,-0.494,1.834
0.433,-0.493,1.822
0.435,-0.495,1.828
0.434,-0.493,1.832
0.435,-0.496,1.822
0.434,-0.496,1.826
0.433,-0.494,1.829
0.435,-0.496,1.827
0.432,-0.493,1.831
0.435,-0.496,1.825
0.434,-0.498,1.830
0.433,-0.495,1.825
0.430,-0.494,1.825
0.432,-0.493,1.833
0.431,-0.495,1.829
0.433,-0.495,1.816
0.432,-0.493,1.833
0.432,-0.493,1.834
0.431,-0.493,1.810
0.432,-0.491,1.828
0.432,-0.493,1.833
0.431,-0.492,1.813
0.432,-0.490,1.824
0.432,-0.493,1.834
0.432,-0.494,1.814
0.433,-0.492,1.821
0.431,-0.493,1.833
0.430,-0.491,1.818
0.433,-0.490,1.820
0.431,-0.492,1.834
0.431,-0.491,1.817
0.431,-0.494,1.823
0.432,-0.491,1.832
0.430,-0.491,1.820
0.431,-0.493,1.821
0.431,-0.489,1.829
0.429,-0.492,1.821
0.431,-0.492,1.822
0.432,-0.490,1.833
0.430,-0.493,1.826
0.431,-0.493,1.820
0.431,-0.489,1.830
0.431,-0.493,1.830
0.432,-0.491,1.820
0.432,-0.490,1.829
0.431,-0.493,1.825
0.434,-0.491,1.819
0.431,-0.493,1.832
0.432,-0.490,1.821
0.434,-0.489,1.826
0.432,-0.491,1.833
0.431,-0.489,1.819
0.434,-0.490,1.817
0.431,-0.491,1.826
0.434,-0.490,1.828
0.429,-0.490,1.821
0.431,-0.494,1.819
0.431,-0.491,1.829
0.432,-0.489,1.824
0.432,-0.492,1.824
0.434,-0.490,1.816
0.433,-0.489,1.820
0.431,-0.491,1.833
0.433,-0.489,1.814
0.432,-0.491,1.814
0.432,-0.491,1.826
0.430,-0.489,1.815
0.432,-0.489,1.821
0.431,-0.488,1.825
0.430,-0.490,1.819
0.431,-0.492,1.825
0.430,-0.491,1.817
0.431,-0.487,1.814
0.430,-0.491,1.825
0.428,-0.491,1.818
0.431,-0.489,1.819
0.431,-0.491,1.826
0.430,-0.489,1.810
0.432,-0.490,1.823
0.431,-0.490,1.826
0.433,-0.489,1.814
0.433,-0.489,1.818
0.432,-0.488,1.826
0.432,-0.490,1.813
0.432,-0.491,1.822
0.434,-0.488,1.814
0.432,-0.489,1.821
0.433,-0.487,1.820
0.432,-0.487,1.812
0.433,-0.490,1.819
0.433,-0.488,1.828
0.433,-0.489,1.818
0.434,-0.489,1.813
0.433,-0.486,1.832
0.433,-0.489,1.813
0.436,-0.489,1.816
0.433,-0.489,1.822
0.433,-0.489,1.816
0.433,-0.489,1.812
0.434,-0.487,1.826
0.434,-0.488,1.811
0.433,-0.485,1.814
0.433,-0.486,1.836
0.432,-0.489,1.812
0.433,-0.488,1.813
0.431,-0.486,1.826
0.432,-0.486,1.812
0.434,-0.485,1.813
0.431,-0.488,1.830
0.431,-0.487,1.808
0.432,-0.486,1.821
0.431,-0.485,1.817
0.432,-0.486,1.805
0.432,-0.485,1.829
0.432,-0.488,1.821
0.431,-0.487,1.800
0.435,-0.487,1.828
0.430,-0.488,1.817
0.431,-0.490,1.805
0.431,-0.486,1.817
0.432,-0.491,1.825
0.432,-0.492,1.808
0.435,-0.489,1.815
0.435,-0.490,1.828
0.431,-0.490,1.806
0.434,-0.489,1.814
0.433,-0.491,1.833
0.433,-0.487,1.812
0.435,-0.489,1.812
0.435,-0.488,1.827
0.431,-0.488,1.816
0.433,-0.491,1.817
0.432,-0.490,1.826
0.433,-0.488,1.813
0.433,-0.488,1.823
0.431,-0.489,1.827
0.432,-0.488,1.810
0.434,-0.488,1.828
0.430,-0.488,1.829
0.433,-0.489,1.812
0.432,-0.486,1.821
0.433,-0.489,1.827
0.431,-0.487,1.820
0.431,-0.487,1.826
0.432,-0.489,1.814
0.432,-0.489,1.811
0.431,-0.486,1.832
0.429,-0.489,1.812
0.433,-0.487,1.808
0.432,-0.489,1.838
0.429,-0.489,1.815
0.432,-0.487,1.811
0.431,-0.490,1.828
0.429,-0.487,1.811
0.432,-0.488,1.816
0.429,-0.489,1.833
0.431,-0.486,1.806
0.433,-0.487,1.808
0.429,-0.487,1.838
0.429,-0.489,1.804
0.433,-0.489,1.806
0.430,-0.489,1.836
0.431,-0.490,1.812
0.434,-0.489,1.807
0.431,-0.487,1.829
0.431,-0.486,1.808
0.434,-0.486,1.812
0.433,-0.488,1.831
0.434,-0.489,1.805
0.432,-0.487,1.820
0.432,-0.485,1.833
0.434,-0.487,1.801
0.435,-0.486,1.816
0.432,-0.485,1.830
0.432,-0.487,1.802
0.436,-0.482,1.820
0.434,-0.484,1.817
0.432,-0.485,1.799
0.434,-0.483,1.820
0.429,-0.484,1.821
0.433,-0.488,1.797
0.434,-0.488,1.812
0.432,-0.485,1.829
0.432,-0.487,1.800
0.433,-0.487,1.807
0.434,-0.486,1.829
0.431,-0.485,1.814
0.432,-0.486,1.800
0.433,-0.485,1.829
0.428,-0.488,1.812
0.431,-0.487,1.804
0.430,-0.485,1.821
0.429,-0.488,1.815
0.430,-0.487,1.801
0.430,-0.485,1.820
0.429,-0.486,1.818
0.429,-0.487,1.803
0.430,-0.484,1.817
0.428,-0.486,1.821
0.431,-0.483,1.806
0.429,-0.486,1.809
0.429,-0.486,1.815
0.429,-0.484,1.816
0.430,-0.486,1.811
0.429,-0.484,1.810
0.428,-0.485,1.818
0.428,-0.486,1.814
0.431,-0.484,1.806
0.429,-0.484,1.821
0.430,-0.489,1.806
0.428,-0.488,1.809
0.427,-0.485,1.727
0.179,-0.196,1.134
0.002,-0.029,0.779
-0.026,-0.007,0.769
-0.022,-0.005,0.774
-0.026,-0.004,0.776
-0.026,-0.002,0.771
-0.026,-0.002,0.768
-0.025,-0.001,0.760
-0.026,-0.003,0.775
-0.025,-0.003,0.780
-0.028,-0.007,0.767
-0.026,-0.004,0.765
-0.029,-0.003,0.768
-0.026,-0.002,0.762
-0.028,-0.002,0.766
-0.027,-0.003,0.777
-0.028,-0.001,0.775
-0.026,-0.002,0.773
-0.029,-0.003,0.769
-0.027,-0.007,0.772
-0.028,-0.003,0.775
-0.026,-0.003,0.757
-0.028,-0.001,0.766
-0.026,-0.002,0.787
-0.027,-0.002,0.773
-0.026,-0.005,0.773
-0.029,-0.005,0.773
-0.028,-0.006,0.769
-0.028,-0.006,0.771
-0.028,-0.007,0.766
-0.029,-0.011,0.773
-0.026,-0.008,0.772
-0.029,-0.010,0.766
-0.028,-0.010,0.772
-0.026,-0.011,0.770
-0.029,-0.011,0.770
-0.025,-0.012,0.773
-0.026,-0.009,0.769
-0.026,-0.009,0.767
-0.026,-0.009,0.772
-0.025,-0.010,0.770
-0.026,-0.011,0.772
-0.025,-0.011,0.771
-0.025,-0.013,0.770
-0.025,-0.009,0.776
-0.023,-0.008,0.767
-0.025,-0.009,0.774
-0.026,-0.009,0.774
-0.028,-0.010,0.769
-0.026,-0.011,0.774
-0.026,-0.010,0.773
-0.027,-0.012,0.770
-0.030,-0.009,0.774
-0.030,-0.007,0.770
-0.030,-0.006,0.771
-0.031,-0.009,0.772
-0.030,-0.011,0.770
-0.029,-0.011,0.769
-0.031,-0.008,0.771
-0.035,-0.008,0.769
-0.030,-0.009,0.773
-0.031,-0.009,0.768
-0.030,-0.006,0.773
-0.032,-0.008,0.774
-0.030,-0.007,0.771
-0.033,-0.008,0.772
-0.030,-0.012,0.771
-0.034,-0.013,0.768
-0.032,-0.010,0.771
-0.032,-0.012,0.769
-0.031,-0.009,0.768
-0.032,-0.011,0.771
-0.030,-0.010,0.768
-0.031,-0.010,0.772
-0.031,-0.013,0.774
-0.033,-0.013,0.767
-0.029,-0.011,0.774
-0.030,-0.010,0.770
-0.030,-0.011,0.770
-0.032,-0.007,0.771
-0.029,-0.008,0.766
-0.030,-0.005,0.770
-0.030,-0.010,0.770
-0.030,-0.009,0.767
-0.030,-0.009,0.775
-0.028,-0.006,0.765
-0.030,-0.007,0.771
-0.030,-0.009,0.769
-0.030,-0.009,0.768
-0.030,-0.009,0.770
-0.031,-0.009,0.771
-0.033,-0.009,0.769
-0.029,-0.008,0.771
-0.033,-0.009,0.770
-0.030,-0.005,0.772
-0.031,-0.007,0.772
-0.031,-0.007,0.769
-0.032,-0.006,0.771
-0.031,-0.007,0.770
-0.032,-0.010,0.768
-0.030,-0.009,0.770
-0.031,-0.008,0.770
-0.033,-0.005,0.768
-0.030,-0.004,0.772
-0.031,-0.007,0.768
-0.032,-0.009,0.770
-0.030,-0.008,0.771
-0.032,-0.007,0.771
-0.031,-0.009,0.770
-0.031,-0.008,0.772
-0.030,-0.008,0.766
-0.033,-0.005,0.775
-0.033,-0.007,0.767
-0.031,-0.006,0.772
-0.033,-0.006,0.774
-0.030,-0.007,0.770
-0.034,-0.007,0.771
-0.032,-0.007,0.772
-0.033,-0.005,0.770
-0.030,-0.003,0.772
-0.034,-0.006,0.771
-0.033,-0.006,0.768
-0.030,-0.006,0.773
-0.032,-0.010,0.773
-0.030,-0.007,0.772
-0.032,-0.006,0.769
-0.030,-0.005,0.772
-0.030,-0.007,0.773
-0.031,-0.007,0.767
-0.031,-0.010,0.772
-0.033,-0.009,0.773
-0.029,-0.003,0.770
-0.030,-0.001,0.771
-0.030,-0.003,0.767
-0.030,-0.004,0.768
-0.030,-0.007,0.774
-0.030,-0.007,0.774
-0.031,-0.007,0.771
-0.030,-0.006,0.772
-0.030,-0.005,0.768
-0.028,-0.009,0.776
-0.031,-0.003,0.772
-0.030,-0.002,0.768
-0.032,-0.005,0.773
-0.030,-0.004,0.771
-0.029,-0.007,0.769
-0.030,-0.009,0.773
-0.029,-0.006,0.768
-0.029,-0.006,0.770
-0.030,-0.006,0.771
-0.030,-0.003,0.770
-0.032,-0.003,0.776
-0.030,-0.005,0.772
-0.030,-0.007,0.771
-0.030,-0.009,0.772
-0.030,-0.009,0.768
-0.029,-0.004,0.772
-0.030,0.001,0.770
-0.030,0.001,0.769
-0.028,-0.002,0.770
-0.026,-0.004,0.772
-0.026,-0.006,0.768
-0.028,-0.004,0.773
-0.027,-0.003,0.769
-0.025,-0.003,0.770
-0.026,-0.003,0.773
-0.024,-0.003,0.772
-0.025,-0.001,0.776
-0.025,-0.002,0.772
-0.024,-0.002,0.770
-0.026,-0.002,0.769
-0.025,-0.005,0.773
-0.024,-0.003,0.774
-0.025,-0.001,0.772
-0.029,-0.002,0.771
-0.026,-0.001,0.773
-0.025,0.000,0.769
-0.025,0.000,0.768
-0.025,-0.002,0.773
-0.028,-0.005,0.767
-0.026,-0.006,0.772
-0.024,-0.002,0.771
-0.025,0.002,0.767
-0.026,0.002,0.773
-0.027,0.003,0.767
-0.028,0.003,0.770
-0.026,0.002,0.773
-0.026,-0.003,0.770
-0.029,-0.003,0.768
-0.027,-0.005,0.767
-0.026,-0.002,0.766
-0.026,0.002,0.778
-0.026,0.005,0.772
-0.023,0.001,0.770
-0.025,-0.004,0.772
-0.026,-0.005,0.770
-0.024,-0.009,0.773
-0.022,-0.008,0.772
-0.023,0.000,0.771
-0.020,-0.001,0.773
-0.022,0.001,0.769
-0.020,0.001,0.770
-0.024,-0.001,0.772
-0.022,-0.005,0.769
-0.022,-0.004,0.773
-0.023,-0.005,0.772
-0.021,-0.005,0.769
-0.024,-0.003,0.773
-0.024,-0.002,0.771
-0.022,0.000,0.771
-0.022,0.001,0.771
-0.021,-0.002,0.767
-0.024,-0.002,0.768
-0.026,-0.001,0.771
-0.028,-0.006,0.770
-0.025,-0.005,0.774
-0.024,-0.005,0.772
-0.022,-0.003,0.771
-0.026,-0.001,0.772
-0.025,-0.002,0.771
-0.025,-0.003,0.770
-0.025,-0.005,0.772
-0.026,-0.006,0.772
-0.026,-0.007,0.772
-0.027,-0.005,0.770
-0.027,-0.005,0.769
-0.027,-0.001,0.774
-0.025,-0.002,0.771
-0.023,-0.001,0.772
-0.025,-0.001,0.772
-0.028,-0.006,0.771
-0.025,-0.004,0.775
-0.025,-0.005,0.770
-0.026,-0.001,0.769
-0.025,0.002,0.771
-0.025,0.004,0.767
-0.024,0.003,0.770
-0.025,0.002,0.774
-0.027,-0.001,0.770
-0.027,-0.007,0.768
-0.026,-0.004,0.769
-0.025,0.002,0.767
-0.028,0.003,0.772
-0.027,0.009,0.769
-0.026,0.005,0.773
-0.028,-0.001,0.771
-0.030,-0.006,0.770
-0.032,-0.006,0.768
-0.030,-0.006,0.769
-0.028,-0.001,0.770
-0.028,0.005,0.772
-0.026,0.008,0.767
-0.029,0.007,0.774
-0.028,0.000,0.773
-0.028,-0.006,0.768
-0.026,-0.007,0.772
-0.027,-0.005,0.766
-0.024,0.001,0.773
-0.025,0.001,0.773
-0.022,0.002,0.767
-0.022,0.004,0.770
-0.022,-0.001,0.771
-0.024,-0.003,0.772
-0.025,-0.003,0.773
-0.024,-0.003,0.766
-0.025,-0.004,0.765
-0.025,0.000,0.772
-0.024,0.002,0.768
-0.024,0.003,0.774
-0.027,0.002,0.772
-0.027,-0.003,0.771
-0.028,-0.006,0.770
-0.026,-0.005,0.769
-0.029,-0.001,0.770
-0.030,-0.001,0.774
-0.029,-0.003,0.769
-0.030,0.001,0.773
-0.024,-0.003,0.773
-0.027,0.001,0.771
-0.029,-0.005,0.771
-0.027,-0.004,0.769
-0.028,-0.003,0.770
-0.027,-0.002,0.770
-0.027,0.001,0.768
-0.026,-0.001,0.773
-0.027,-0.001,0.769
-0.026,-0.001,0.767
-0.027,-0.004,0.772
-0.024,-0.001,0.769
-0.027,-0.004,0.772
-0.027,-0.002,0.771
-0.026,-0.001,0.769
-0.025,0.000,0.768
-0.025,0.001,0.771
-0.026,-0.002,0.773
-0.026,-0.003,0.772
-0.026,-0.005,0.770
-0.027,-0.002,0.773
-0.029,-0.001,0.770
-0.028,0.001,0.767
-0.026,-0.001,0.772
-0.025,-0.005,0.775
-0.026,-0.004,0.772
-0.029,-0.007,0.771
-0.025,-0.003,0.768
-0.026,-0.003,0.772
-0.030,-0.001,0.771
-0.029,0.001,0.769
-0.028,-0.003,0.772
-0.028,-0.002,0.769
-0.026,0.000,0.773
-0.028,-0.001,0.771
-0.027,-0.002,0.766
-0.027,-0.002,0.774
-0.028,-0.006,0.771
-0.026,-0.003,0.770
-0.026,0.000,0.775
-0.026,-0.003,0.771
-0.026,-0.005,0.772
-0.025,-0.001,0.769
-0.025,-0.003,0.770
-0.024,-0.001,0.772
-0.022,-0.002,0.772
-0.024,-0.002,0.770
-0.024,-0.004,0.772
-0.022,-0.002,0.769
-0.021,-0.001,0.773
-0.021,-0.002,0.771
-0.024,0.001,0.770
-0.021,-0.005,0.775
-0.025,-0.003,0.769
-0.024,-0.005,0.770
-0.024,-0.004,0.771
-0.025,-0.001,0.769
-0.026,-0.003,0.771
-0.025,-0.001,0.771
-0.025,-0.003,0.772
-0.025,-0.001,0.771
-0.025,-0.004,0.773
-0.026,-0.002,0.768
-0.026,-0.005,0.773
-0.026,-0.003,0.770
-0.024,-0.004,0.771
-0.028,0.001,0.777
-0.028,-0.002,0.769
-0.027,-0.001,0.772
-0.027,-0.006,0.769
-0.028,-0.003,0.765
-0.028,-0.005,0.775
-0.025,-0.003,0.770
-0.024,-0.002,0.767
-0.025,-0.001,0.768
-0.027,0.001,0.769
-0.025,-0.006,0.771
-0.025,-0.003,0.769
-0.024,-0.006,0.766
-0.022,-0.005,0.773
-0.024,-0.005,0.767
-0.022,-0.003,0.770
-0.023,-0.002,0.770
-0.022,0.001,0.768
-0.022,-0.001,0.773
-0.024,-0.001,0.766
-0.026,-0.003,0.771
-0.026,-0.005,0.771
-0.023,-0.002,0.771
-0.024,-0.003,0.772
-0.024,0.001,0.771
-0.024,-0.001,0.771
-0.027,-0.002,0.773
-0.026,-0.003,0.769
-0.026,-0.002,0.772
-0.028,0.000,0.774
-0.029,-0.002,0.767
-0.029,0.001,0.772
-0.026,0.000,0.769
-0.028,0.002,0.768
-0.028,0.002,0.774
-0.027,-0.001,0.773
-0.026,-0.002,0.772
-0.027,-0.001,0.771
-0.028,0.005,0.771
-0.027,0.003,0.773
-0.027,0.005,0.770
-0.026,-0.001,0.767
-0.028,-0.001,0.772
-0.029,-0.002,0.770
-0.025,0.001,0.770
-0.026,-0.001,0.770
-0.026,0.001,0.770
-0.028,0.001,0.771
-0.027,0.001,0.772
-0.028,-0.001,0.770
-0.028,0.001,0.770
-0.027,-0.004,0.770
-0.029,-0.005,0.771
-0.027,-0.003,0.770
-0.028,-0.001,0.768
-0.028,0.003,0.773
-0.027,0.002,0.772
-0.026,0.001,0.770
-0.026,-0.003,0.771
-0.027,-0.003,0.769
-0.028,-0.003,0.775
-0.029,0.000,0.769
-0.030,-0.002,0.767
-0.031,-0.002,0.771
-0.032,-0.005,0.767
-0.031,-0.005,0.776
-0.033,-0.007,0.771
-0.031,-0.001,0.770
-0.030,-0.003,0.773
-0.033,0.001,0.771
-0.035,-0.001,0.770
-0.033,-0.004,0.770
-0.033,-0.007,0.769
-0.033,-0.006,0.773
-0.033,-0.007,0.768
-0.033,-0.003,0.769
-0.032,-0.001,0.772
-0.032,0.002,0.769
-0.033,-0.004,0.772
-0.031,-0.002,0.770
-0.032,-0.005,0.769
-0.032,-0.008,0.771
-0.033,-0.009,0.773
-0.031,-0.004,0.770
-0.029,0.000,0.775
-0.032,0.003,0.767
-0.033,0.002,0.770
-0.034,-0.002,0.769
-0.031,-0.009,0.771
-0.033,-0.009,0.772
-0.034,-0.009,0.770
-0.032,-0.003,0.769
-0.033,0.001,0.775
-0.035,0.005,0.769
-0.030,0.001,0.768
-0.030,0.000,0.770
-0.032,-0.004,0.771
-0.034,-0.005,0.772
-0.032,-0.009,0.774
-0.032,-0.003,0.773
-0.033,-0.001,0.771
-0.031,0.002,0.767
-0.031,0.000,0.770
-0.032,0.002,0.772
-0.032,-0.002,0.770
-0.032,-0.008,0.775
-0.032,-0.009,0.772
-0.033,-0.005,0.771
-0.035,0.001,0.770
-0.033,0.002,0.767
-0.033,0.002,0.771
-0.035,0.001,0.775
-0.035,-0.002,0.770
-0.034,-0.007,0.772
-0.034,-0.006,0.768
-0.034,-0.004,0.771
-0.031,-0.001,0.773
-0.032,0.001,0.769
-0.032,0.001,0.773
-0.032,0.002,0.770
-0.033,-0.002,0.768
-0.033,-0.005,0.773
-0.032,-0.005,0.768
-0.032,-0.003,0.773
-0.035,-0.001,0.770
-0.032,0.001,0.769
-0.032,0.001,0.772
-0.031,0.001,0.768
-0.033,-0.001,0.770
-0.033,-0.004,0.771
-0.033,-0.003,0.769
-0.030,-0.003,0.772
-0.030,-0.003,0.773
-0.033,-0.001,0.769
-0.031,0.001,0.773
-0.029,0.003,0.769
-0.029,-0.004,0.772
-0.027,-0.005,0.768
-0.032,-0.005,0.764
-0.030,-0.004,0.770
-0.029,-0.001,0.771
-0.030,0.001,0.765
-0.028,0.000,0.774
-0.029,0.001,0.771
-0.030,0.001,0.773
-0.030,-0.004,0.769
-0.029,-0.005,0.768
-0.029,-0.005,0.770
