-0.004,-0.009,-0.771
-0.005,-0.008,-0.772
-0.004,-0.01,-0.773
-0.004,-0.009,-0.772
-0.004,-0.009,-0.782
-0.005,-0.01,-0.772
-0.007,-0.008,-0.773
-0.004,-0.007,-0.773
-0.005,-0.008,-0.769
-0.007,-0.007,-0.774
-0.005,-0.008,-0.771
-0.004,-0.011,-0.773
-0.009,-0.007,-0.767
-0.005,-0.007,-0.775
-0.006,-0.009,-0.778
-0.005,-0.009,-0.772
-0.002,-0.009,-0.782
-0.006,-0.008,-0.772
-0.006,-0.006,-0.774
-0.002,-0.009,-0.784
-0.005,-0.006,-0.769
-0.007,-0.009,-0.78
-0.004,-0.007,-0.772
-0.004,-0.01,-0.77
-0.007,-0.007,-0.774
-0.006,-0.008,-0.776
-0.005,-0.009,-0.778
-0.004,-0.006,-0.773
-0.003,-0.007,-0.777
-0.005,-0.006,-0.778
-0.005,-0.009,-0.778
-0.001,-0.008,-0.79
-0.007,-0.009,-0.772
-0.005,-0.008,-0.783
-0.003,-0.01,-0.785
-0.005,-0.008,-0.772
-0.006,-0.006,-0.784
-0.006,-0.011,-0.778
-0.005,-0.011,-0.779
-0.006,-0.007,-0.782
-0.005,-0.01,-0.779
-0.007,-0.009,-0.778
-0.008,-0.009,-0.778
-0.007,-0.011,-0.79
-0.007,-0.008,-0.78
-0.011,-0.009,-0.779
-0.007,-0.011,-0.791
-0.006,-0.012,-0.774
-0.007,-0.011,-0.779
-0.009,-0.011,-0.786
-0.007,-0.009,-0.773
-0.007,-0.011,-0.783
-0.006,-0.011,-0.786
-0.01,-0.011,-0.778
-0.009,-0.012,-0.782
-0.008,-0.012,-0.787
-0.009,-0.011,-0.779
-0.011,-0.011,-0.78
-0.007,-0.011,-0.79
-0.009,-0.011,-0.776
-0.011,-0.013,-0.782
-0.008,-0.013,-0.789
-0.01,-0.012,-0.777
-0.01,-0.011,-0.786
-0.01,-0.014,-0.79
-0.012,-0.013,-0.772
-0.012,-0.014,-0.782
-0.01,-0.013,-0.786
-0.013,-0.015,-0.782
-0.015,-0.015,-0.781
-0.015,-0.013,-0.786
-0.013,-0.013,-0.778
-0.011,-0.012,-0.786
-0.013,-0.013,-0.79
-0.014,-0.014,-0.775
-0.013,-0.014,-0.784
-0.013,-0.015,-0.783
-0.015,-0.014,-0.773
-0.013,-0.011,-0.785
-0.01,-0.013,-0.784
-0.011,-0.013,-0.782
-0.014,-0.012,-0.782
-0.011,-0.014,-0.792
-0.011,-0.015,-0.788
-0.014,-0.014,-0.774
-0.014,-0.014,-0.793
-0.011,-0.014,-0.783
-0.012,-0.013,-0.776
-0.011,-0.012,-0.793
-0.011,-0.011,-0.784
-0.012,-0.013,-0.779
-0.01,-0.013,-0.788
-0.015,-0.013,-0.788
-0.013,-0.015,-0.786
-0.013,-0.011,-0.784
-0.012,-0.011,-0.791
-0.014,-0.013,-0.781
-0.014,-0.011,-0.79
-0.014,-0.013,-0.783
-0.013,-0.012,-0.783
-0.013,-0.013,-0.789
-0.015,-0.012,-0.783
-0.016,-0.013,-0.791
-0.013,-0.016,-0.791
-0.014,-0.015,-0.776
-0.018,-0.013,-0.799
-0.015,-0.014,-0.79
-0.015,-0.014,-0.779
-0.013,-0.014,-0.797
-0.014,-0.013,-0.79
-0.015,-0.014,-0.786
-0.015,-0.015,-0.788
-0.017,-0.016,-0.793
-0.017,-0.014,-0.788
-0.017,-0.013,-0.797
-0.014,-0.015,-0.795
-0.018,-0.013,-0.778
-0.018,-0.013,-0.805
-0.016,-0.015,-0.785
-0.018,-0.015,-0.783
-0.018,-0.015,-0.803
-0.019,-0.016,-0.784
-0.018,-0.017,-0.783
-0.019,-0.017,-0.8
-0.018,-0.016,-0.783
-0.019,-0.015,-0.791
-0.02,-0.018,-0.794
-0.019,-0.018,-0.795
-0.02,-0.017,-0.78
-0.019,-0.014,-0.799
-0.018,-0.017,-0.797
-0.018,-0.018,-0.775
-0.02,-0.017,-0.801
-0.02,-0.02,-0.791
-0.02,-0.017,-0.784
-0.019,-0.018,-0.798
-0.018,-0.018,-0.79
-0.021,-0.019,-0.786
-0.02,-0.019,-0.797
-0.019,-0.02,-0.789
-0.02,-0.019,-0.783
-0.021,-0.019,-0.791
-0.02,-0.022,-0.798
-0.019,-0.019,-0.783
-0.021,-0.018,-0.804
-0.02,-0.018,-0.791
-0.024,-0.017,-0.79
-0.02,-0.018,-0.805
-0.021,-0.018,-0.782
-0.024,-0.015,-0.79
-0.018,-0.018,-0.797
-0.02,-0.018,-0.778
-0.019,-0.016,-0.798
-0.019,-0.019,-0.792
-0.018,-0.018,-0.792
-0.017,-0.018,-0.8
-0.02,-0.018,-0.796
-0.02,-0.018,-0.788
-0.018,-0.018,-0.797
-0.016,-0.019,-0.801
-0.018,-0.018,-0.79
-0.02,-0.018,-0.792
-0.018,-0.018,-0.794
-0.016,-0.016,-0.789
-0.019,-0.017,-0.804
-0.018,-0.018,-0.793
-0.017,-0.018,-0.787
-0.018,-0.016,-0.802
-0.017,-0.017,-0.804
-0.017,-0.015,-0.797
-0.019,-0.018,-0.784
-0.018,-0.014,-0.803
-0.018,-0.018,-0.806
-0.019,-0.017,-0.785
-0.02,-0.018,-0.794
-0.016,-0.019,-0.8
-0.017,-0.018,-0.793
-0.02,-0.018,-0.796
-0.02,-0.017,-0.795
-0.018,-0.018,-0.8
-0.02,-0.017,-0.791
-0.019,-0.019,-0.804
-0.019,-0.016,-0.793
-0.018,-0.018,-0.793
-0.019,-0.02,-0.804
-0.019,-0.019,-0.795
-0.021,-0.018,-0.796
-0.02,-0.017,-0.792
-0.02,-0.018,-0.804
-0.019,-0.016,-0.796
-0.021,-0.016,-0.783
-0.019,-0.018,-0.811
-0.018,-0.015,-0.79
-0.021,-0.015,-0.79
-0.018,-0.016,-0.808
-0.018,-0.017,-0.795
-0.021,-0.013,-0.794
-0.019,-0.015,-0.805
-0.018,-0.017,-0.796
-0.02,-0.013,-0.793
-0.022,-0.012,-0.798
-0.02,-0.014,-0.806
-0.02,-0.017,-0.782
-0.02,-0.017,-0.803
-0.018,-0.014,-0.805
-0.021,-0.015,-0.78
-0.021,-0.013,-0.805
-0.018,-0.013,-0.809
-0.023,-0.015,-0.792
-0.022,-0.013,-0.803
-0.021,-0.015,-0.81
-0.022,-0.015,-0.79
-0.022,-0.011,-0.795
-0.022,-0.016,-0.808
-0.02,-0.015,-0.782
-0.022,-0.01,-0.797
-0.021,-0.015,-0.814
-0.022,-0.014,-0.783
-0.024,-0.013,-0.801
-0.022,-0.015,-0.808
-0.021,-0.015,-0.796
-0.022,-0.015,-0.796
-0.022,-0.018,-0.811
-0.021,-0.014,-0.797
-0.024,-0.015,-0.799
-0.022,-0.016,-0.811
-0.021,-0.016,-0.799
-0.022,-0.016,-0.797
-0.022,-0.015,-0.816
-0.019,-0.018,-0.787
-0.019,-0.015,-0.8
-0.019,-0.015,-0.816
-0.019,-0.019,-0.79
-0.022,-0.017,-0.797
-0.019,-0.018,-0.809
-0.019,-0.015,-0.8
-0.02,-0.016,-0.791
-0.02,-0.017,-0.797
-0.017,-0.017,-0.803
-0.021,-0.015,-0.8
-0.018,-0.017,-0.798
-0.021,-0.017,-0.795
-0.018,-0.015,-0.803
-0.019,-0.015,-0.802
-0.021,-0.014,-0.79
-0.019,-0.015,-0.807
-0.019,-0.016,-0.797
-0.018,-0.014,-0.798
-0.022,-0.013,-0.809
-0.018,-0.017,-0.784
-0.018,-0.013,-0.8
-0.018,-0.015,-0.809
-0.02,-0.016,-0.789
-0.019,-0.013,-0.793
-0.019,-0.015,-0.819
-0.016,-0.017,-0.802
-0.022,-0.016,-0.788
-0.019,-0.015,-0.81
-0.018,-0.02,-0.797
-0.019,-0.013,-0.789
-0.02,-0.013,-0.811
-0.018,-0.016,-0.791
-0.018,-0.017,-0.792
-0.019,-0.014,-0.809
-0.02,-0.019,-0.793
-0.019,-0.015,-0.787
-0.019,-0.013,-0.804
-0.018,-0.017,-0.814
-0.019,-0.015,-0.78
-0.022,-0.014,-0.801
-0.018,-0.017,-0.814
-0.019,-0.017,-0.792
-0.023,-0.015,-0.796
-0.019,-0.014,-0.809
-0.017,-0.016,-0.789
-0.022,-0.013,-0.799
-0.024,-0.013,-0.803
-0.022,-0.014,-0.79
-0.019,-0.013,-0.806
-0.018,-0.015,-0.797
-0.022,-0.015,-0.79
-0.02,-0.015,-0.79
-0.018,-0.013,-0.808
-0.017,-0.015,-0.793
-0.021,-0.017,-0.795
-0.02,-0.014,-0.797
-0.017,-0.016,-0.797
-0.019,-0.015,-0.801
-0.019,-0.014,-0.791
-0.017,-0.014,-0.804
-0.019,-0.014,-0.798
-0.018,-0.016,-0.799
-0.018,-0.017,-0.804
-0.018,-0.018,-0.79
-0.019,-0.018,-0.799
-0.019,-0.014,-0.806
-0.018,-0.017,-0.8
-0.019,-0.017,-0.791
-0.02,-0.013,-0.801
-0.02,-0.015,-0.81
-0.019,-0.013,-0.782
-0.02,-0.015,-0.799
-0.019,-0.017,-0.812
-0.02,-0.015,-0.777
-0.02,-0.011,-0.801
-0.016,-0.017,-0.808
-0.021,-0.013,-0.783
-0.019,-0.013,-0.803
-0.018,-0.014,-0.808
-0.019,-0.016,-0.79
-0.02,-0.015,-0.799
-0.019,-0.017,-0.814
-0.021,-0.015,-0.791
-0.018,-0.014,-0.798
-0.02,-0.014,-0.819
-0.018,-0.017,-0.787
-0.02,-0.014,-0.798
-0.018,-0.015,-0.816
-0.017,-0.014,-0.787
-0.019,-0.015,-0.798
-0.02,-0.014,-0.81
-0.019,-0.015,-0.796
-0.021,-0.013,-0.796
-0.02,-0.017,-0.812
-0.02,-0.016,-0.8
-0.019,-0.016,-0.792
-0.019,-0.015,-0.818
-0.021,-0.017,-0.793
-0.021,-0.015,-0.796
-0.019,-0.015,-0.817
-0.019,-0.017,-0.79
-0.021,-0.015,-0.793
-0.018,-0.018,-0.81
-0.018,-0.019,-0.793
-0.022,-0.017,-0.798
-0.019,-0.016,-0.804
-0.02,-0.017,-0.805
-0.019,-0.014,-0.792
-0.019,-0.018,-0.808
-0.019,-0.015,-0.801
-0.02,-0.015,-0.798
-0.018,-0.018,-0.808
-0.022,-0.016,-0.796
-0.02,-0.015,-0.803
-0.022,-0.018,-0.799
-0.02,-0.015,-0.792
-0.02,-0.016,-0.807
-0.021,-0.015,-0.795
-0.018,-0.017,-0.8
-0.019,-0.015,-0.807
-0.018,-0.017,-0.792
-0.022,-0.014,-0.8
-0.018,-0.014,-0.806
-0.016,-0.015,-0.801
-0.019,-0.014,-0.8
-0.021,-0.015,-0.806
-0.018,-0.015,-0.803
-0.018,-0.014,-0.793
-0.019,-0.014,-0.811
-0.02,-0.014,-0.792
-0.02,-0.011,-0.794
-0.018,-0.015,-0.816
-0.017,-0.017,-0.788
-0.023,-0.015,-0.8
-0.018,-0.013,-0.806
-0.018,-0.016,-0.791
-0.017,-0.015,-0.804
-0.018,-0.015,-0.81
-0.018,-0.016,-0.794
-0.016,-0.014,-0.801
-0.018,-0.016,-0.82
-0.019,-0.015,-0.785
-0.021,-0.013,-0.798
-0.016,-0.017,-0.818
-0.018,-0.017,-0.784
-0.02,-0.015,-0.805
-0.018,-0.016,-0.809
-0.018,-0.015,-0.783
-0.02,-0.015,-0.806
-0.018,-0.018,-0.81
-0.018,-0.014,-0.79
-0.02,-0.015,-0.802
-0.018,-0.015,-0.812
-0.019,-0.018,-0.791
-0.022,-0.015,-0.798
-0.017,-0.018,-0.811
-0.022,-0.015,-0.786
-0.02,-0.015,-0.809
-0.018,-0.017,-0.809
-0.019,-0.015,-0.781
-0.019,-0.013,-0.811
-0.019,-0.015,-0.802
-0.021,-0.017,-0.785
-0.02,-0.015,-0.807
-0.018,-0.02,-0.796
-0.022,-0.015,-0.792
-0.021,-0.014,-0.804
-0.02,-0.019,-0.808
-0.021,-0.016,-0.793
-0.023,-0.017,-0.806
-0.02,-0.015,-0.804
-0.021,-0.017,-0.797
-0.022,-0.015,-0.811
-0.022,-0.015,-0.798
-0.019,-0.018,-0.803
-0.021,-0.016,-0.801
-0.021,-0.016,-0.801
-0.024,-0.019,-0.803
-0.021,-0.017,-0.794
-0.018,-0.015,-0.801
-0.022,-0.018,-0.796
-0.022,-0.015,-0.794
-0.022,-0.017,-0.812
-0.018,-0.015,-0.796
-0.021,-0.017,-0.795
-0.022,-0.018,-0.81
-0.021,-0.016,-0.796
-0.019,-0.015,-0.805
-0.021,-0.017,-0.806
-0.022,-0.015,-0.799
-0.02,-0.018,-0.802
-0.017,-0.016,-0.805
-0.017,-0.016,-0.8
-0.023,-0.015,-0.793
-0.021,-0.017,-0.814
-0.017,-0.015,-0.797
-0.018,-0.015,-0.802
-0.019,-0.016,-0.807
-0.017,-0.016,-0.788
-0.018,-0.018,-0.811
-0.02,-0.016,-0.811
-0.021,-0.019,-0.791
-0.02,-0.016,-0.809
-0.018,-0.015,-0.796
-0.018,-0.013,-0.797
-0.02,-0.017,-0.805
-0.017,-0.016,-0.801
-0.018,-0.014,-0.798
-0.018,-0.015,-0.807
-0.019,-0.017,-0.803
-0.019,-0.017,-0.789
-0.019,-0.017,-0.82
-0.018,-0.019,-0.809
-0.02,-0.02,-0.793
-0.019,-0.017,-0.816
-0.018,-0.018,-0.798
-0.02,-0.019,-0.799
-0.019,-0.018,-0.816
-0.019,-0.019,-0.797
-0.02,-0.02,-0.802
-0.02,-0.017,-0.812
-0.02,-0.02,-0.795
-0.021,-0.017,-0.797
-0.018,-0.018,-0.812
-0.021,-0.021,-0.808
-0.021,-0.018,-0.795
-0.019,-0.02,-0.817
-0.019,-0.019,-0.802
-0.021,-0.017,-0.796
-0.022,-0.018,-0.815
-0.018,-0.021,-0.803
-0.018,-0.018,-0.8
-0.021,-0.018,-0.809
-0.018,-0.021,-0.81
-0.016,-0.018,-0.797
-0.02,-0.018,-0.806
-0.019,-0.017,-0.811
-0.019,-0.02,-0.792
-0.019,-0.018,-0.805
-0.019,-0.018,-0.813
-0.018,-0.021,-0.791
-0.02,-0.017,-0.808
-0.017,-0.018,-0.817
-0.019,-0.019,-0.796
-0.022,-0.018,-0.798
-0.019,-0.019,-0.819
-0.015,-0.021,-0.804
-0.02,-0.018,-0.797
-0.02,-0.019,-0.816
-0.018,-0.02,-0.808
-0.017,-0.022,-0.796
-0.019,-0.02,-0.811
-0.02,-0.018,-0.799
-0.02,-0.02,-0.809
-0.018,-0.021,-0.804
-0.018,-0.019,-0.809
-0.02,-0.018,-0.804
-0.02,-0.02,-0.804
-0.019,-0.022,-0.818
-0.019,-0.019,-0.806
-0.019,-0.018,-0.804
-0.018,-0.02,-0.818
-0.019,-0.019,-0.803
-0.019,-0.018,-0.8
-0.021,-0.02,-0.811
-0.019,-0.022,-0.815
-0.018,-0.018,-0.801
-0.022,-0.02,-0.807
-0.021,-0.021,-0.816
-0.021,-0.021,-0.797
-0.019,-0.019,-0.809
-0.022,-0.019,-0.815
-0.02,-0.021,-0.798
-0.018,-0.02,-0.816
-0.021,-0.022,-0.81
-0.02,-0.021,-0.801
-0.021,-0.02,-0.814
-0.02,-0.021,-0.81
-0.02,-0.019,-0.798
-0.022,-0.018,-0.802
-0.021,-0.019,-0.816
-0.019,-0.021,-0.799
-0.022,-0.018,-0.805
-0.022,-0.018,-0.814
-0.021,-0.021,-0.801
-0.02,-0.019,-0.808
-0.031,-0.028,-0.96
-0.18,-0.138,-1.133
-0.179,-0.137,-1.122
-0.176,-0.134,-1.122
-0.176,-0.131,-1.098
-0.174,-0.13,-1.106
-0.173,-0.132,-1.099
-0.169,-0.13,-1.087
-0.169,-0.129,-1.108
-0.17,-0.129,-1.097
-0.169,-0.129,-1.094
-0.166,-0.128,-1.103
-0.167,-0.127,-1.09
-0.169,-0.124,-1.094
-0.167,-0.124,-1.095
-0.164,-0.125,-1.09
-0.166,-0.123,-1.09
-0.167,-0.124,-1.088
-0.162,-0.122,-1.095
-0.165,-0.124,-1.089
-0.165,-0.124,-1.084
-0.164,-0.122,-1.083
-0.164,-0.121,-1.085
-0.161,-0.124,-1.088
-0.164,-0.122,-1.082
-0.164,-0.121,-1.081
-0.161,-0.12,-1.077
-0.161,-0.121,-1.094
-0.161,-0.119,-1.075
-0.163,-0.12,-1.072
-0.161,-0.12,-1.091
-0.161,-0.12,-1.071
-0.161,-0.121,-1.083
-0.163,-0.119,-1.087
-0.162,-0.118,-1.069
-0.16,-0.12,-1.084
-0.16,-0.12,-1.085
-0.16,-0.12,-1.072
-0.161,-0.119,-1.074
-0.158,-0.12,-1.09
-0.161,-0.12,-1.074
-0.163,-0.119,-1.066
-0.159,-0.119,-1.093
-0.157,-0.119,-1.069
-0.159,-0.118,-1.067
-0.157,-0.12,-1.094
-0.157,-0.117,-1.066
-0.158,-0.119,-1.064
-0.158,-0.12,-1.084
-0.155,-0.115,-1.081
-0.156,-0.121,-1.064
-0.155,-0.116,-1.075
-0.156,-0.119,-1.082
-0.155,-0.118,-1.062
-0.156,-0.118,-1.077
-0.151,-0.118,-1.075
-0.154,-0.116,-1.06
-0.155,-0.117,-1.076
-0.153,-0.117,-1.075
-0.151,-0.117,-1.072
-0.151,-0.114,-1.066
-0.153,-0.117,-1.081
-0.15,-0.115,-1.068
-0.151,-0.116,-1.062
-0.151,-0.115,-1.084
-0.152,-0.114,-1.069
-0.152,-0.116,-1.068
-0.151,-0.118,-1.076
-0.15,-0.117,-1.065
-0.153,-0.116,-1.061
-0.149,-0.118,-1.071
-0.148,-0.113,-1.07
-0.151,-0.117,-1.06
-0.15,-0.118,-1.07
-0.15,-0.118,-1.074
-0.147,-0.117,-1.056
-0.15,-0.115,-1.069
-0.148,-0.118,-1.073
-0.148,-0.118,-1.059
-0.148,-0.116,-1.073
-0.15,-0.118,-1.073
-0.147,-0.119,-1.062
-0.148,-0.117,-1.064
-0.148,-0.117,-1.07
-0.15,-0.117,-1.06
-0.149,-0.113,-1.066
-0.147,-0.12,-1.077
-0.15,-0.116,-1.05
-0.15,-0.114,-1.063
-0.148,-0.117,-1.072
-0.147,-0.118,-1.054
-0.148,-0.117,-1.072
-0.15,-0.113,-1.068
-0.148,-0.114,-1.061
-0.147,-0.117,-1.074
-0.148,-0.113,-1.06
-0.15,-0.116,-1.062
-0.15,-0.116,-1.066
-0.149,-0.115,-1.065
-0.148,-0.113,-1.054
-0.152,-0.115,-1.074
-0.15,-0.117,-1.072
-0.148,-0.115,-1.056
-0.149,-0.113,-1.079
-0.15,-0.116,-1.068
-0.15,-0.117,-1.055
-0.15,-0.112,-1.079
-0.149,-0.111,-1.061
-0.15,-0.113,-1.058
-0.149,-0.112,-1.066
-0.15,-0.113,-1.072
-0.151,-0.111,-1.063
-0.152,-0.113,-1.065
-0.15,-0.113,-1.073
-0.149,-0.112,-1.06
-0.15,-0.112,-1.07
-0.151,-0.112,-1.069
-0.149,-0.113,-1.055
-0.15,-0.111,-1.07
-0.151,-0.112,-1.064
-0.151,-0.114,-1.057
-0.152,-0.113,-1.064
-0.152,-0.112,-1.071
-0.152,-0.114,-1.056
-0.153,-0.114,-1.055
-0.151,-0.114,-1.071
-0.15,-0.114,-1.053
-0.151,-0.114,-1.059
-0.15,-0.113,-1.075
-0.152,-0.115,-1.058
-0.152,-0.113,-1.068
-0.155,-0.114,-1.069
-0.153,-0.115,-1.06
-0.154,-0.114,-1.068
-0.152,-0.114,-1.065
-0.152,-0.117,-1.056
-0.154,-0.115,-1.06
-0.151,-0.116,-1.068
-0.152,-0.115,-1.06
-0.153,-0.114,-1.056
-0.154,-0.116,-1.068
-0.154,-0.113,-1.056
-0.15,-0.115,-1.065
-0.155,-0.117,-1.062
-0.153,-0.113,-1.057
-0.15,-0.113,-1.071
-0.151,-0.114,-1.058
-0.153,-0.115,-1.062
-0.151,-0.114,-1.068
-0.15,-0.116,-1.065
-0.149,-0.116,-1.06
-0.151,-0.113,-1.064
-0.151,-0.115,-1.068
-0.15,-0.116,-1.055
-0.15,-0.115,-1.064
-0.148,-0.117,-1.062
-0.152,-0.113,-1.052
-0.149,-0.116,-1.069
-0.15,-0.113,-1.056
-0.148,-0.115,-1.056
-0.15,-0.114,-1.064
-0.148,-0.112,-1.058
-0.148,-0.113,-1.067
-0.15,-0.111,-1.057
-0.15,-0.111,-1.06
-0.148,-0.113,-1.06
-0.148,-0.113,-1.055
-0.152,-0.111,-1.062
-0.148,-0.111,-1.059
-0.147,-0.113,-1.06
-0.148,-0.112,-1.054
-0.147,-0.111,-1.058
-0.148,-0.113,-1.06
-0.148,-0.109,-1.058
-0.145,-0.112,-1.064
-0.147,-0.111,-1.054
-0.146,-0.111,-1.054
-0.145,-0.112,-1.062
-0.146,-0.111,-1.052
-0.147,-0.112,-1.06
-0.148,-0.109,-1.06
-0.147,-0.114,-1.056
-0.146,-0.111,-1.057
-0.147,-0.107,-1.056
-0.148,-0.112,-1.063
-0.145,-0.112,-1.05
-0.148,-0.108,-1.054
-0.147,-0.111,-1.065
-0.148,-0.111,-1.051
-0.147,-0.11,-1.056
-0.145,-0.109,-1.05
-0.148,-0.108,-1.057
-0.147,-0.109,-1.057
-0.147,-0.11,-1.057
-0.147,-0.106,-1.058
-0.148,-0.109,-1.055
-0.147,-0.107,-1.069
-0.146,-0.109,-1.048
-0.147,-0.106,-1.04
-0.147,-0.107,-1.068
-0.145,-0.11,-1.046
-0.147,-0.107,-1.05
-0.146,-0.107,-1.065
-0.148,-0.109,-1.05
-0.147,-0.106,-1.053
-0.145,-0.11,-1.058
-0.145,-0.106,-1.053
-0.147,-0.106,-1.06
-0.146,-0.108,-1.062
-0.145,-0.107,-1.053
-0.146,-0.109,-1.056
-0.146,-0.106,-1.062
-0.144,-0.107,-1.051
-0.144,-0.108,-1.056
-0.145,-0.107,-1.061
-0.146,-0.107,-1.05
-0.145,-0.108,-1.065
-0.144,-0.111,-1.057
-0.146,-0.108,-1.058
-0.146,-0.111,-1.069
-0.143,-0.115,-1.05
-0.147,-0.113,-1.057
-0.145,-0.114,-1.062
-0.144,-0.114,-1.046
-0.147,-0.113,-1.057
-0.144,-0.114,-1.053
-0.147,-0.116,-1.054
-0.146,-0.115,-1.052
-0.145,-0.116,-1.054
-0.145,-0.114,-1.046
-0.146,-0.116,-1.053
-0.147,-0.12,-1.059
-0.146,-0.118,-1.044
-0.146,-0.116,-1.062
-0.147,-0.118,-1.057
-0.147,-0.119,-1.049
-0.148,-0.116,-1.068
-0.146,-0.119,-1.053
-0.148,-0.117,-1.052
-0.147,-0.117,-1.06
-0.147,-0.119,-1.058
-0.148,-0.118,-1.054
-0.149,-0.116,-1.051
-0.149,-0.118,-1.058
-0.148,-0.117,-1.05
-0.147,-0.117,-1.054
-0.148,-0.118,-1.057
-0.147,-0.116,-1.052
-0.147,-0.118,-1.06
-0.146,-0.117,-1.057
-0.149,-0.115,-1.052
-0.148,-0.115,-1.064
-0.146,-0.117,-1.054
-0.147,-0.113,-1.056
-0.148,-0.114,-1.054
-0.149,-0.114,-1.056
-0.146,-0.113,-1.06
-0.145,-0.115,-1.058
-0.144,-0.114,-1.054
-0.146,-0.114,-1.055
-0.146,-0.113,-1.057
-0.144,-0.113,-1.056
-0.148,-0.113,-1.048
-0.146,-0.115,-1.07
-0.144,-0.112,-1.054
-0.145,-0.113,-1.051
-0.146,-0.112,-1.066
-0.144,-0.114,-1.06
-0.144,-0.111,-1.054
-0.144,-0.109,-1.058
-0.145,-0.112,-1.056
-0.145,-0.111,-1.054
-0.142,-0.113,-1.06
-0.143,-0.111,-1.067
-0.144,-0.11,-1.047
-0.142,-0.11,-1.062
-0.143,-0.113,-1.068
-0.143,-0.11,-1.052
-0.143,-0.11,-1.062
-0.142,-0.112,-1.065
-0.143,-0.11,-1.048
-0.143,-0.108,-1.056
-0.143,-0.112,-1.068
-0.14,-0.111,-1.059
-0.142,-0.108,-1.046
-0.142,-0.107,-1.077
-0.143,-0.11,-1.062
-0.142,-0.112,-1.052
-0.142,-0.108,-1.07
-0.142,-0.111,-1.056
-0.143,-0.111,-1.056
-0.141,-0.108,-1.076
-0.142,-0.112,-1.06
-0.144,-0.108,-1.05
-0.144,-0.108,-1.066
-0.143,-0.111,-1.064
-0.144,-0.11,-1.053
-0.143,-0.109,-1.058
-0.141,-0.11,-1.074
-0.143,-0.111,-1.046
-0.143,-0.11,-1.068
-0.144,-0.108,-1.073
-0.141,-0.111,-1.054
-0.141,-0.11,-1.067
-0.141,-0.109,-1.062
-0.142,-0.108,-1.062
-0.143,-0.107,-1.065
-0.141,-0.107,-1.061
-0.142,-0.11,-1.064
-0.141,-0.106,-1.06
-0.142,-0.11,-1.067
-0.143,-0.111,-1.055
-0.142,-0.107,-1.061
-0.142,-0.108,-1.063
-0.144,-0.111,-1.052
-0.143,-0.108,-1.067
-0.14,-0.111,-1.06
-0.144,-0.111,-1.054
-0.145,-0.111,-1.065
-0.144,-0.11,-1.058
-0.143,-0.112,-1.057
-0.146,-0.11,-1.065
-0.144,-0.11,-1.061
-0.142,-0.111,-1.053
-0.142,-0.109,-1.057
-0.144,-0.11,-1.071
-0.145,-0.111,-1.049
-0.144,-0.113,-1.059
-0.143,-0.111,-1.072
-0.144,-0.112,-1.048
-0.144,-0.113,-1.065
-0.143,-0.111,-1.069
-0.144,-0.109,-1.051
-0.145,-0.11,-1.062
-0.145,-0.11,-1.06
-0.144,-0.113,-1.051
-0.145,-0.11,-1.062
-0.144,-0.112,-1.064
-0.145,-0.114,-1.057
-0.145,-0.11,-1.052
-0.146,-0.112,-1.064
-0.145,-0.11,-1.056
-0.145,-0.112,-1.048
-0.143,-0.113,-1.063
-0.145,-0.111,-1.054
-0.146,-0.11,-1.06
-0.147,-0.112,-1.062
-0.146,-0.11,-1.053
-0.147,-0.113,-1.063
-0.147,-0.111,-1.063
-0.147,-0.112,-1.054
-0.144,-0.111,-1.055
-0.145,-0.11,-1.063
-0.15,-0.113,-1.057
-0.148,-0.111,-1.053
-0.145,-0.111,-1.064
-0.147,-0.113,-1.054
-0.151,-0.11,-1.059
-0.144,-0.115,-1.067
-0.146,-0.112,-1.053
-0.148,-0.111,-1.066
-0.147,-0.115,-1.066
-0.148,-0.114,-1.05
-0.148,-0.113,-1.062
-0.148,-0.114,-1.059
-0.15,-0.112,-1.056
-0.149,-0.112,-1.054
-0.147,-0.113,-1.062
-0.15,-0.11,-1.057
-0.15,-0.114,-1.057
-0.149,-0.11,-1.067
-0.149,-0.112,-1.05
-0.148,-0.112,-1.06
-0.149,-0.115,-1.074
-0.147,-0.112,-1.05
-0.15,-0.113,-1.068
-0.149,-0.115,-1.062
-0.148,-0.114,-1.05
-0.147,-0.11,-1.067
-0.147,-0.112,-1.054
-0.149,-0.11,-1.057
-0.149,-0.111,-1.066
-0.147,-0.113,-1.056
-0.148,-0.113,-1.065
-0.149,-0.108,-1.059
-0.148,-0.112,-1.066
-0.147,-0.112,-1.061
-0.148,-0.112,-1.066
-0.144,-0.111,-1.064
-0.147,-0.111,-1.058
-0.147,-0.112,-1.071
-0.147,-0.113,-1.06
-0.145,-0.113,-1.068
-0.149,-0.113,-1.067
-0.145,-0.111,-1.059
-0.146,-0.112,-1.071
-0.147,-0.111,-1.065
-0.146,-0.11,-1.062
-0.147,-0.11,-1.075
-0.147,-0.11,-1.064
-0.147,-0.111,-1.067
-0.145,-0.11,-1.066
-0.145,-0.11,-1.066
-0.145,-0.114,-1.068
-0.144,-0.111,-1.069
-0.146,-0.109,-1.066
-0.145,-0.11,-1.063
-0.144,-0.108,-1.067
-0.145,-0.111,-1.065
-0.143,-0.11,-1.058
-0.144,-0.109,-1.068
-0.144,-0.11,-1.061
-0.144,-0.107,-1.064
-0.146,-0.111,-1.072
-0.143,-0.11,-1.054
-0.146,-0.108,-1.073
-0.146,-0.11,-1.065
-0.146,-0.111,-1.061
-0.143,-0.108,-1.075
-0.147,-0.109,-1.062
-0.149,-0.11,-1.065
-0.148,-0.109,-1.063
-0.146,-0.11,-1.063
-0.148,-0.111,-1.06
-0.151,-0.11,-1.062
-0.147,-0.111,-1.066
-0.147,-0.108,-1.055
-0.146,-0.112,-1.06
-0.148,-0.109,-1.07
-0.145,-0.109,-1.058
-0.148,-0.109,-1.069
-0.147,-0.11,-1.063
-0.147,-0.106,-1.057
-0.149,-0.109,-1.067
-0.147,-0.111,-1.062
-0.15,-0.112,-1.052
-0.148,-0.108,-1.063
-0.15,-0.114,-1.062
-0.148,-0.111,-1.056
-0.15,-0.111,-1.061
-0.144,-0.113,-1.07
-0.151,-0.112,-1.053
-0.149,-0.11,-1.059
-0.148,-0.113,-1.073
-0.151,-0.11,-1.052
-0.15,-0.111,-1.066
-0.148,-0.114,-1.061
-0.149,-0.109,-1.057
-0.148,-0.113,-1.074
-0.148,-0.112,-1.057
-0.149,-0.111,-1.054
-0.147,-0.11,-1.074
-0.146,-0.111,-1.067
-0.148,-0.112,-1.056
-0.149,-0.112,-1.066
-0.147,-0.11,-1.074
-0.149,-0.112,-1.059
-0.147,-0.11,-1.07
-0.146,-0.114,-1.066
-0.147,-0.11,-1.051
-0.151,-0.111,-1.074
-0.146,-0.11,-1.061
-0.148,-0.11,-1.049
-0.149,-0.108,-1.078
-0.149,-0.113,-1.061
-0.147,-0.11,-1.058
-0.146,-0.11,-1.072
-0.147,-0.113,-1.059
-0.149,-0.11,-1.058
-0.148,-0.112,-1.058
-0.149,-0.113,-1.06
-0.149,-0.112,-1.058
-0.148,-0.111,-1.057
-0.146,-0.115,-1.06
-0.147,-0.113,-1.062
-0.148,-0.111,-1.055
-0.151,-0.115,-1.058
-0.147,-0.114,-1.062
-0.146,-0.111,-1.06
-0.149,-0.11,-1.058
-0.149,-0.114,-1.06
-0.147,-0.115,-1.061
-0.148,-0.109,-1.057
-0.149,-0.111,-1.062
-0.147,-0.113,-1.05
-0.146,-0.112,-1.061
-0.145,-0.111,-1.062
-0.15,-0.114,-1.049
-0.15,-0.11,-1.065
-0.146,-0.113,-1.063
-0.147,-0.111,-1.053
-0.15,-0.111,-1.061
-0.149,-0.112,-1.06
-0.15,-0.111,-1.062
-0.149,-0.114,-1.066
-0.148,-0.111,-1.064
-0.149,-0.112,-1.057
-0.147,-0.11,-1.058
-0.15,-0.112,-1.064
-0.148,-0.114,-1.052
-0.147,-0.111,-1.058
-0.222,-0.175,-1.308
-0.29,-0.233,-1.342
-0.276,-0.225,-1.322
-0.272,-0.223,-1.316
-0.266,-0.223,-1.313
-0.265,-0.218,-1.319
-0.264,-0.221,-1.31
-0.262,-0.22,-1.307
-0.261,-0.219,-1.315
-0.261,-0.219,-1.304
-0.261,-0.216,-1.304
-0.259,-0.215,-1.301
-0.259,-0.214,-1.295
-0.259,-0.214,-1.308
-0.26,-0.217,-1.294
-0.259,-0.213,-1.3
-0.256,-0.212,-1.31
-0.256,-0.213,-1.293
-0.257,-0.21,-1.297
-0.253,-0.213,-1.302
-0.252,-0.208,-1.296
-0.253,-0.212,-1.296
-0.253,-0.211,-1.291
-0.252,-0.212,-1.303
-0.251,-0.213,-1.29
-0.251,-0.208,-1.291
-0.253,-0.209,-1.29
-0.252,-0.211,-1.287
-0.251,-0.209,-1.296
-0.252,-0.21,-1.281
-0.255,-0.211,-1.279
-0.251,-0.209,-1.299
-0.251,-0.211,-1.287
-0.252,-0.212,-1.284
-0.252,-0.21,-1.287
-0.251,-0.211,-1.285
-0.25,-0.208,-1.28
-0.253,-0.206,-1.278
-0.251,-0.209,-1.286
-0.247,-0.208,-1.282
-0.249,-0.208,-1.28
-0.25,-0.21,-1.284
-0.25,-0.207,-1.269
-0.249,-0.206,-1.286
-0.248,-0.207,-1.288
-0.252,-0.208,-1.274
-0.252,-0.208,-1.28
-0.248,-0.208,-1.288
-0.248,-0.211,-1.28
-0.251,-0.208,-1.266
-0.251,-0.206,-1.283
-0.248,-0.209,-1.281
-0.251,-0.209,-1.264
-0.251,-0.207,-1.285
-0.248,-0.208,-1.282
-0.25,-0.205,-1.262
-0.247,-0.207,-1.286
-0.248,-0.206,-1.283
-0.248,-0.205,-1.27
-0.249,-0.205,-1.284
-0.246,-0.206,-1.272
-0.247,-0.204,-1.27
-0.247,-0.202,-1.282
-0.245,-0.205,-1.278
-0.245,-0.203,-1.27
-0.247,-0.204,-1.273
-0.246,-0.204,-1.277
-0.244,-0.207,-1.27
-0.246,-0.204,-1.274
-0.248,-0.202,-1.269
-0.245,-0.207,-1.268
-0.244,-0.205,-1.285
-0.245,-0.202,-1.269
-0.246,-0.203,-1.266
-0.246,-0.208,-1.282
-0.247,-0.204,-1.266
-0.244,-0.205,-1.27
-0.25,-0.205,-1.276
-0.246,-0.203,-1.265
-0.244,-0.206,-1.275
-0.247,-0.208,-1.274
-0.247,-0.206,-1.267
-0.245,-0.206,-1.264
-0.247,-0.207,-1.28
-0.248,-0.207,-1.273
-0.246,-0.203,-1.261
-0.246,-0.206,-1.282
-0.243,-0.206,-1.272
-0.244,-0.202,-1.261
-0.246,-0.207,-1.28
-0.246,-0.207,-1.265
-0.244,-0.204,-1.263
-0.245,-0.205,-1.274
-0.245,-0.205,-1.261
-0.246,-0.203,-1.269
-0.242,-0.204,-1.277
-0.245,-0.205,-1.264
-0.247,-0.203,-1.262
-0.244,-0.203,-1.268
-0.242,-0.205,-1.272
-0.244,-0.203,-1.26
-0.244,-0.206,-1.276
-0.243,-0.202,-1.265
-0.244,-0.201,-1.264
-0.242,-0.204,-1.28
-0.243,-0.205,-1.255
-0.243,-0.2,-1.257
-0.244,-0.206,-1.277
-0.244,-0.203,-1.25
-0.245,-0.203,-1.27
-0.24,-0.203,-1.273
-0.242,-0.204,-1.255
-0.244,-0.203,-1.266
-0.242,-0.203,-1.258
-0.24,-0.201,-1.257
-0.241,-0.205,-1.262
-0.242,-0.204,-1.258
-0.244,-0.202,-1.26
-0.24,-0.204,-1.262
-0.238,-0.205,-1.266
-0.242,-0.204,-1.262
-0.24,-0.205,-1.268
-0.239,-0.202,-1.27
-0.242,-0.202,-1.261
-0.241,-0.203,-1.263
-0.241,-0.207,-1.264
-0.24,-0.205,-1.266
-0.24,-0.207,-1.261
-0.243,-0.205,-1.261
-0.243,-0.203,-1.272
-0.242,-0.204,-1.258
-0.241,-0.205,-1.259
-0.242,-0.203,-1.272
-0.24,-0.205,-1.261
-0.241,-0.204,-1.262
-0.242,-0.205,-1.267
-0.242,-0.203,-1.256
-0.242,-0.202,-1.262
-0.239,-0.205,-1.264
-0.24,-0.205,-1.258
-0.24,-0.204,-1.26
-0.24,-0.203,-1.266
-0.238,-0.203,-1.264
-0.241,-0.202,-1.255
-0.241,-0.202,-1.264
-0.239,-0.202,-1.262
-0.239,-0.204,-1.251
-0.241,-0.206,-1.273
-0.24,-0.203,-1.259
-0.242,-0.202,-1.255
-0.24,-0.205,-1.262
-0.241,-0.203,-1.247
-0.24,-0.201,-1.26
-0.24,-0.204,-1.26
-0.239,-0.204,-1.248
-0.24,-0.202,-1.262
-0.241,-0.203,-1.256
-0.24,-0.205,-1.254
-0.242,-0.202,-1.256
-0.241,-0.202,-1.257
-0.243,-0.204,-1.258
-0.242,-0.201,-1.257
-0.241,-0.202,-1.256
-0.24,-0.201,-1.258
-0.241,-0.201,-1.262
-0.242,-0.201,-1.254
-0.242,-0.2,-1.25
-0.24,-0.202,-1.261
-0.239,-0.201,-1.253
-0.243,-0.2,-1.254
-0.241,-0.201,-1.26
-0.24,-0.199,-1.246
-0.241,-0.2,-1.259
-0.24,-0.199,-1.262
-0.24,-0.2,-1.246
-0.241,-0.2,-1.258
-0.24,-0.198,-1.261
-0.241,-0.199,-1.248
-0.241,-0.199,-1.254
-0.241,-0.201,-1.255
-0.242,-0.198,-1.256
-0.241,-0.198,-1.248
-0.24,-0.201,-1.258
-0.239,-0.2,-1.255
-0.24,-0.199,-1.248
-0.238,-0.201,-1.262
-0.236,-0.2,-1.248
-0.241,-0.201,-1.252
-0.24,-0.199,-1.264
-0.241,-0.201,-1.249
-0.239,-0.202,-1.26
-0.24,-0.201,-1.253
-0.239,-0.201,-1.246
-0.24,-0.2,-1.256
-0.239,-0.203,-1.256
-0.241,-0.2,-1.252
-0.239,-0.201,-1.247
-0.238,-0.203,-1.26
-0.24,-0.203,-1.251
-0.24,-0.201,-1.248
-0.239,-0.201,-1.259
-0.237,-0.201,-1.246
-0.238,-0.202,-1.252
-0.237,-0.199,-1.265
-0.239,-0.201,-1.241
-0.238,-0.199,-1.253
-0.239,-0.201,-1.256
-0.239,-0.199,-1.244
-0.238,-0.198,-1.256
-0.236,-0.2,-1.253
-0.238,-0.201,-1.244
-0.24,-0.201,-1.253
-0.236,-0.201,-1.256
-0.235,-0.201,-1.248
-0.236,-0.198,-1.247
-0.24,-0.198,-1.262
-0.237,-0.202,-1.24
-0.236,-0.202,-1.251
-0.235,-0.201,-1.261
-0.236,-0.198,-1.243
-0.238,-0.2,-1.253
-0.235,-0.199,-1.254
-0.235,-0.201,-1.242
-0.238,-0.2,-1.264
-0.237,-0.199,-1.254
-0.234,-0.199,-1.243
-0.236,-0.197,-1.256
-0.237,-0.197,-1.254
-0.237,-0.2,-1.248
-0.237,-0.199,-1.253
-0.236,-0.198,-1.259
-0.236,-0.2,-1.248
-0.238,-0.201,-1.251
-0.235,-0.2,-1.258
-0.236,-0.197,-1.24
-0.238,-0.199,-1.256
-0.234,-0.199,-1.256
-0.236,-0.198,-1.239
-0.237,-0.198,-1.259
-0.237,-0.198,-1.25
-0.237,-0.199,-1.247
-0.237,-0.194,-1.248
-0.238,-0.192,-1.248
-0.239,-0.196,-1.252
-0.238,-0.194,-1.24
-0.238,-0.195,-1.262
-0.24,-0.196,-1.247
-0.239,-0.194,-1.241
-0.239,-0.196,-1.264
-0.236,-0.197,-1.252
-0.239,-0.197,-1.243
-0.24,-0.198,-1.258
-0.237,-0.199,-1.252
-0.238,-0.198,-1.247
-0.24,-0.2,-1.25
-0.238,-0.199,-1.251
-0.236,-0.196,-1.244
-0.238,-0.198,-1.252
-0.237,-0.201,-1.254
-0.238,-0.199,-1.235
-0.238,-0.196,-1.256
-0.239,-0.201,-1.256
-0.24,-0.199,-1.238
-0.239,-0.198,-1.255
-0.236,-0.199,-1.256
-0.237,-0.2,-1.242
-0.24,-0.199,-1.252
-0.237,-0.2,-1.252
-0.235,-0.201,-1.244
-0.237,-0.199,-1.246
-0.237,-0.197,-1.255
-0.237,-0.198,-1.242
-0.237,-0.203,-1.244
-0.235,-0.2,-1.26
-0.237,-0.197,-1.236
-0.238,-0.199,-1.246
-0.237,-0.202,-1.258
-0.237,-0.2,-1.239
-0.239,-0.201,-1.251
-0.237,-0.198,-1.255
-0.236,-0.199,-1.24
-0.236,-0.198,-1.25
-0.239,-0.2,-1.257
-0.237,-0.2,-1.244
-0.237,-0.199,-1.245
-0.234,-0.2,-1.254
-0.236,-0.201,-1.242
-0.24,-0.201,-1.246
-0.237,-0.201,-1.262
-0.235,-0.2,-1.241
-0.237,-0.198,-1.242
-0.235,-0.199,-1.256
-0.234,-0.199,-1.24
-0.234,-0.199,-1.246
-0.236,-0.198,-1.253
-0.236,-0.202,-1.245
-0.234,-0.203,-1.248
-0.237,-0.199,-1.25
-0.237,-0.201,-1.246
-0.233,-0.198,-1.242
-0.233,-0.2,-1.251
-0.236,-0.202,-1.25
-0.236,-0.199,-1.234
-0.237,-0.199,-1.252
-0.233,-0.2,-1.246
-0.235,-0.199,-1.238
-0.236,-0.201,-1.252
-0.236,-0.201,-1.246
-0.235,-0.202,-1.246
-0.237,-0.201,-1.252
-0.235,-0.201,-1.243
-0.234,-0.199,-1.248
-0.235,-0.2,-1.248
-0.235,-0.199,-1.25
-0.234,-0.198,-1.234
-0.234,-0.199,-1.249
-0.233,-0.202,-1.257
-0.234,-0.2,-1.227
-0.236,-0.198,-1.25
-0.235,-0.199,-1.255
-0.234,-0.199,-1.237
-0.237,-0.2,-1.249
-0.235,-0.2,-1.248
-0.236,-0.2,-1.24
-0.235,-0.199,-1.242
-0.235,-0.201,-1.253
-0.235,-0.2,-1.247
-0.235,-0.201,-1.24
-0.235,-0.202,-1.253
-0.235,-0.202,-1.246
-0.235,-0.202,-1.242
-0.236,-0.203,-1.246
-0.235,-0.2,-1.248
-0.234,-0.202,-1.248
-0.238,-0.204,-1.235
-0.236,-0.2,-1.246
-0.233,-0.203,-1.248
-0.236,-0.2,-1.233
-0.236,-0.202,-1.254
-0.234,-0.203,-1.244
-0.238,-0.2,-1.237
-0.236,-0.198,-1.254
-0.237,-0.2,-1.24
-0.234,-0.201,-1.242
-0.236,-0.201,-1.248
-0.236,-0.199,-1.242
-0.234,-0.199,-1.248
-0.235,-0.198,-1.24
-0.236,-0.2,-1.247
-0.235,-0.201,-1.246
-0.236,-0.201,-1.238
-0.235,-0.2,-1.254
-0.233,-0.201,-1.247
-0.235,-0.197,-1.244
-0.236,-0.199,-1.252
-0.233,-0.199,-1.244
-0.234,-0.198,-1.242
-0.235,-0.196,-1.246
-0.234,-0.198,-1.255
-0.234,-0.197,-1.239
-0.235,-0.198,-1.243
-0.235,-0.199,-1.251
-0.236,-0.2,-1.235
-0.235,-0.198,-1.25
-0.235,-0.201,-1.256
-0.234,-0.2,-1.239
-0.235,-0.196,-1.25
-0.233,-0.196,-1.257
-0.234,-0.196,-1.238
-0.236,-0.194,-1.24
-0.233,-0.197,-1.255
-0.232,-0.2,-1.24
-0.234,-0.199,-1.24
-0.234,-0.194,-1.258
-0.233,-0.196,-1.237
-0.234,-0.197,-1.238
-0.234,-0.199,-1.26
-0.234,-0.198,-1.233
-0.232,-0.196,-1.244
-0.233,-0.198,-1.258
-0.231,-0.199,-1.242
-0.235,-0.196,-1.24
-0.233,-0.199,-1.248
-0.231,-0.201,-1.244
-0.237,-0.196,-1.243
-0.234,-0.197,-1.244
-0.232,-0.199,-1.249
-0.234,-0.198,-1.245
-0.234,-0.199,-1.251
-0.235,-0.198,-1.239
-0.234,-0.201,-1.24
-0.232,-0.198,-1.258
-0.232,-0.198,-1.24
-0.234,-0.198,-1.246
-0.232,-0.199,-1.252
-0.234,-0.198,-1.239
-0.236,-0.199,-1.244
-0.233,-0.199,-1.24
-0.232,-0.2,-1.242
-0.233,-0.197,-1.251
-0.234,-0.198,-1.242
-0.236,-0.199,-1.244
-0.232,-0.198,-1.242
-0.233,-0.197,-1.246
-0.234,-0.196,-1.249
-0.235,-0.201,-1.242
-0.232,-0.2,-1.242
-0.232,-0.199,-1.242
-0.234,-0.198,-1.248
-0.234,-0.199,-1.24
-0.233,-0.199,-1.238
-0.233,-0.199,-1.252
-0.233,-0.197,-1.234
-0.233,-0.199,-1.243
-0.233,-0.198,-1.251
-0.233,-0.2,-1.238
-0.235,-0.199,-1.243
-0.234,-0.199,-1.244
-0.231,-0.202,-1.248
-0.23,-0.202,-1.239
-0.234,-0.203,-1.24
-0.234,-0.199,-1.251
-0.231,-0.2,-1.24
-0.233,-0.201,-1.246
-0.233,-0.201,-1.242
-0.232,-0.203,-1.234
-0.23,-0.202,-1.25
-0.23,-0.2,-1.237
-0.234,-0.2,-1.236
-0.234,-0.199,-1.247
-0.232,-0.2,-1.244
-0.233,-0.2,-1.236
-0.234,-0.197,-1.229
-0.233,-0.201,-1.25
-0.231,-0.204,-1.245
-0.233,-0.202,-1.238
-0.233,-0.205,-1.247
-0.232,-0.204,-1.234
-0.23,-0.203,-1.26
-0.231,-0.203,-1.247
-0.234,-0.204,-1.229
-0.234,-0.205,-1.252
-0.231,-0.204,-1.238
-0.233,-0.203,-1.241
-0.234,-0.204,-1.24
-0.229,-0.203,-1.239
-0.23,-0.205,-1.239
-0.233,-0.204,-1.246
-0.234,-0.204,-1.243
-0.231,-0.206,-1.245
-0.233,-0.205,-1.234
-0.234,-0.205,-1.251
-0.232,-0.204,-1.221
-0.232,-0.201,-1.23
-0.231,-0.202,-1.254
-0.231,-0.204,-1.231
-0.234,-0.2,-1.234
-0.232,-0.2,-1.254
-0.231,-0.201,-1.244
-0.233,-0.202,-1.235
-0.233,-0.199,-1.243
-0.233,-0.203,-1.248
-0.23,-0.201,-1.237
-0.233,-0.2,-1.246
-0.233,-0.201,-1.246
-0.232,-0.201,-1.24
-0.231,-0.202,-1.244
-0.233,-0.199,-1.24
-0.232,-0.198,-1.241
-0.231,-0.198,-1.241
-0.23,-0.199,-1.244
-0.232,-0.197,-1.25
-0.229,-0.197,-1.234
-0.231,-0.196,-1.235
-0.231,-0.195,-1.248
-0.233,-0.194,-1.238
-0.232,-0.194,-1.244
-0.229,-0.192,-1.248
-0.23,-0.192,-1.24
-0.233,-0.193,-1.239
-0.233,-0.193,-1.252
-0.23,-0.194,-1.242
-0.231,-0.193,-1.236
-0.232,-0.196,-1.252
-0.23,-0.197,-1.242
-0.227,-0.198,-1.242
-0.232,-0.197,-1.257
-0.232,-0.199,-1.232
-0.231,-0.198,-1.244
-0.231,-0.197,-1.249
-0.233,-0.198,-1.232
-0.233,-0.199,-1.235
-0.234,-0.199,-1.257
-0.231,-0.2,-1.24
-0.232,-0.197,-1.231
-0.235,-0.199,-1.257
-0.231,-0.199,-1.236
-0.232,-0.201,-1.226
-0.232,-0.197,-1.26
-0.233,-0.199,-1.239
-0.235,-0.199,-1.236
-0.36,-0.301,-1.494
-0.371,-0.315,-1.518
-0.359,-0.312,-1.507
-0.352,-0.31,-1.502
-0.352,-0.311,-1.488
-0.35,-0.311,-1.502
-0.349,-0.308,-1.496
-0.347,-0.31,-1.489
-0.345,-0.309,-1.492
-0.347,-0.307,-1.484
-0.345,-0.306,-1.486
-0.345,-0.306,-1.489
-0.343,-0.306,-1.482
-0.345,-0.307,-1.475
-0.343,-0.305,-1.486
-0.34,-0.303,-1.49
-0.339,-0.301,-1.469
-0.341,-0.304,-1.481
-0.344,-0.304,-1.486
-0.34,-0.303,-1.466
-0.339,-0.302,-1.476
-0.34,-0.302,-1.47
-0.339,-0.302,-1.475
-0.337,-0.299,-1.476
-0.336,-0.3,-1.47
-0.339,-0.3,-1.465
-0.338,-0.298,-1.471
-0.336,-0.3,-1.479
-0.335,-0.3,-1.469
-0.337,-0.296,-1.467
-0.336,-0.297,-1.485
-0.335,-0.299,-1.458
-0.332,-0.297,-1.462
-0.335,-0.296,-1.475
-0.333,-0.295,-1.464
-0.333,-0.295,-1.457
-0.333,-0.296,-1.464
-0.334,-0.295,-1.471
-0.331,-0.296,-1.458
-0.332,-0.295,-1.463
-0.332,-0.296,-1.466
-0.331,-0.293,-1.453
-0.332,-0.294,-1.464
-0.331,-0.294,-1.467
-0.331,-0.292,-1.455
-0.335,-0.293,-1.469
-0.33,-0.291,-1.463
-0.331,-0.29,-1.46
-0.33,-0.288,-1.456
-0.332,-0.292,-1.457
-0.331,-0.292,-1.463
-0.33,-0.293,-1.457
-0.331,-0.292,-1.462
-0.331,-0.29,-1.453
-0.33,-0.29,-1.46
-0.329,-0.294,-1.465
-0.33,-0.295,-1.447
-0.332,-0.292,-1.458
-0.329,-0.291,-1.469
-0.327,-0.293,-1.45
-0.331,-0.291,-1.447
-0.33,-0.294,-1.462
-0.328,-0.295,-1.468
-0.329,-0.294,-1.431
-0.329,-0.291,-1.458
-0.33,-0.295,-1.471
-0.33,-0.292,-1.44
-0.329,-0.292,-1.458
-0.328,-0.295,-1.463
-0.33,-0.292,-1.458
-0.33,-0.292,-1.45
-0.328,-0.295,-1.457
-0.33,-0.293,-1.454
-0.327,-0.295,-1.456
-0.328,-0.292,-1.453
-0.327,-0.292,-1.451
-0.327,-0.292,-1.451
-0.327,-0.292,-1.453
-0.328,-0.292,-1.446
-0.327,-0.291,-1.458
-0.327,-0.292,-1.445
-0.329,-0.292,-1.447
-0.327,-0.294,-1.459
-0.327,-0.293,-1.444
-0.328,-0.293,-1.449
-0.33,-0.293,-1.456
-0.327,-0.294,-1.446
-0.327,-0.293,-1.445
-0.329,-0.293,-1.451
-0.327,-0.294,-1.453
-0.326,-0.293,-1.442
-0.327,-0.292,-1.448
-0.329,-0.293,-1.455
-0.325,-0.294,-1.444
-0.328,-0.292,-1.449
-0.329,-0.293,-1.45
-0.329,-0.293,-1.456
-0.327,-0.293,-1.447
-0.326,-0.293,-1.435
-0.328,-0.295,-1.466
-0.326,-0.295,-1.451
-0.33,-0.295,-1.431
-0.325,-0.293,-1.459
-0.324,-0.295,-1.446
-0.327,-0.293,-1.438
-0.325,-0.295,-1.447
-0.323,-0.298,-1.448
-0.323,-0.296,-1.439
-0.325,-0.296,-1.444
-0.324,-0.294,-1.448
-0.323,-0.294,-1.434
-0.324,-0.296,-1.448
-0.323,-0.295,-1.452
-0.323,-0.297,-1.433
-0.321,-0.299,-1.45
-0.322,-0.297,-1.447
-0.323,-0.296,-1.441
-0.324,-0.295,-1.445
-0.322,-0.296,-1.434
-0.323,-0.294,-1.44
-0.324,-0.298,-1.443
-0.324,-0.294,-1.438
-0.321,-0.295,-1.446
-0.323,-0.295,-1.44
-0.322,-0.294,-1.446
-0.321,-0.294,-1.441
-0.321,-0.293,-1.444
-0.322,-0.295,-1.442
-0.322,-0.291,-1.442
-0.322,-0.292,-1.448
-0.323,-0.293,-1.431
-0.322,-0.293,-1.441
-0.324,-0.293,-1.444
-0.322,-0.293,-1.43
-0.322,-0.291,-1.447
-0.322,-0.291,-1.434
-0.325,-0.291,-1.44
-0.323,-0.293,-1.445
-0.318,-0.292,-1.433
-0.324,-0.291,-1.443
-0.32,-0.291,-1.443
-0.321,-0.294,-1.439
-0.322,-0.295,-1.437
-0.323,-0.291,-1.439
-0.323,-0.289,-1.442
-0.32,-0.29,-1.43
-0.321,-0.292,-1.447
-0.322,-0.292,-1.434
-0.322,-0.292,-1.431
-0.322,-0.291,-1.45
-0.32,-0.292,-1.431
-0.323,-0.292,-1.435
-0.32,-0.292,-1.448
-0.321,-0.292,-1.437
-0.321,-0.292,-1.441
-0.32,-0.291,-1.442
-0.321,-0.293,-1.436
-0.321,-0.291,-1.438
-0.32,-0.292,-1.439
-0.322,-0.289,-1.443
-0.322,-0.293,-1.434
-0.323,-0.296,-1.445
-0.32,-0.293,-1.435
-0.321,-0.29,-1.435
-0.321,-0.291,-1.444
-0.322,-0.291,-1.43
-0.323,-0.292,-1.445
-0.322,-0.292,-1.446
-0.324,-0.292,-1.431
-0.322,-0.293,-1.439
-0.324,-0.29,-1.438
-0.321,-0.291,-1.434
-0.323,-0.29,-1.442
-0.319,-0.29,-1.44
-0.318,-0.288,-1.437
-0.32,-0.288,-1.435
-0.321,-0.286,-1.44
-0.32,-0.288,-1.434
-0.319,-0.287,-1.437
-0.319,-0.288,-1.445
-0.32,-0.288,-1.423
-0.318,-0.284,-1.447
-0.319,-0.286,-1.441
-0.319,-0.285,-1.425
-0.318,-0.286,-1.444
-0.32,-0.29,-1.435
-0.32,-0.288,-1.433
-0.323,-0.288,-1.435
-0.322,-0.291,-1.443
-0.32,-0.288,-1.427
-0.323,-0.288,-1.431
-0.322,-0.289,-1.452
-0.322,-0.292,-1.425
-0.321,-0.289,-1.432
-0.32,-0.289,-1.443
-0.323,-0.29,-1.428
-0.321,-0.287,-1.433
-0.321,-0.287,-1.438
-0.322,-0.287,-1.434
-0.321,-0.286,-1.432
-0.321,-0.29,-1.439
-0.322,-0.29,-1.433
-0.323,-0.288,-1.431
-0.321,-0.287,-1.442
-0.323,-0.287,-1.431
-0.323,-0.284,-1.429
-0.325,-0.286,-1.447
-0.323,-0.287,-1.429
-0.324,-0.288,-1.427
-0.321,-0.286,-1.456
-0.323,-0.287,-1.428
-0.325,-0.286,-1.426
-0.325,-0.285,-1.441
-0.323,-0.286,-1.437
-0.324,-0.282,-1.425
-0.326,-0.286,-1.439
-0.323,-0.286,-1.444
-0.321,-0.285,-1.43
-0.324,-0.283,-1.433
-0.322,-0.282,-1.44
-0.324,-0.282,-1.426
-0.324,-0.282,-1.432
-0.325,-0.282,-1.434
-0.323,-0.28,-1.437
-0.326,-0.283,-1.43
-0.324,-0.283,-1.422
-0.326,-0.282,-1.446
-0.323,-0.284,-1.433
-0.325,-0.283,-1.423
-0.325,-0.283,-1.437
-0.322,-0.285,-1.443
-0.323,-0.288,-1.43
-0.325,-0.287,-1.427
-0.322,-0.284,-1.441
-0.323,-0.285,-1.429
-0.323,-0.287,-1.422
-0.32,-0.286,-1.444
-0.32,-0.286,-1.427
-0.322,-0.288,-1.425
-0.324,-0.289,-1.434
-0.32,-0.288,-1.429
-0.322,-0.287,-1.437
-0.321,-0.288,-1.434
-0.318,-0.288,-1.429
-0.32,-0.288,-1.432
-0.319,-0.288,-1.436
-0.321,-0.29,-1.431
-0.321,-0.288,-1.434
-0.32,-0.289,-1.439
-0.318,-0.288,-1.423
-0.321,-0.288,-1.425
-0.317,-0.288,-1.442
-0.316,-0.29,-1.423
-0.32,-0.288,-1.434
-0.317,-0.289,-1.44
-0.318,-0.289,-1.425
-0.316,-0.286,-1.433
-0.319,-0.289,-1.437
-0.318,-0.289,-1.432
-0.317,-0.289,-1.427
-0.317,-0.29,-1.431
-0.318,-0.289,-1.435
-0.317,-0.287,-1.425
-0.316,-0.284,-1.437
-0.317,-0.287,-1.43
-0.319,-0.288,-1.429
-0.316,-0.288,-1.427
-0.317,-0.288,-1.429
-0.318,-0.287,-1.434
-0.317,-0.287,-1.433
-0.316,-0.287,-1.425
-0.318,-0.285,-1.432
-0.318,-0.286,-1.427
-0.32,-0.283,-1.429
-0.318,-0.286,-1.427
-0.316,-0.287,-1.425
-0.318,-0.289,-1.431
-0.317,-0.288,-1.431
-0.32,-0.288,-1.43
-0.318,-0.286,-1.423
-0.315,-0.286,-1.429
-0.319,-0.286,-1.433
-0.319,-0.285,-1.425
-0.316,-0.286,-1.432
-0.318,-0.286,-1.433
-0.318,-0.285,-1.427
-0.317,-0.285,-1.433
-0.315,-0.288,-1.433
-0.314,-0.285,-1.427
-0.316,-0.285,-1.429
-0.315,-0.282,-1.431
-0.316,-0.28,-1.429
-0.317,-0.277,-1.419
-0.318,-0.278,-1.433
-0.315,-0.282,-1.431
-0.317,-0.281,-1.416
-0.318,-0.282,-1.433
-0.317,-0.282,-1.43
-0.319,-0.283,-1.421
-0.317,-0.282,-1.438
-0.317,-0.285,-1.429
-0.319,-0.282,-1.426
-0.32,-0.283,-1.427
-0.318,-0.283,-1.438
-0.318,-0.284,-1.422
-0.323,-0.282,-1.425
-0.319,-0.286,-1.435
-0.318,-0.285,-1.423
-0.322,-0.285,-1.426
-0.32,-0.286,-1.428
-0.319,-0.286,-1.417
-0.32,-0.283,-1.429
-0.319,-0.283,-1.425
-0.32,-0.283,-1.421
-0.321,-0.283,-1.421
-0.32,-0.282,-1.427
-0.318,-0.285,-1.428
-0.321,-0.286,-1.423
-0.318,-0.286,-1.426
-0.317,-0.286,-1.425
-0.319,-0.285,-1.42
-0.318,-0.285,-1.435
-0.319,-0.285,-1.421
-0.314,-0.288,-1.427
-0.318,-0.287,-1.427
-0.318,-0.286,-1.426
-0.316,-0.286,-1.43
-0.317,-0.288,-1.422
-0.318,-0.288,-1.423
-0.317,-0.289,-1.425
-0.318,-0.288,-1.422
-0.317,-0.288,-1.431
-0.315,-0.287,-1.423
-0.32,-0.286,-1.426
-0.316,-0.286,-1.426
-0.315,-0.288,-1.428
-0.316,-0.289,-1.424
-0.317,-0.288,-1.42
-0.314,-0.286,-1.432
-0.315,-0.287,-1.427
-0.316,-0.288,-1.421
-0.314,-0.287,-1.431
-0.314,-0.288,-1.42
-0.313,-0.289,-1.425
-0.316,-0.288,-1.423
-0.315,-0.286,-1.419
-0.314,-0.287,-1.426
-0.315,-0.286,-1.421
-0.315,-0.288,-1.418
-0.317,-0.286,-1.423
-0.314,-0.288,-1.427
-0.315,-0.288,-1.422
-0.316,-0.286,-1.409
-0.316,-0.285,-1.437
-0.312,-0.289,-1.427
-0.315,-0.288,-1.413
-0.316,-0.286,-1.433
-0.315,-0.286,-1.432
-0.315,-0.286,-1.417
-0.314,-0.284,-1.426
-0.314,-0.286,-1.422
-0.316,-0.284,-1.422
-0.314,-0.287,-1.427
-0.315,-0.287,-1.427
-0.317,-0.284,-1.41
-0.315,-0.283,-1.429
-0.312,-0.285,-1.431
-0.315,-0.286,-1.412
-0.315,-0.283,-1.43
-0.311,-0.285,-1.427
-0.314,-0.286,-1.415
-0.314,-0.285,-1.431
-0.312,-0.288,-1.426
-0.313,-0.285,-1.421
-0.311,-0.287,-1.425
-0.312,-0.286,-1.419
-0.315,-0.286,-1.421
-0.315,-0.285,-1.423
-0.312,-0.285,-1.426
-0.313,-0.285,-1.42
-0.316,-0.286,-1.423
-0.314,-0.285,-1.429
-0.311,-0.288,-1.416
-0.314,-0.286,-1.425
-0.314,-0.285,-1.419
-0.314,-0.287,-1.421
-0.314,-0.288,-1.427
-0.313,-0.286,-1.412
-0.313,-0.289,-1.423
-0.312,-0.288,-1.423
-0.313,-0.288,-1.419
-0.313,-0.287,-1.424
-0.312,-0.288,-1.418
-0.314,-0.288,-1.419
-0.311,-0.288,-1.421
-0.312,-0.289,-1.418
-0.313,-0.29,-1.425
-0.311,-0.289,-1.422
-0.311,-0.287,-1.423
-0.313,-0.288,-1.421
-0.313,-0.288,-1.419
-0.311,-0.286,-1.424
-0.312,-0.287,-1.416
-0.313,-0.287,-1.422
-0.315,-0.288,-1.421
-0.315,-0.285,-1.408
-0.314,-0.287,-1.433
-0.314,-0.284,-1.413
-0.317,-0.285,-1.408
-0.314,-0.287,-1.427
-0.315,-0.288,-1.421
-0.318,-0.287,-1.415
-0.317,-0.285,-1.423
-0.317,-0.287,-1.419
-0.316,-0.288,-1.409
-0.321,-0.289,-1.42
-0.316,-0.291,-1.429
-0.317,-0.289,-1.407
-0.319,-0.287,-1.425
-0.32,-0.287,-1.429
-0.317,-0.286,-1.404
-0.315,-0.288,-1.427
-0.315,-0.287,-1.426
-0.32,-0.288,-1.406
-0.318,-0.288,-1.426
-0.313,-0.291,-1.429
-0.316,-0.288,-1.41
-0.318,-0.287,-1.412
-0.315,-0.287,-1.435
-0.315,-0.288,-1.411
-0.316,-0.286,-1.411
-0.316,-0.287,-1.433
-0.313,-0.289,-1.408
-0.313,-0.286,-1.413
-0.314,-0.29,-1.425
-0.318,-0.289,-1.409
-0.317,-0.288,-1.419
-0.312,-0.288,-1.425
-0.312,-0.289,-1.413
-0.314,-0.287,-1.414
-0.312,-0.289,-1.425
-0.31,-0.291,-1.415
-0.314,-0.291,-1.408
-0.314,-0.29,-1.427
-0.311,-0.292,-1.418
-0.311,-0.29,-1.405
-0.314,-0.29,-1.426
-0.313,-0.291,-1.413
-0.312,-0.291,-1.417
-0.312,-0.29,-1.419
-0.309,-0.288,-1.414
-0.314,-0.289,-1.418
-0.31,-0.291,-1.419
-0.309,-0.29,-1.421
-0.313,-0.289,-1.421
-0.314,-0.29,-1.415
-0.313,-0.289,-1.417
-0.311,-0.289,-1.418
-0.311,-0.289,-1.414
-0.314,-0.291,-1.411
-0.312,-0.291,-1.417
-0.309,-0.289,-1.418
-0.311,-0.29,-1.411
-0.311,-0.288,-1.427
-0.31,-0.289,-1.419
-0.311,-0.289,-1.415
-0.313,-0.288,-1.427
-0.31,-0.291,-1.418
-0.31,-0.289,-1.411
-0.31,-0.288,-1.423
-0.312,-0.288,-1.413
-0.312,-0.287,-1.419
-0.31,-0.29,-1.418
-0.312,-0.29,-1.411
-0.312,-0.291,-1.414
-0.311,-0.29,-1.416
-0.31,-0.291,-1.418
-0.311,-0.288,-1.409
-0.312,-0.289,-1.418
-0.309,-0.29,-1.417
-0.312,-0.292,-1.414
-0.312,-0.291,-1.423
-0.311,-0.291,-1.409
-0.311,-0.29,-1.419
-0.309,-0.291,-1.423
-0.309,-0.289,-1.41
-0.311,-0.292,-1.423
-0.31,-0.291,-1.417
-0.309,-0.29,-1.416
-0.31,-0.293,-1.425
-0.312,-0.292,-1.412
-0.309,-0.29,-1.42
-0.309,-0.291,-1.415
-0.31,-0.292,-1.416
-0.31,-0.293,-1.416
-0.309,-0.294,-1.419
-0.309,-0.292,-1.423
-0.31,-0.29,-1.414
-0.311,-0.287,-1.423
-0.31,-0.289,-1.424
-0.311,-0.288,-1.413
-0.509,-0.453,-1.834
-0.5,-0.444,-1.806
-0.493,-0.436,-1.774
-0.489,-0.434,-1.78
-0.483,-0.426,-1.773
-0.482,-0.423,-1.773
-0.479,-0.425,-1.761
-0.477,-0.421,-1.748
-0.475,-0.419,-1.757
-0.472,-0.417,-1.752
-0.471,-0.416,-1.745
-0.471,-0.414,-1.741
-0.468,-0.411,-1.74
-0.467,-0.41,-1.734
-0.466,-0.411,-1.73
-0.466,-0.41,-1.737
-0.463,-0.411,-1.73
-0.463,-0.406,-1.721
-0.462,-0.407,-1.735
-0.459,-0.408,-1.717
-0.46,-0.404,-1.721
-0.46,-0.403,-1.73
-0.458,-0.404,-1.707
-0.457,-0.406,-1.714
-0.457,-0.403,-1.725
-0.455,-0.402,-1.704
-0.456,-0.402,-1.711
-0.453,-0.402,-1.716
-0.452,-0.4,-1.714
-0.454,-0.398,-1.704
-0.453,-0.4,-1.707
-0.45,-0.4,-1.701
-0.453,-0.398,-1.704
-0.452,-0.398,-1.708
-0.451,-0.4,-1.7
-0.452,-0.399,-1.693
-0.453,-0.397,-1.71
-0.449,-0.4,-1.695
-0.45,-0.398,-1.697
-0.449,-0.397,-1.703
-0.449,-0.397,-1.699
-0.447,-0.398,-1.703
-0.45,-0.399,-1.699
-0.45,-0.399,-1.694
-0.449,-0.397,-1.693
-0.448,-0.398,-1.699
-0.446,-0.398,-1.694
-0.446,-0.396,-1.682
-0.449,-0.397,-1.701
-0.448,-0.396,-1.698
-0.446,-0.398,-1.688
-0.447,-0.394,-1.698
-0.445,-0.392,-1.687
-0.446,-0.397,-1.694
-0.446,-0.396,-1.697
-0.448,-0.393,-1.681
-0.448,-0.396,-1.694
-0.442,-0.397,-1.694
-0.442,-0.396,-1.687
-0.445,-0.394,-1.685
-0.447,-0.396,-1.69
-0.444,-0.395,-1.695
-0.443,-0.395,-1.676
-0.446,-0.394,-1.694
-0.444,-0.392,-1.691
-0.442,-0.392,-1.681
-0.445,-0.391,-1.692
-0.443,-0.391,-1.686
-0.443,-0.393,-1.683
-0.441,-0.392,-1.682
-0.444,-0.392,-1.681
-0.443,-0.393,-1.689
-0.443,-0.391,-1.669
-0.443,-0.391,-1.675
-0.443,-0.393,-1.695
-0.442,-0.393,-1.675
-0.444,-0.391,-1.677
-0.443,-0.391,-1.685
-0.44,-0.388,-1.684
-0.444,-0.389,-1.669
-0.444,-0.394,-1.682
-0.441,-0.393,-1.688
-0.441,-0.388,-1.67
-0.445,-0.387,-1.686
-0.442,-0.389,-1.688
-0.441,-0.39,-1.67
-0.441,-0.385,-1.685
-0.441,-0.384,-1.685
-0.441,-0.386,-1.677
-0.44,-0.385,-1.678
-0.44,-0.383,-1.685
-0.441,-0.381,-1.685
-0.442,-0.382,-1.675
-0.44,-0.381,-1.685
-0.442,-0.381,-1.685
-0.442,-0.381,-1.68
-0.44,-0.385,-1.685
-0.44,-0.382,-1.679
-0.441,-0.38,-1.689
-0.438,-0.384,-1.683
-0.44,-0.384,-1.668
-0.439,-0.381,-1.699
-0.439,-0.384,-1.682
-0.442,-0.385,-1.667
-0.441,-0.382,-1.686
-0.436,-0.384,-1.682
-0.437,-0.385,-1.676
-0.44,-0.385,-1.671
-0.441,-0.386,-1.685
-0.437,-0.384,-1.684
-0.439,-0.385,-1.663
-0.44,-0.385,-1.683
-0.437,-0.386,-1.684
-0.435,-0.385,-1.673
-0.441,-0.386,-1.674
-0.439,-0.386,-1.673
-0.44,-0.385,-1.677
-0.438,-0.385,-1.679
-0.439,-0.387,-1.681
-0.439,-0.386,-1.674
-0.439,-0.385,-1.671
-0.439,-0.386,-1.68
-0.439,-0.386,-1.666
-0.439,-0.385,-1.679
-0.437,-0.387,-1.678
-0.439,-0.386,-1.667
-0.442,-0.383,-1.675
-0.437,-0.385,-1.679
-0.439,-0.386,-1.671
-0.438,-0.385,-1.672
-0.44,-0.386,-1.672
-0.439,-0.386,-1.675
-0.438,-0.383,-1.663
-0.437,-0.384,-1.677
-0.439,-0.384,-1.675
-0.439,-0.384,-1.663
-0.436,-0.385,-1.677
-0.437,-0.386,-1.667
-0.44,-0.385,-1.666
-0.438,-0.381,-1.681
-0.439,-0.386,-1.675
-0.438,-0.383,-1.659
-0.439,-0.383,-1.672
-0.439,-0.387,-1.683
-0.436,-0.386,-1.669
-0.439,-0.384,-1.671
-0.437,-0.385,-1.684
-0.437,-0.385,-1.664
-0.436,-0.384,-1.676
-0.436,-0.384,-1.672
-0.439,-0.386,-1.674
-0.437,-0.386,-1.673
-0.434,-0.384,-1.658
-0.436,-0.385,-1.669
-0.436,-0.386,-1.667
-0.437,-0.385,-1.671
-0.435,-0.385,-1.693
-0.436,-0.386,-1.673
-0.437,-0.386,-1.66
-0.435,-0.386,-1.68
-0.435,-0.386,-1.673
-0.434,-0.386,-1.669
-0.439,-0.385,-1.681
-0.437,-0.385,-1.677
-0.435,-0.386,-1.658
-0.437,-0.386,-1.679
-0.436,-0.383,-1.675
-0.437,-0.384,-1.671
-0.435,-0.388,-1.675
-0.436,-0.385,-1.677
-0.438,-0.386,-1.673
-0.436,-0.389,-1.675
-0.435,-0.387,-1.674
-0.436,-0.387,-1.677
-0.437,-0.387,-1.663
-0.437,-0.386,-1.671
-0.435,-0.385,-1.68
-0.435,-0.384,-1.667
-0.435,-0.386,-1.681
-0.436,-0.389,-1.674
-0.436,-0.387,-1.661
-0.435,-0.386,-1.681
-0.437,-0.386,-1.673
-0.435,-0.388,-1.665
-0.435,-0.386,-1.673
-0.437,-0.384,-1.679
-0.439,-0.384,-1.67
-0.438,-0.386,-1.663
-0.437,-0.385,-1.677
-0.437,-0.383,-1.676
-0.438,-0.384,-1.66
-0.435,-0.386,-1.671
-0.435,-0.387,-1.665
-0.437,-0.383,-1.673
-0.435,-0.387,-1.679
-0.435,-0.386,-1.677
-0.437,-0.385,-1.669
-0.439,-0.385,-1.665
-0.436,-0.385,-1.674
-0.436,-0.384,-1.667
-0.436,-0.381,-1.668
-0.437,-0.384,-1.681
-0.439,-0.382,-1.659
-0.437,-0.382,-1.672
-0.437,-0.384,-1.67
-0.439,-0.383,-1.669
-0.437,-0.386,-1.671
-0.436,-0.383,-1.668
-0.436,-0.382,-1.679
-0.439,-0.383,-1.668
-0.439,-0.382,-1.671
-0.436,-0.382,-1.677
-0.436,-0.38,-1.669
-0.439,-0.379,-1.679
-0.436,-0.379,-1.666
-0.436,-0.38,-1.673
-0.435,-0.379,-1.682
-0.435,-0.376,-1.66
-0.437,-0.378,-1.667
-0.437,-0.379,-1.672
-0.435,-0.378,-1.664
-0.44,-0.373,-1.661
-0.436,-0.377,-1.671
-0.435,-0.376,-1.673
-0.435,-0.377,-1.665
-0.436,-0.378,-1.674
-0.438,-0.379,-1.671
-0.435,-0.378,-1.662
-0.433,-0.377,-1.687
-0.437,-0.378,-1.671
-0.436,-0.378,-1.658
-0.435,-0.379,-1.676
-0.436,-0.378,-1.672
-0.435,-0.377,-1.665
-0.436,-0.377,-1.665
-0.435,-0.38,-1.676
-0.435,-0.378,-1.667
-0.436,-0.38,-1.664
-0.437,-0.381,-1.679
-0.434,-0.38,-1.669
-0.436,-0.379,-1.673
-0.436,-0.379,-1.669
-0.434,-0.379,-1.661
-0.434,-0.381,-1.677
-0.434,-0.379,-1.664
-0.437,-0.38,-1.669
-0.434,-0.381,-1.676
-0.436,-0.379,-1.667
-0.434,-0.379,-1.675
-0.436,-0.38,-1.663
-0.435,-0.381,-1.666
-0.434,-0.378,-1.675
-0.435,-0.378,-1.661
-0.436,-0.38,-1.672
-0.434,-0.381,-1.67
-0.434,-0.379,-1.669
-0.435,-0.379,-1.675
-0.435,-0.382,-1.662
-0.435,-0.381,-1.669
-0.436,-0.379,-1.671
-0.433,-0.381,-1.668
-0.436,-0.381,-1.658
-0.434,-0.38,-1.671
-0.434,-0.382,-1.675
-0.435,-0.38,-1.653
-0.436,-0.38,-1.669
-0.435,-0.382,-1.673
-0.434,-0.383,-1.665
-0.434,-0.381,-1.665
-0.436,-0.378,-1.666
-0.436,-0.381,-1.67
-0.436,-0.382,-1.661
-0.436,-0.381,-1.671
-0.435,-0.383,-1.671
-0.435,-0.381,-1.654
-0.434,-0.381,-1.678
-0.434,-0.382,-1.666
-0.435,-0.379,-1.655
-0.434,-0.38,-1.671
-0.431,-0.381,-1.666
-0.434,-0.383,-1.662
-0.434,-0.383,-1.662
-0.433,-0.381,-1.673
-0.433,-0.381,-1.663
-0.435,-0.382,-1.663
-0.434,-0.385,-1.67
-0.432,-0.382,-1.655
-0.433,-0.381,-1.672
-0.433,-0.383,-1.672
-0.435,-0.383,-1.653
-0.432,-0.384,-1.671
-0.434,-0.384,-1.663
-0.435,-0.384,-1.658
-0.435,-0.387,-1.667
-0.432,-0.385,-1.671
-0.433,-0.382,-1.662
-0.435,-0.383,-1.671
-0.435,-0.382,-1.671
-0.433,-0.385,-1.654
-0.436,-0.383,-1.676
-0.435,-0.385,-1.673
-0.435,-0.385,-1.656
-0.432,-0.384,-1.675
-0.433,-0.383,-1.664
-0.435,-0.384,-1.655
-0.434,-0.386,-1.677
-0.433,-0.386,-1.655
-0.435,-0.385,-1.663
-0.436,-0.384,-1.674
-0.433,-0.384,-1.659
-0.434,-0.383,-1.659
-0.433,-0.385,-1.669
-0.435,-0.387,-1.659
-0.437,-0.384,-1.655
-0.436,-0.385,-1.677
-0.434,-0.384,-1.661
-0.438,-0.384,-1.658
-0.434,-0.383,-1.679
-0.434,-0.386,-1.651
-0.436,-0.381,-1.665
-0.436,-0.383,-1.674
-0.433,-0.381,-1.654
-0.435,-0.383,-1.667
-0.433,-0.381,-1.669
-0.436,-0.384,-1.659
-0.437,-0.383,-1.656
-0.435,-0.383,-1.662
-0.434,-0.384,-1.673
-0.436,-0.384,-1.655
-0.436,-0.384,-1.667
-0.431,-0.385,-1.667
-0.435,-0.383,-1.665
-0.435,-0.384,-1.659
-0.434,-0.383,-1.661
-0.434,-0.386,-1.665
-0.435,-0.386,-1.658
-0.438,-0.386,-1.661
-0.434,-0.385,-1.666
-0.435,-0.385,-1.654
-0.434,-0.385,-1.667
-0.434,-0.385,-1.659
-0.434,-0.384,-1.659
-0.433,-0.388,-1.673
-0.436,-0.388,-1.652
-0.435,-0.385,-1.663
-0.435,-0.387,-1.664
-0.432,-0.386,-1.662
-0.433,-0.385,-1.663
-0.435,-0.387,-1.659
-0.435,-0.386,-1.662
-0.435,-0.385,-1.663
-0.435,-0.384,-1.664
-0.435,-0.387,-1.651
-0.436,-0.385,-1.658
-0.433,-0.386,-1.672
-0.435,-0.384,-1.651
-0.438,-0.383,-1.657
-0.435,-0.385,-1.667
-0.431,-0.385,-1.658
-0.436,-0.383,-1.657
-0.434,-0.384,-1.666
-0.435,-0.387,-1.664
-0.434,-0.386,-1.656
-0.432,-0.382,-1.669
-0.432,-0.383,-1.657
-0.43,-0.384,-1.65
-0.431,-0.38,-1.673
-0.433,-0.381,-1.651
-0.433,-0.384,-1.647
-0.432,-0.383,-1.668
-0.431,-0.383,-1.654
-0.432,-0.38,-1.654
-0.432,-0.38,-1.668
-0.431,-0.383,-1.661
-0.43,-0.381,-1.655
-0.432,-0.38,-1.667
-0.431,-0.384,-1.662
-0.432,-0.381,-1.646
-0.43,-0.381,-1.677
-0.43,-0.381,-1.663
-0.432,-0.379,-1.651
-0.429,-0.38,-1.668
-0.431,-0.38,-1.662
-0.431,-0.38,-1.654
-0.431,-0.38,-1.669
-0.428,-0.381,-1.658
-0.431,-0.382,-1.65
-0.432,-0.38,-1.672
-0.429,-0.381,-1.672
-0.43,-0.38,-1.641
-0.431,-0.379,-1.661
-0.43,-0.381,-1.681
-0.431,-0.381,-1.645
-0.43,-0.381,-1.661
-0.43,-0.381,-1.671
-0.43,-0.381,-1.656
-0.429,-0.382,-1.661
-0.431,-0.383,-1.666
-0.428,-0.381,-1.655
-0.429,-0.378,-1.649
-0.429,-0.38,-1.669
-0.429,-0.381,-1.657
-0.431,-0.381,-1.651
-0.432,-0.382,-1.667
-0.431,-0.382,-1.653
-0.432,-0.382,-1.65
-0.43,-0.382,-1.659
-0.433,-0.382,-1.662
-0.43,-0.381,-1.649
-0.433,-0.38,-1.647
-0.432,-0.382,-1.666
-0.431,-0.382,-1.658
-0.432,-0.382,-1.647
-0.432,-0.382,-1.668
-0.432,-0.381,-1.654
-0.432,-0.381,-1.653
-0.432,-0.381,-1.665
-0.431,-0.38,-1.661
-0.434,-0.38,-1.647
-0.431,-0.381,-1.665
-0.43,-0.381,-1.669
-0.43,-0.381,-1.65
-0.432,-0.382,-1.67
-0.432,-0.382,-1.658
-0.432,-0.38,-1.652
-0.429,-0.38,-1.659
-0.432,-0.38,-1.666
-0.432,-0.38,-1.657
-0.432,-0.38,-1.654
-0.431,-0.38,-1.655
-0.429,-0.381,-1.667
-0.43,-0.38,-1.665
-0.432,-0.381,-1.662
-0.431,-0.38,-1.649
-0.433,-0.38,-1.657
-0.428,-0.381,-1.681
-0.431,-0.382,-1.645
-0.432,-0.38,-1.654
-0.431,-0.38,-1.665
-0.432,-0.38,-1.655
-0.431,-0.381,-1.652
-0.434,-0.379,-1.657
-0.432,-0.379,-1.662
-0.431,-0.381,-1.659
-0.432,-0.382,-1.659
-0.432,-0.381,-1.651
-0.433,-0.381,-1.659
-0.432,-0.382,-1.675
-0.431,-0.38,-1.645
-0.432,-0.379,-1.655
-0.433,-0.379,-1.67
-0.431,-0.383,-1.653
-0.433,-0.38,-1.657
-0.432,-0.383,-1.656
-0.431,-0.383,-1.665
-0.431,-0.383,-1.655
-0.432,-0.382,-1.653
-0.431,-0.381,-1.663
-0.432,-0.381,-1.654
-0.431,-0.381,-1.658
-0.432,-0.382,-1.651
-0.43,-0.383,-1.655
-0.432,-0.382,-1.659
-0.433,-0.382,-1.651
-0.433,-0.381,-1.66
-0.431,-0.38,-1.648
-0.434,-0.38,-1.655
-0.434,-0.38,-1.654
-0.435,-0.379,-1.651
-0.434,-0.38,-1.663
-0.437,-0.379,-1.655
-0.437,-0.382,-1.653
-0.435,-0.381,-1.654
-0.436,-0.377,-1.651
-0.438,-0.379,-1.654
-0.436,-0.379,-1.654
-0.435,-0.378,-1.663
-0.437,-0.377,-1.643
-0.439,-0.379,-1.65
-0.435,-0.38,-1.666
-0.434,-0.379,-1.647
-0.436,-0.38,-1.659
-0.437,-0.379,-1.655
-0.437,-0.381,-1.655
-0.437,-0.381,-1.658
-0.437,-0.38,-1.653
-0.434,-0.378,-1.665
-0.436,-0.378,-1.654
-0.435,-0.38,-1.655
-0.435,-0.377,-1.661
-0.437,-0.378,-1.652
-0.436,-0.378,-1.652
-0.435,-0.377,-1.651
-0.435,-0.379,-1.66
-0.436,-0.379,-1.649
-0.436,-0.379,-1.656
-0.436,-0.38,-1.663
-0.435,-0.38,-1.647
-0.437,-0.379,-1.656
-0.434,-0.381,-1.654
-0.382,-0.333,-1.379
-0.152,-0.171,-1.018
-0.018,-0.01,-0.771
-0.017,-0.01,-0.768
-0.016,-0.011,-0.775
-0.02,-0.014,-0.767
-0.018,-0.014,-0.762
-0.013,-0.013,-0.768
-0.017,-0.009,-0.769
-0.017,-0.011,-0.766
-0.017,-0.011,-0.762
-0.015,-0.013,-0.771
-0.015,-0.014,-0.763
-0.014,-0.012,-0.778
-0.015,-0.011,-0.772
-0.015,-0.013,-0.772
-0.015,-0.013,-0.766
-0.016,-0.01,-0.768
-0.015,-0.012,-0.764
-0.015,-0.008,-0.778
-0.013,-0.011,-0.771
-0.015,-0.013,-0.766
-0.015,-0.013,-0.768
-0.017,-0.011,-0.763
-0.016,-0.01,-0.768
-0.016,-0.008,-0.77
-0.017,-0.006,-0.765
-0.017,-0.013,-0.772
-0.017,-0.014,-0.766
-0.014,-0.015,-0.769
-0.015,-0.012,-0.767
-0.015,-0.005,-0.763
-0.015,-0.009,-0.774
-0.017,-0.013,-0.761
-0.015,-0.016,-0.772
-0.013,-0.012,-0.767
-0.013,-0.014,-0.767
-0.013,-0.011,-0.771
-0.013,-0.009,-0.767
-0.011,-0.01,-0.774
-0.013,-0.013,-0.762
-0.014,-0.015,-0.77
-0.013,-0.019,-0.771
-0.012,-0.018,-0.765
-0.013,-0.009,-0.773
-0.014,-0.009,-0.764
-0.012,-0.01,-0.773
-0.011,-0.015,-0.772
-0.014,-0.019,-0.766
-0.012,-0.018,-0.771
-0.011,-0.019,-0.764
-0.014,-0.015,-0.771
-0.013,-0.013,-0.77
-0.013,-0.01,-0.77
-0.013,-0.01,-0.769
-0.012,-0.017,-0.764
-0.014,-0.018,-0.771
-0.017,-0.021,-0.766
-0.014,-0.019,-0.77
-0.014,-0.017,-0.77
-0.015,-0.009,-0.766
-0.014,-0.011,-0.772
-0.015,-0.012,-0.765
-0.013,-0.019,-0.768
-0.017,-0.026,-0.772
-0.015,-0.021,-0.767
-0.015,-0.019,-0.772
-0.015,-0.014,-0.766
-0.016,-0.012,-0.772
-0.017,-0.018,-0.767
-0.015,-0.022,-0.77
-0.018,-0.026,-0.768
-0.018,-0.025,-0.767
-0.022,-0.022,-0.772
-0.018,-0.019,-0.766
-0.018,-0.018,-0.77
-0.02,-0.018,-0.771
-0.02,-0.018,-0.766
-0.02,-0.02,-0.77
-0.021,-0.023,-0.765
-0.021,-0.025,-0.774
-0.021,-0.022,-0.77
-0.019,-0.021,-0.77
-0.019,-0.017,-0.771
-0.022,-0.013,-0.768
-0.021,-0.015,-0.772
-0.022,-0.022,-0.763
-0.024,-0.022,-0.771
-0.026,-0.025,-0.772
-0.025,-0.023,-0.763
-0.027,-0.018,-0.771
-0.025,-0.014,-0.766
-0.028,-0.014,-0.767
-0.027,-0.018,-0.768
-0.028,-0.022,-0.767
-0.029,-0.026,-0.771
-0.029,-0.024,-0.762
-0.028,-0.022,-0.77
-0.028,-0.015,-0.77
-0.028,-0.013,-0.766
-0.026,-0.017,-0.77
-0.028,-0.021,-0.768
-0.028,-0.023,-0.769
-0.031,-0.025,-0.768
-0.031,-0.023,-0.769
-0.03,-0.018,-0.771
-0.026,-0.017,-0.766
-0.028,-0.015,-0.774
-0.031,-0.017,-0.763
-0.029,-0.021,-0.768
-0.029,-0.025,-0.77
-0.028,-0.024,-0.765
-0.032,-0.019,-0.771
-0.028,-0.019,-0.766
-0.026,-0.017,-0.77
-0.026,-0.017,-0.768
-0.029,-0.018,-0.766
-0.028,-0.021,-0.769
-0.026,-0.02,-0.762
-0.029,-0.021,-0.77
-0.029,-0.019,-0.766
-0.028,-0.015,-0.769
-0.026,-0.015,-0.769
-0.03,-0.015,-0.768
-0.026,-0.013,-0.771
-0.027,-0.015,-0.764
-0.027,-0.022,-0.77
-0.027,-0.018,-0.768
-0.028,-0.018,-0.763
-0.026,-0.018,-0.774
-0.026,-0.011,-0.76
-0.026,-0.01,-0.772
-0.026,-0.012,-0.766
-0.024,-0.018,-0.768
-0.024,-0.02,-0.771
-0.023,-0.018,-0.764
-0.025,-0.019,-0.77
-0.02,-0.013,-0.765
-0.024,-0.012,-0.767
-0.024,-0.013,-0.771
-0.023,-0.018,-0.764
-0.023,-0.018,-0.771
-0.021,-0.017,-0.765
-0.022,-0.018,-0.771
-0.024,-0.015,-0.769
-0.018,-0.018,-0.765
-0.018,-0.012,-0.772
-0.019,-0.012,-0.764
-0.021,-0.015,-0.77
-0.019,-0.021,-0.769
-0.02,-0.021,-0.771
-0.02,-0.018,-0.772
-0.018,-0.015,-0.766
-0.017,-0.011,-0.771
-0.018,-0.01,-0.767
-0.019,-0.012,-0.767
-0.018,-0.015,-0.77
-0.018,-0.019,-0.763
-0.017,-0.019,-0.774
-0.02,-0.016,-0.768
-0.02,-0.013,-0.77
-0.017,-0.011,-0.769
-0.016,-0.008,-0.772
-0.018,-0.013,-0.773
-0.018,-0.017,-0.762
-0.018,-0.019,-0.771
-0.017,-0.016,-0.767
-0.02,-0.015,-0.765
-0.017,-0.014,-0.772
-0.015,-0.015,-0.768
-0.016,-0.01,-0.768
-0.019,-0.01,-0.767
-0.019,-0.013,-0.77
-0.016,-0.017,-0.77
-0.015,-0.018,-0.765
-0.018,-0.013,-0.773
-0.017,-0.014,-0.768
-0.015,-0.011,-0.771
-0.017,-0.013,-0.767
-0.018,-0.011,-0.768
-0.018,-0.015,-0.772
-0.016,-0.016,-0.764
-0.019,-0.019,-0.773
-0.018,-0.016,-0.768
-0.02,-0.017,-0.766
-0.018,-0.013,-0.774
-0.021,-0.013,-0.765
-0.02,-0.016,-0.768
-0.019,-0.022,-0.766
-0.018,-0.022,-0.769
-0.017,-0.018,-0.773
-0.019,-0.014,-0.766
-0.018,-0.015,-0.771
-0.017,-0.014,-0.763
-0.018,-0.014,-0.77
-0.02,-0.017,-0.769
-0.016,-0.021,-0.77
-0.017,-0.024,-0.77
-0.021,-0.021,-0.761
-0.021,-0.017,-0.771
-0.016,-0.015,-0.766
-0.017,-0.014,-0.765
-0.019,-0.018,-0.772
-0.018,-0.02,-0.765
-0.02,-0.021,-0.773
-0.02,-0.019,-0.766
-0.018,-0.016,-0.769
-0.018,-0.017,-0.768
-0.018,-0.018,-0.765
-0.016,-0.019,-0.774
-0.019,-0.019,-0.767
-0.02,-0.018,-0.771
-0.018,-0.022,-0.771
-0.022,-0.017,-0.766
-0.021,-0.009,-0.773
-0.019,-0.006,-0.766
-0.019,-0.01,-0.768
-0.021,-0.018,-0.77
-0.022,-0.026,-0.768
-0.02,-0.025,-0.774
-0.021,-0.026,-0.762
-0.019,-0.012,-0.77
-0.019,-0.004,-0.763
-0.02,-0.005,-0.767
-0.022,-0.014,-0.769
-0.02,-0.016,-0.763
-0.023,-0.025,-0.77
-0.02,-0.021,-0.763
-0.019,-0.013,-0.767
-0.019,-0.009,-0.771
-0.019,-0.006,-0.764
-0.02,-0.011,-0.77
-0.02,-0.017,-0.764
-0.019,-0.023,-0.769
-0.023,-0.025,-0.767
-0.021,-0.018,-0.766
-0.019,-0.011,-0.772
-0.017,-0.004,-0.765
-0.019,-0.006,-0.769
-0.018,-0.015,-0.768
-0.02,-0.021,-0.768
-0.019,-0.025,-0.773
-0.018,-0.018,-0.765
-0.017,-0.011,-0.772
-0.017,-0.007,-0.764
-0.018,-0.005,-0.768
-0.019,-0.01,-0.766
-0.018,-0.022,-0.764
-0.018,-0.022,-0.772
-0.019,-0.022,-0.764
-0.017,-0.017,-0.768
-0.017,-0.008,-0.769
-0.015,-0.004,-0.767
-0.016,-0.009,-0.767
-0.016,-0.012,-0.766
-0.017,-0.024,-0.77
-0.019,-0.03,-0.767
-0.018,-0.029,-0.766
-0.017,-0.016,-0.77
-0.018,-0.008,-0.766
-0.017,-0.005,-0.771
-0.019,-0.012,-0.765
-0.022,-0.021,-0.769
-0.021,-0.024,-0.771
-0.019,-0.025,-0.765
-0.02,-0.019,-0.772
-0.019,-0.011,-0.766
-0.018,-0.005,-0.771
-0.018,-0.005,-0.768
-0.021,-0.013,-0.763
-0.021,-0.02,-0.774
-0.022,-0.026,-0.764
-0.018,-0.022,-0.772
-0.022,-0.014,-0.767
-0.021,-0.009,-0.766
-0.019,-0.003,-0.77
-0.017,-0.003,-0.765
-0.018,-0.007,-0.774
-0.015,-0.013,-0.768
-0.02,-0.029,-0.772
-0.021,-0.037,-0.768
-0.017,-0.026,-0.764
-0.018,-0.002,-0.773
-0.014,0.015,-0.767
-0.011,0.013,-0.769
-0.018,-0.009,-0.768
-0.019,-0.025,-0.768
-0.019,-0.031,-0.773
-0.019,-0.024,-0.765
-0.016,-0.007,-0.769
-0.015,0.011,-0.766
-0.012,0.011,-0.769
-0.012,0.003,-0.768
-0.016,-0.014,-0.764
-0.014,-0.031,-0.772
-0.016,-0.028,-0.765
-0.017,-0.009,-0.768
-0.012,0.008,-0.771
-0.013,0.009,-0.767
-0.012,0.005,-0.771
-0.015,-0.009,-0.764
-0.015,-0.024,-0.769
-0.017,-0.026,-0.768
-0.015,-0.021,-0.765
-0.012,-0.006,-0.771
-0.012,0.007,-0.762
-0.014,0.005,-0.773
-0.013,-0.004,-0.765
-0.011,-0.014,-0.767
-0.015,-0.029,-0.773
-0.015,-0.025,-0.766
-0.013,-0.013,-0.772
-0.012,0,-0.764
-0.015,0.007,-0.769
-0.014,0.003,-0.768
-0.013,-0.008,-0.765
-0.014,-0.019,-0.774
-0.016,-0.024,-0.766
-0.016,-0.018,-0.77
-0.013,-0.011,-0.773
-0.017,-0.005,-0.766
-0.015,0.001,-0.77
-0.015,0,-0.766
-0.016,-0.011,-0.774
-0.015,-0.019,-0.77
-0.016,-0.024,-0.766
-0.016,-0.019,-0.772
-0.013,-0.01,-0.763
-0.014,-0.001,-0.771
-0.015,0.001,-0.767
-0.018,-0.004,-0.768
-0.018,-0.019,-0.771
-0.018,-0.026,-0.765
-0.018,-0.022,-0.771
-0.019,-0.015,-0.765
-0.015,-0.006,-0.767
-0.017,0.001,-0.771
-0.016,-0.004,-0.766
-0.015,-0.013,-0.773
-0.017,-0.021,-0.764
-0.018,-0.023,-0.769
-0.017,-0.015,-0.767
-0.016,-0.008,-0.764
-0.017,-0.004,-0.772
-0.013,-0.003,-0.765
-0.018,-0.007,-0.771
-0.015,-0.015,-0.766
-0.016,-0.018,-0.765
-0.018,-0.019,-0.776
-0.016,-0.013,-0.763
-0.017,-0.005,-0.77
-0.014,-0.001,-0.767
-0.014,-0.001,-0.767
-0.016,-0.007,-0.771
-0.016,-0.013,-0.765
-0.016,-0.014,-0.773
-0.016,-0.01,-0.766
-0.018,-0.006,-0.772
-0.015,0,-0.77
-0.015,0.001,-0.767
-0.015,-0.001,-0.771
-0.021,-0.007,-0.763
-0.021,-0.014,-0.772
-0.018,-0.014,-0.771
-0.018,-0.012,-0.769
-0.018,-0.003,-0.772
-0.018,-0.002,-0.764
-0.017,-0.004,-0.77
-0.02,-0.007,-0.768
-0.018,-0.013,-0.766
-0.021,-0.012,-0.769
-0.016,-0.013,-0.763
-0.016,-0.005,-0.772
-0.017,-0.002,-0.764
-0.017,-0.003,-0.766
-0.016,-0.005,-0.77
-0.016,-0.011,-0.763
-0.018,-0.012,-0.776
-0.018,-0.011,-0.766
-0.018,-0.009,-0.768
-0.016,-0.005,-0.767
-0.016,-0.007,-0.767
-0.018,-0.006,-0.769
-0.014,-0.008,-0.765
-0.016,-0.011,-0.772
-0.017,-0.011,-0.765
-0.015,-0.013,-0.767
-0.015,-0.011,-0.772
-0.015,-0.009,-0.761
-0.014,-0.007,-0.771
-0.014,-0.006,-0.766
-0.013,-0.008,-0.769
-0.015,-0.012,-0.768
-0.018,-0.014,-0.766
-0.013,-0.013,-0.774
-0.014,-0.012,-0.766
-0.015,-0.005,-0.771
-0.016,-0.004,-0.77
-0.019,-0.009,-0.765
-0.015,-0.014,-0.771
-0.018,-0.016,-0.763
-0.017,-0.017,-0.771
-0.016,-0.012,-0.769
-0.016,-0.007,-0.765
-0.016,-0.005,-0.771
-0.018,-0.005,-0.766
-0.017,-0.009,-0.774
-0.015,-0.013,-0.766
-0.018,-0.015,-0.77
-0.017,-0.014,-0.772
-0.019,-0.012,-0.766
-0.015,-0.007,-0.775
-0.015,-0.003,-0.762
-0.017,-0.003,-0.768
-0.018,-0.005,-0.768
-0.018,-0.014,-0.766
-0.017,-0.015,-0.774
-0.021,-0.013,-0.765
-0.018,-0.007,-0.77
-0.015,-0.001,-0.77
-0.019,-0.002,-0.765
-0.018,-0.004,-0.77
-0.015,-0.01,-0.764
-0.018,-0.018,-0.774
-0.019,-0.012,-0.769
-0.017,-0.009,-0.77
-0.015,-0.004,-0.772
-0.018,-0.003,-0.766
-0.019,-0.006,-0.773
-0.019,-0.011,-0.764
-0.018,-0.014,-0.77
-0.017,-0.012,-0.769
-0.018,-0.011,-0.769
-0.018,-0.009,-0.773
-0.018,-0.007,-0.765
-0.019,-0.009,-0.77
-0.019,-0.01,-0.766
-0.019,-0.014,-0.77
-0.017,-0.014,-0.771
-0.021,-0.014,-0.76
-0.019,-0.012,-0.768
-0.019,-0.01,-0.769
-0.019,-0.009,-0.768
-0.017,-0.007,-0.769
-0.018,-0.011,-0.763
-0.019,-0.017,-0.773
-0.017,-0.017,-0.768
-0.017,-0.01,-0.772
-0.016,-0.006,-0.766
-0.016,-0.004,-0.765
-0.015,-0.01,-0.774
-0.015,-0.011,-0.766
-0.018,-0.015,-0.766
-0.016,-0.011,-0.77
-0.015,-0.01,-0.764
-0.016,-0.005,-0.771
-0.019,-0.009,-0.766
-0.018,-0.011,-0.769
-0.018,-0.013,-0.766
-0.019,-0.012,-0.766
-0.018,-0.013,-0.773
-0.02,-0.014,-0.763
-0.018,-0.013,-0.772
-0.018,-0.01,-0.766
-0.019,-0.009,-0.768
-0.015,-0.007,-0.768
-0.018,-0.012,-0.766
-0.017,-0.015,-0.774
-0.018,-0.018,-0.767
-0.019,-0.014,-0.772
-0.018,-0.012,-0.772
-0.017,-0.005,-0.766
-0.017,-0.009,-0.772
-0.017,-0.012,-0.761
-0.016,-0.016,-0.771
-0.016,-0.013,-0.768
-0.017,-0.01,-0.763
-0.015,-0.009,-0.772
-0.014,-0.009,-0.765
-0.014,-0.014,-0.772
-0.015,-0.011,-0.764
-0.014,-0.013,-0.769
-0.013,-0.014,-0.772
-0.014,-0.013,-0.766
-0.016,-0.016,-0.772
-0.018,-0.01,-0.766
-0.014,-0.014,-0.772
-0.017,-0.011,-0.77
-0.015,-0.009,-0.768
-0.016,-0.012,-0.772
-0.017,-0.013,-0.766
-0.015,-0.017,-0.768
-0.018,-0.013,-0.771
-0.016,-0.013,-0.766
