-0.003492,-0.003777,0.001690
-0.003484,-0.000774,-0.002310
-0.006475,-0.000771,0.001691
-0.004467,0.001231,-0.000309
-0.002459,-0.002766,-0.000309
-0.003450,-0.002763,-0.000308
-0.003442,-0.002760,0.000692
-0.004434,-0.004758,-0.003308
-0.004425,-0.002755,0.005692
-0.002417,-0.002752,0.000693
-0.005409,0.001250,-0.000307
-0.004400,-0.000747,-0.001307
-0.004392,-0.000744,0.004693
-0.002383,-0.004742,-0.004306
-0.004375,-0.003739,0.004694
-0.003367,-0.002736,-0.004306
-0.003358,-0.004734,0.000695
-0.004350,-0.002731,-0.001305
-0.003342,-0.000728,0.001695
-0.004333,-0.000726,0.000695
-0.005325,-0.000723,0.001696
-0.004317,-0.000720,-0.000304
-0.003308,-0.000718,0.000696
-0.002300,-0.001715,-0.002304
-0.002292,-0.001712,-0.000303
-0.004283,-0.001710,-0.003303
-0.004275,-0.002707,-0.000303
-0.002267,-0.001704,-0.000302
-0.006258,0.000298,0.004698
-0.004250,-0.003699,-0.003302
-0.003242,-0.001696,0.002698
-0.002233,-0.000694,-0.000301
-0.004225,-0.001691,0.001699
-0.002217,-0.000688,-0.002301
-0.004208,-0.000686,0.000699
-0.001200,-0.002683,-0.001300
-0.000192,-0.000680,0.001700
-0.001183,-0.001678,-0.001300
-0.002175,0.000325,0.001701
-0.006166,-0.003672,-0.000299
-0.001158,-0.000670,-0.000299
-0.003150,-0.001667,-0.004299
-0.000141,-0.001664,0.001702
-0.002133,-0.003662,0.002702
-0.003125,-0.000659,-0.002298
-0.003116,-0.002656,-0.000298
-0.004108,-0.002653,0.005703
-0.004100,0.001349,-0.003297
-0.004091,0.001352,-0.002297
-0.005083,-0.001645,0.000704
-0.003075,0.001357,-0.001296
-0.005066,-0.001640,-0.001296
-0.005058,-0.001637,-0.000296
-0.004050,-0.004635,0.002705
-0.004041,-0.003632,-0.002295
-0.004033,-0.002629,0.003705
-0.003025,0.001373,0.000706
-0.004016,-0.000624,-0.002294
-0.004008,-0.000621,-0.000294
-0.007000,-0.001619,-0.002294
-0.004991,-0.001616,-0.000293
-0.005983,-0.001613,-0.002293
-0.003975,-0.003611,-0.002293
-0.001966,-0.001608,0.001707
-0.003958,-0.002605,-0.000292
-0.003949,-0.001603,-0.000292
-0.002941,0.000400,0.000708
-0.001933,0.000403,0.000709
-0.001924,0.000405,-0.002291
-0.003916,0.000408,0.000709
-0.001908,-0.003589,-0.001291
-0.001899,-0.001587,-0.000290
-0.002891,-0.003584,-0.001290
-0.002883,-0.002581,0.000710
-0.001874,-0.001579,-0.002290
-0.001866,-0.001576,0.001711
-0.001858,-0.001573,0.001711
0.000151,-0.000571,0.000711
-0.002841,-0.000568,-0.000288
0.000167,-0.000565,0.001712
-0.003824,-0.001563,-0.001288
-0.003816,-0.000560,0.000712
-0.002808,-0.002557,-0.001287
-0.003799,-0.002555,0.001713
-0.003791,-0.000552,-0.003287
-0.003783,-0.002549,0.000713
-0.003774,0.001453,-0.003286
-0.005766,-0.001544,0.001714
-0.005757,0.000459,-0.004286
-0.000749,-0.002538,0.001715
-0.003741,-0.001536,-0.005285
-0.005732,-0.000533,0.002715
-0.005724,-0.002530,0.002715
-0.003716,-0.000528,0.003716
-0.003707,-0.002525,-0.001284
-0.003699,-0.001522,0.003716
-0.003691,0.001480,-0.001283
-0.003682,0.001483,0.002717
-0.002674,0.000486,-0.002283
-0.003666,-0.000512,0.002717
-0.003657,-0.003509,-0.003282
-0.001649,-0.001506,0.003718
-0.004641,-0.003504,-0.000282
-0.001632,-0.000501,0.002718
-0.003624,-0.002498,-0.000281
-0.001616,-0.002496,0.002719
-0.001607,-0.000493,-0.002281
-0.001599,-0.000490,0.004720
-0.000591,-0.000488,-0.002280
-0.001582,-0.000485,0.002720
0.000426,-0.000482,-0.002280
-0.000566,0.000520,0.003721
0.000443,0.002523,-0.003279
-0.001549,-0.001474,0.003721
-0.000540,-0.000472,-0.003279
-0.001532,0.000531,0.004722
-0.000524,-0.001466,-0.000278
0.000485,0.001536,0.004722
0.000493,-0.002461,-0.003277
-0.000499,-0.000458,-0.001277
-0.001490,-0.000456,-0.001277
-0.001482,-0.001453,0.004723
0.001526,-0.003450,-0.002276
-0.000465,-0.001448,0.002724
-0.001457,-0.000445,-0.001276
-0.000449,-0.000442,-0.000276
-0.000440,-0.001440,-0.002275
-0.001432,-0.001437,-0.000275
-0.002424,-0.000434,-0.003275
-0.002415,-0.002432,0.001726
-0.003407,-0.002429,-0.001274
-0.002399,-0.000426,0.003726
-0.003390,-0.000423,-0.001274
-0.004382,-0.001421,0.004727
-0.004374,0.000582,0.000727
-0.002365,0.001585,0.001727
-0.005357,-0.001413,-0.002273
-0.003349,-0.002410,-0.001272
-0.005340,-0.000407,-0.001272
-0.005332,-0.000405,0.004728
-0.004323,-0.000402,-0.001271
-0.003315,0.000601,0.003729
-0.003307,0.001603,-0.001271
-0.005298,-0.000394,-0.000271
-0.004290,-0.000391,0.000730
-0.004282,-0.000389,-0.001270
-0.005273,-0.004386,-0.000270
-0.004265,-0.000383,0.000731
-0.004257,-0.002381,0.000731
-0.006248,-0.001378,0.003731
-0.005240,-0.001375,-0.001269
-0.006232,0.000627,-0.000268
-0.002223,-0.001370,0.001732
-0.002215,-0.000367,0.000732
-0.003207,-0.003365,0.001732
-0.003198,-0.001362,0.001733
-0.001190,0.002641,0.000733
-0.002182,-0.002357,-0.000267
-0.001173,-0.001354,0.000734
-0.002165,-0.000351,-0.002266
-0.000157,-0.001349,-0.001266
-0.003148,0.001654,-0.000266
-0.002140,0.001657,0.001735
-0.001131,-0.000341,-0.001265
-0.001123,0.002662,0.004735
-0.001115,0.000665,-0.000265
-0.002106,0.001667,0.003736
-0.002098,-0.000330,-0.007264
-0.003090,-0.001327,0.004736
-0.001081,-0.002325,0.000737
-0.000073,-0.001322,0.000737
-0.001065,-0.002319,-0.002263
-0.002056,-0.000316,0.000737
-0.001048,-0.002314,-0.001262
-0.001040,0.001689,0.003738
-0.002031,-0.000308,-0.001262
0.000977,-0.001306,0.004738
-0.003015,-0.000303,-0.003261
-0.005006,-0.000300,0.002739
-0.001998,0.001702,-0.000261
-0.001990,-0.000295,0.004740
-0.003981,-0.002292,-0.002260
-0.002973,-0.000290,-0.000260
-0.002965,-0.000287,-0.003260
-0.003956,-0.000284,0.002741
-0.004948,-0.001282,-0.003259
-0.002940,-0.002279,0.002741
-0.004931,-0.000276,-0.001259
-0.002923,0.002726,0.003742
-0.003914,0.001729,-0.001258
-0.004906,0.001732,0.001742
-0.003898,0.001734,-0.003257
-0.003889,-0.000263,0.006743
-0.002881,-0.000260,-0.002257
-0.002873,-0.001258,0.004743
-0.003864,0.001745,-0.002256
-0.003856,-0.001252,0.004744
-0.001848,-0.001250,-0.003256
-0.000839,-0.000247,0.001745
-0.002831,-0.000244,-0.004255
-0.002823,-0.001242,0.005745
-0.002814,-0.002239,-0.001255
-0.002806,-0.001236,0.002746
-0.000798,-0.000234,-0.001254
-0.003789,-0.001231,0.001746
-0.001781,0.000772,-0.000254
-0.002773,-0.001226,-0.001253
-0.002764,0.000777,-0.002253
-0.000756,-0.000220,0.002747
0.000252,0.000782,0.000748
-0.002739,-0.002215,0.003748
-0.000731,-0.000212,-0.001252
0.001277,-0.001210,0.001748
-0.001714,-0.000207,0.000749
-0.000706,-0.001204,-0.000251
-0.002697,-0.000201,0.000749
-0.001689,-0.003199,0.000749
-0.000681,-0.000196,-0.003250
-0.001672,-0.003193,0.000750
-0.000664,-0.002191,-0.000250
-0.001656,-0.000188,0.001751
-0.001647,0.002815,0.002751
-0.001639,0.002817,0.000751
-0.001631,0.001820,0.000751
-0.000622,-0.002177,-0.002248
-0.002614,-0.000175,0.002752
-0.000606,-0.000172,-0.000248
-0.002597,0.000831,-0.001248
-0.001589,-0.000167,-0.001247
-0.003581,0.002836,-0.000247
-0.001572,-0.000161,-0.000247
-0.002564,0.001841,0.004754
-0.001556,-0.001156,0.000754
-0.002547,-0.002153,0.003754
-0.001539,-0.006151,-0.001246
-0.004531,0.000852,0.000755
-0.004522,-0.002145,-0.002245
-0.002514,0.000857,0.002755
-0.001505,-0.002140,-0.005244
-0.001497,0.002863,0.004756
-0.004489,-0.000135,-0.003244
-0.004480,-0.000132,0.003756
-0.005472,-0.002129,-0.004243
-0.004464,-0.000127,0.001757
-0.002455,-0.004124,-0.001243
0.000553,0.000879,0.004757
-0.002439,0.001881,-0.002242
-0.004430,-0.001116,0.002758
-0.002422,-0.000113,-0.001242
-0.004414,-0.000111,0.004759
-0.002405,-0.001108,-0.001241
-0.002397,0.001895,0.005759
-0.004389,0.000897,-0.001241
-0.003380,0.000900,0.001760
-0.002372,-0.000097,-0.003240
-0.002364,0.001906,0.004760
-0.004355,0.003908,-0.001240
-0.003347,0.001911,0.000761
-0.003339,0.001914,-0.001239
-0.002330,-0.001084,0.002761
-0.001322,-0.002081,-0.000238
-0.002314,-0.001078,0.003762
-0.000305,0.001924,-0.002238
-0.003297,-0.002073,0.002762
-0.002288,0.000930,-0.002237
-0.001280,-0.000068,0.005763
-0.002272,0.001935,-0.003237
-0.001263,-0.000062,0.003763
-0.003255,0.001940,-0.003236
-0.002247,-0.002057,0.002764
-0.001238,0.000946,-0.002236
-0.001230,0.000948,0.000765
-0.001222,0.000951,-0.001235
-0.001213,0.000954,0.004765
-0.003205,-0.001044,-0.000235
-0.001197,-0.001041,-0.000234
-0.002188,0.003962,0.002766
-0.000180,0.000964,0.000766
-0.002172,0.001967,-0.000234
-0.000163,-0.000030,-0.000233
-0.002155,-0.000028,-0.000233
-0.000147,-0.001025,0.001767
-0.001138,-0.002022,-0.001232
-0.004130,-0.000020,-0.001232
-0.002122,-0.001017,0.001768
-0.004113,-0.003014,-0.001232
-0.002105,-0.002012,0.005769
-0.001097,-0.000009,-0.002231
-0.005088,-0.000006,-0.001231
-0.003080,-0.001004,-0.002230
-0.003071,-0.002001,0.002770
-0.002063,-0.000998,-0.002230
-0.002055,0.000004,0.000770
-0.004046,0.000007,-0.002229
-0.004038,-0.001990,0.001771
-0.002030,-0.000988,-0.001229
-0.005021,0.000015,0.002771
-0.005013,-0.000982,0.001772
-0.002005,0.001021,0.002772
0.000004,-0.001977,-0.002228
-0.002988,0.002026,0.003773
-0.000980,0.000029,-0.004227
-0.001971,0.002031,0.002773
-0.001963,-0.000966,-0.002227
-0.001955,-0.002963,0.003774
-0.001946,-0.003961,-0.001226
-0.004938,-0.000958,0.001774
-0.001930,0.000045,-0.002226
-0.003921,0.002047,0.002775
-0.001913,0.000050,-0.002225
-0.001905,0.001053,0.002775
-0.001896,-0.001945,-0.001224
-0.002888,0.000058,0.004776
0.000121,-0.001939,-0.000224
-0.001871,-0.001937,-0.000224
-0.001863,-0.002934,-0.000223
-0.000854,0.003069,-0.000223
-0.001846,0.000071,-0.003223
-0.001838,0.000074,0.000777
-0.004829,-0.002923,-0.000222
-0.000821,0.000079,-0.002222
-0.000813,-0.003918,-0.000222
0.000196,0.001085,0.003779
0.000204,-0.001913,-0.004221
0.001212,0.001090,0.002779
0.000221,0.002093,-0.002221
0.002229,0.001095,0.002780
-0.000763,-0.000902,-0.001220
0.002246,0.000101,0.002780
0.002254,-0.001897,-0.004220
-0.000738,0.002106,0.000781
0.001271,-0.001891,-0.003219
-0.000721,0.002111,-0.002219
-0.001713,0.000114,0.004782
0.001296,0.001117,-0.001218
-0.000696,0.002119,0.001782
-0.001688,0.002122,-0.002218
-0.002679,0.000125,-0.001217
-0.002671,0.001128,-0.002217
-0.003662,0.000130,0.001783
-0.000654,0.003133,-0.002216
0.000354,0.002136,0.005784
-0.003637,0.004138,-0.001216
-0.003629,0.001141,-0.001216
-0.002621,-0.000856,-0.003215
-0.002612,-0.001854,0.001785
-0.001604,-0.001851,-0.002215
-0.002596,0.002152,0.000785
-0.000587,0.001154,-0.000214
-0.003579,0.003157,0.004786
-0.000571,0.000160,-0.003214
-0.000562,0.000162,0.004787
-0.001554,-0.000835,-0.003213
-0.001546,0.000168,0.000787
-0.001537,-0.001830,-0.006213
-0.002529,0.002173,0.000788
-0.001521,0.004176,-0.004212
-0.003512,0.002178,0.002788
0.000496,-0.001819,-0.006212
-0.001496,-0.000816,0.002789
-0.001487,-0.003814,-0.003211
-0.000479,-0.002811,0.001789
-0.002471,0.000192,0.001790
-0.002462,0.000194,-0.000210
-0.002454,0.002197,-0.006210
-0.002445,0.002200,0.004790
-0.001437,0.000202,-0.001209
-0.000429,-0.001795,0.003791
-0.003420,-0.001792,-0.002209
-0.003412,0.000210,0.001791
-0.002404,-0.001787,-0.001208
-0.003395,0.001216,-0.001208
-0.001387,-0.001782,-0.001208
-0.001379,0.004221,-0.000207
-0.003370,0.003224,0.001793
-0.002362,-0.000774,0.001793
-0.002354,-0.001771,0.000793
0.000655,0.000232,0.001794
0.000663,0.000234,-0.001206
-0.001329,0.000237,-0.001206
0.000680,0.002240,0.001795
-0.000312,0.001243,-0.000205
-0.001304,-0.003755,-0.004205
-0.001295,0.000248,0.001795
0.000713,-0.000749,0.002796
0.000721,-0.000747,-0.000204
0.000730,0.001256,-0.000204
0.000738,0.002259,-0.001204
-0.000253,0.002261,0.004797
-0.000245,0.000264,-0.002203
0.000763,0.000267,0.002797
0.002772,-0.001731,0.000798
0.001780,-0.001728,-0.000202
0.004788,-0.000725,-0.003202
-0.000203,-0.000723,0.005798
-0.000195,0.001280,-0.002201
0.002813,0.000283,0.003799
0.001822,0.000285,-0.001201
0.001830,0.000288,0.004799
0.000838,-0.004709,-0.001200
-0.000153,0.000293,0.001800
-0.000145,-0.001704,-0.002200
0.001863,0.000299,0.004801
0.000872,-0.000699,-0.003199
0.001880,0.002304,-0.000199
-0.001112,0.004307,-0.002199
-0.000103,-0.000691,-0.003198
-0.001095,-0.001688,-0.004198
-0.000087,-0.001685,0.000802
0.000922,-0.002683,-0.000198
-0.003070,0.000320,0.004803
-0.002062,0.000323,-0.003197
-0.003053,0.000325,-0.000197
-0.003045,0.002328,-0.002196
-0.000036,0.000331,0.000804
-0.001028,-0.000667,-0.001196
-0.001020,-0.001664,0.000804
-0.003011,-0.001661,-0.002195
-0.001003,-0.001659,-0.001195
-0.000995,-0.001656,0.003805
0.001014,0.000347,-0.004195
-0.000978,-0.000650,0.003806
0.001030,-0.000648,0.000806
0.002039,-0.002645,0.000806
0.000047,-0.001642,-0.000193
0.001055,-0.003640,-0.000193
0.000064,-0.000637,-0.000193
0.000072,-0.001634,0.001807
0.002080,-0.001632,-0.003192
0.002089,-0.002629,0.001808
0.001097,-0.001626,-0.002192
-0.000895,-0.000624,0.000809
0.001114,-0.001621,0.000809
-0.000878,-0.001618,-0.001191
0.001130,-0.002616,-0.005191
0.003139,-0.003613,0.001810
0.001147,-0.000610,-0.000190
0.000155,0.000392,0.002810
0.001164,0.000395,-0.002190
0.001172,-0.000602,0.001811
0.001181,0.002400,-0.000189
0.000189,-0.001597,0.002811
0.001197,-0.000594,-0.001188
0.001206,-0.001592,0.003812
0.001214,-0.000589,-0.001188
0.001222,-0.001586,0.003812
0.003231,0.002416,-0.005187
0.001239,0.000419,0.004813
0.002247,0.002422,-0.001187
0.000256,-0.000576,0.000813
0.001264,-0.000573,0.000814
0.001272,0.000430,0.001814
-0.000719,-0.003568,-0.005186
0.001289,0.000435,0.005815
0.002297,0.003438,-0.006185
0.002306,0.002440,0.006815
0.001314,0.001443,-0.004185
0.002322,0.000446,0.001816
0.001331,0.000448,-0.003184
0.001339,0.000451,0.003816
0.000347,-0.001546,-0.003184
0.003356,-0.000544,0.005817
0.001364,-0.000541,-0.001183
0.003373,0.003462,-0.001183
0.003381,0.002465,-0.000182
0.003389,0.004467,-0.000182
0.001398,0.000470,0.000818
0.000406,0.000473,-0.002182
0.000414,-0.000525,0.000819
0.000423,-0.001522,-0.000181
0.002431,-0.000519,0.000819
0.004439,0.000483,-0.000180
0.001448,-0.001514,-0.001180
0.002456,0.002489,0.001820
0.003464,-0.002509,-0.000180
0.000473,0.000494,-0.002179
0.002481,-0.001503,0.001821
0.000489,-0.002501,-0.001179
0.002498,0.000502,0.000821
0.002506,0.002505,-0.001178
0.000514,0.000507,0.000822
-0.000477,0.000510,-0.002178
0.003531,-0.001487,0.003823
0.002539,-0.000485,0.001823
0.002548,0.000518,0.001823
0.003556,0.000521,-0.004177
0.004564,-0.003477,0.000824
0.002573,-0.000474,-0.000176
0.001581,0.001529,0.004824
0.003590,-0.001469,-0.007176
0.003598,-0.001466,0.003825
0.004606,-0.000463,-0.003175
0.004615,-0.003461,0.004825
0.002623,-0.002458,-0.004174
0.004631,-0.000455,0.003826
0.003640,0.000547,-0.000174
0.002648,0.000550,0.002826
0.004656,0.002553,0.000827
0.004665,0.000555,0.000827
0.003673,-0.001442,-0.000173
0.003681,0.000561,0.001827
0.003690,-0.001437,-0.003172
0.004698,-0.003434,0.005828
0.004706,-0.000431,-0.000172
0.001715,0.002571,0.001829
0.002723,-0.001426,-0.000171
0.003731,-0.001423,-0.000171
0.005740,-0.001420,-0.001171
0.003748,0.000582,0.003830
0.001756,0.000585,-0.003170
-0.000235,0.000588,0.005830
0.002773,0.002590,-0.002170
0.001781,0.000593,-0.000169
0.003790,-0.003404,0.002831
0.002798,-0.001402,-0.002169
0.003807,-0.001399,0.003832
0.003815,0.000604,-0.003168
0.001823,0.002606,0.004832
-0.107168,0.135609,0.300832
-0.128160,0.170612,0.333833
-0.126152,0.164614,0.320833
-0.124143,0.159617,0.319833
-0.123135,0.158620,0.318834
-0.120127,0.158622,0.306834
-0.120118,0.156625,0.304834
-0.120110,0.153628,0.315834
-0.121102,0.153630,0.299835
-0.121093,0.154633,0.304835
-0.118085,0.151636,0.297835
-0.117077,0.150638,0.307835
-0.118068,0.152641,0.298836
-0.117060,0.154644,0.303836
-0.118052,0.150646,0.288836
-0.115043,0.149649,0.308837
-0.119035,0.147652,0.298837
-0.117027,0.148654,0.293837
-0.118018,0.147657,0.292837
-0.115010,0.147660,0.304838
-0.115001,0.148662,0.288838
-0.116993,0.146665,0.293838
-0.116985,0.147668,0.296838
-0.114976,0.148670,0.292839
-0.117968,0.148673,0.290839
-0.115960,0.146676,0.298839
-0.118951,0.146678,0.282840
-0.115943,0.145681,0.291840
-0.115935,0.146684,0.291840
-0.115926,0.143687,0.289840
-0.116918,0.146689,0.281841
-0.115910,0.143692,0.295841
-0.115901,0.143695,0.287841
-0.115893,0.144697,0.281841
-0.115885,0.144700,0.286842
-0.115876,0.143703,0.285842
-0.116868,0.141705,0.282842
-0.114860,0.139708,0.292843
-0.113851,0.142711,0.280843
-0.113843,0.144713,0.279843
-0.115835,0.141716,0.293843
-0.115826,0.140719,0.279844
-0.114818,0.143721,0.278844
-0.115810,0.141724,0.288844
-0.114801,0.142727,0.286844
-0.115793,0.139729,0.274845
-0.114784,0.141732,0.291845
-0.111776,0.141735,0.280845
-0.111768,0.140737,0.280846
-0.114759,0.138740,0.283846
-0.113751,0.140743,0.282846
-0.115743,0.140745,0.274846
-0.112734,0.139748,0.296847
-0.112726,0.138751,0.278847
-0.113718,0.139753,0.272847
-0.112709,0.138756,0.288848
-0.113701,0.139759,0.293848
-0.110693,0.141761,0.267848
-0.113684,0.138764,0.285848
-0.110676,0.136767,0.286849
-0.110668,0.136769,0.280849
-0.112659,0.141772,0.271849
-0.112651,0.139775,0.280849
-0.108643,0.137777,0.273850
-0.110634,0.137780,0.285850
-0.110626,0.137783,0.277850
-0.110618,0.139785,0.278851
-0.112609,0.140788,0.275851
-0.110601,0.137791,0.287851
-0.111593,0.137793,0.274851
-0.113584,0.134796,0.275852
-0.110576,0.136799,0.285852
-0.111567,0.140802,0.279852
-0.110559,0.140804,0.274852
-0.108551,0.137807,0.281853
-0.112542,0.137810,0.272853
-0.111534,0.136812,0.275853
-0.111526,0.138815,0.281854
-0.112517,0.137818,0.275854
-0.112509,0.138820,0.276854
-0.112501,0.138823,0.277854
-0.110492,0.136826,0.278855
-0.113484,0.136828,0.273855
-0.110476,0.137831,0.277855
-0.110467,0.139834,0.273855
-0.112459,0.137836,0.280856
-0.110451,0.135839,0.273856
-0.110442,0.134842,0.276856
-0.113434,0.135844,0.270857
-0.109426,0.135847,0.279857
-0.110417,0.134850,0.271857
-0.109409,0.136852,0.273857
-0.110401,0.135855,0.275858
-0.112392,0.133858,0.275858
-0.109384,0.135860,0.273858
-0.112375,0.134863,0.276859
-0.111367,0.134866,0.267859
-0.110359,0.134868,0.272859
-0.110350,0.136871,0.275859
-0.109342,0.135874,0.273860
-0.109334,0.135876,0.267860
-0.110325,0.135879,0.282860
-0.110317,0.132882,0.273860
-0.112309,0.132884,0.271861
-0.110300,0.135887,0.273861
-0.110292,0.134890,0.275861
-0.110284,0.133892,0.270862
-0.107275,0.132895,0.274862
-0.111267,0.135898,0.265862
-0.112259,0.134900,0.270862
-0.107250,0.136903,0.278863
-0.110242,0.133906,0.271863
-0.110234,0.130909,0.267863
-0.110225,0.132911,0.275863
-0.109217,0.132914,0.269864
-0.109209,0.135917,0.267864
-0.109200,0.133919,0.272864
-0.108192,0.132922,0.265865
-0.110184,0.129925,0.273865
-0.109175,0.132927,0.271865
-0.109167,0.132930,0.269865
-0.109158,0.132933,0.261866
-0.109150,0.131935,0.273866
-0.109142,0.134938,0.271866
-0.108133,0.131941,0.273866
-0.111125,0.130943,0.268867
-0.111117,0.133946,0.269867
-0.109108,0.132949,0.256867
-0.110100,0.130951,0.274868
-0.107092,0.130954,0.270868
-0.110083,0.131957,0.266868
-0.110075,0.131959,0.268868
-0.108067,0.131962,0.275869
-0.108058,0.131965,0.263869
-0.108050,0.130967,0.271869
-0.107042,0.132970,0.270869
-0.109033,0.132973,0.269870
-0.108025,0.131975,0.267870
-0.108017,0.132978,0.273870
-0.107008,0.130981,0.267871
-0.109000,0.130983,0.271871
-0.108992,0.130986,0.268871
-0.107983,0.132989,0.268871
-0.108975,0.131991,0.269872
-0.106967,0.132994,0.266872
-0.106958,0.131997,0.265872
-0.107950,0.132999,0.268873
-0.109941,0.133002,0.269873
-0.107933,0.132005,0.265873
-0.107925,0.131007,0.267873
-0.106916,0.131010,0.269874
-0.107908,0.134013,0.265874
-0.110900,0.135015,0.269874
-0.108891,0.132018,0.270874
-0.106883,0.131021,0.267875
-0.107875,0.131024,0.271875
-0.109866,0.132026,0.265875
-0.107858,0.132029,0.269876
-0.109850,0.134032,0.261876
-0.108841,0.133034,0.269876
-0.108833,0.131037,0.269876
-0.108825,0.132040,0.265877
-0.108816,0.133042,0.263877
-0.106808,0.134045,0.269877
-0.105800,0.133048,0.261877
-0.106791,0.130050,0.271878
-0.105783,0.131053,0.263878
-0.109775,0.132056,0.265878
-0.107766,0.132058,0.264879
-0.107758,0.131061,0.272879
-0.106749,0.133064,0.263879
-0.105741,0.134066,0.268879
-0.106733,0.132069,0.270880
-0.107724,0.131072,0.259880
-0.108716,0.131074,0.263880
-0.105708,0.131077,0.275880
-0.106699,0.133080,0.260881
-0.108691,0.133082,0.268881
-0.106683,0.134085,0.266881
-0.106674,0.133088,0.263882
-0.105666,0.130090,0.271882
-0.108658,0.128093,0.269882
-0.106649,0.133096,0.260882
-0.106641,0.131098,0.267883
-0.107633,0.133101,0.272883
-0.105624,0.133104,0.267883
-0.107616,0.135106,0.265883
-0.106608,0.133109,0.267884
-0.105599,0.133112,0.266884
-0.105591,0.132114,0.259884
-0.106583,0.131117,0.271885
-0.106574,0.131120,0.262885
-0.105566,0.130122,0.265885
-0.107558,0.133125,0.265885
-0.108549,0.131128,0.267886
-0.106541,0.132131,0.260886
-0.106532,0.130133,0.270886
-0.107524,0.131136,0.259887
-0.107516,0.132139,0.270887
-0.105507,0.132141,0.268887
-0.106499,0.133144,0.268887
-0.107491,0.132147,0.261888
-0.105482,0.132149,0.273888
-0.106474,0.130152,0.260888
-0.106466,0.131155,0.271888
-0.106457,0.131157,0.268889
-0.106449,0.132160,0.269889
-0.106441,0.131163,0.261889
-0.106432,0.130165,0.270890
-0.106424,0.131168,0.263890
-0.107416,0.130171,0.266890
-0.105407,0.129173,0.263890
-0.105399,0.130176,0.271891
-0.106391,0.132179,0.265891
-0.106382,0.131181,0.266891
-0.106374,0.131184,0.266891
-0.107366,0.133187,0.257892
-0.105357,0.132189,0.267892
-0.106349,0.131192,0.267892
-0.106341,0.130195,0.259893
-0.105332,0.131197,0.271893
-0.105324,0.132200,0.265893
-0.106315,0.128203,0.258893
-0.107307,0.129205,0.267894
-0.106299,0.130208,0.265894
-0.104290,0.133211,0.262894
-0.105282,0.131213,0.263894
-0.105274,0.131216,0.270895
-0.104265,0.132219,0.257895
-0.104257,0.132221,0.271895
-0.105249,0.130224,0.267896
-0.104240,0.130227,0.261896
-0.105232,0.130229,0.265896
-0.105224,0.132232,0.269896
-0.105215,0.131235,0.255897
-0.105207,0.129237,0.269897
-0.106199,0.132240,0.267897
-0.105190,0.131243,0.265898
-0.106182,0.129246,0.257898
-0.104174,0.130248,0.273898
-0.105165,0.130251,0.260898
-0.106157,0.131254,0.261899
-0.105149,0.132256,0.264899
-0.104140,0.128259,0.267899
-0.105132,0.130262,0.263899
-0.106123,0.132264,0.270900
-0.106115,0.130267,0.261900
-0.104107,0.131270,0.264900
-0.106098,0.131272,0.269901
-0.105090,0.132275,0.263901
-0.106082,0.129278,0.260901
-0.105073,0.130280,0.267901
-0.105065,0.131283,0.265902
-0.106057,0.131286,0.261902
-0.105048,0.130288,0.262902
-0.105040,0.127291,0.266902
-0.106032,0.131294,0.263903
-0.106023,0.130296,0.266903
-0.107015,0.132299,0.271903
-0.106007,0.130302,0.256904
-0.104998,0.127304,0.266904
-0.103990,0.129307,0.269904
-0.105982,0.130310,0.259904
-0.106973,0.128312,0.260905
-0.106965,0.129315,0.276905
-0.105957,0.130318,0.252905
-0.107948,0.130320,0.266905
-0.104940,0.131323,0.267906
-0.106932,0.130326,0.263906
-0.106923,0.131328,0.259906
-0.106915,0.131331,0.262907
-0.105906,0.130334,0.259907
-0.104898,0.128336,0.268907
-0.106890,0.129339,0.263907
-0.105881,0.129342,0.263908
-0.105873,0.127344,0.260908
-0.104865,0.127347,0.267908
-0.104856,0.127350,0.263908
-0.104848,0.128353,0.256909
-0.105840,0.130355,0.267909
-0.103831,0.129358,0.267909
-0.103823,0.129361,0.260910
-0.103815,0.129363,0.261910
-0.105806,0.129366,0.260910
-0.105798,0.128369,0.257910
-0.103790,0.127371,0.269911
-0.105781,0.127374,0.265911
-0.107773,0.128377,0.260911
-0.104765,0.129379,0.264912
-0.104756,0.129382,0.273912
-0.106748,0.128385,0.253912
-0.104740,0.127387,0.264912
-0.103731,0.128390,0.265913
-0.103723,0.128393,0.264913
-0.104715,0.128395,0.258913
-0.103706,0.131398,0.266913
-0.103698,0.129401,0.261914
-0.103689,0.130403,0.269914
-0.104681,0.126406,0.261914
-0.103673,0.128409,0.262915
-0.103664,0.127411,0.262915
-0.103656,0.128414,0.265915
-0.104648,0.127417,0.257915
-0.104639,0.127419,0.266916
-0.104631,0.128422,0.263916
-0.106623,0.128425,0.261916
-0.103614,0.128427,0.261916
-0.105606,0.129430,0.266917
-0.102598,0.129433,0.257917
-0.104589,0.129435,0.265917
-0.102581,0.131438,0.267918
-0.104573,0.130441,0.259918
-0.104564,0.130443,0.268918
-0.104556,0.129446,0.269918
-0.105548,0.127449,0.260919
-0.104539,0.128451,0.259919
-0.102531,0.131454,0.265919
-0.103523,0.127457,0.260919
-0.103514,0.128459,0.268920
-0.103506,0.127462,0.263920
-0.104497,0.128465,0.266920
-0.105489,0.129468,0.253921
-0.105481,0.130470,0.273921
-0.103472,0.131473,0.261921
-0.104464,0.129476,0.261921
-0.104456,0.130478,0.267922
-0.102447,0.132481,0.264922
-0.106439,0.130484,0.258922
-0.105431,0.129486,0.273923
-0.104422,0.130489,0.261923
-0.104414,0.130492,0.263923
-0.103406,0.130494,0.271923
-0.106397,0.131497,0.263924
-0.104389,0.132500,0.255924
-0.103381,0.129502,0.269924
-0.102372,0.129505,0.267924
-0.104364,0.130508,0.255925
-0.104356,0.131510,0.264925
-0.104347,0.130513,0.266925
-0.104339,0.130516,0.263926
-0.101331,0.127518,0.259926
-0.102322,0.127521,0.264926
-0.106314,0.131524,0.261926
-0.105306,0.130526,0.267927
-0.102297,0.129529,0.265927
-0.104289,0.130532,0.261927
-0.105280,0.129534,0.259927
-0.104272,0.130537,0.269928
-0.103264,0.131540,0.267928
-0.103255,0.131542,0.267928
-0.102247,0.129545,0.263929
-0.104239,0.131548,0.266929
-0.103230,0.130550,0.261929
-0.101222,0.130553,0.272929
-0.104214,0.130556,0.261930
-0.104205,0.129558,0.268930
-0.103197,0.132561,0.263930
-0.103189,0.132564,0.271930
-0.104180,0.132566,0.261931
-0.104172,0.130569,0.268931
-0.104164,0.132572,0.261931
-0.104155,0.130574,0.275932
-0.104147,0.130577,0.264932
-0.103139,0.131580,0.261932
-0.103130,0.132583,0.269932
-0.103122,0.132585,0.274933
-0.104114,0.132588,0.262933
-0.105105,0.132591,0.266933
-0.104097,0.131593,0.269933
-0.103089,0.132596,0.264934
-0.105080,0.130599,0.262934
-0.103072,0.132601,0.267934
-0.104063,0.132604,0.269935
-0.104055,0.131607,0.261935
-0.105047,0.132609,0.270935
-0.104038,0.135612,0.263935
-0.104030,0.132615,0.263936
-0.103022,0.133617,0.271936
-0.101013,0.132620,0.272936
-0.104005,0.134623,0.261937
-0.103997,0.132625,0.269937
-0.103988,0.135628,0.267937
-0.103980,0.131631,0.270937
-0.103972,0.131633,0.261938
-0.104963,0.131636,0.270938
-0.103955,0.131639,0.258938
-0.103947,0.132641,0.264938
-0.103938,0.133644,0.270939
-0.103930,0.131647,0.259939
-0.104922,0.131649,0.262939
-0.104913,0.130652,0.272940
-0.105905,0.131655,0.266940
-0.104897,0.132657,0.258940
-0.103888,0.130660,0.269940
-0.102880,0.133663,0.262941
-0.103871,0.130665,0.265941
-0.103863,0.132668,0.267941
-0.103855,0.132671,0.262941
-0.104846,0.130673,0.267942
-0.103838,0.131676,0.269942
-0.104830,0.131679,0.258942
-0.103821,0.132681,0.263943
-0.103813,0.131684,0.265943
-0.103805,0.130687,0.263943
-0.103796,0.130690,0.258943
-0.103788,0.131692,0.275944
-0.102780,0.130695,0.259944
-0.102771,0.130698,0.260944
-0.104763,0.128700,0.265944
-0.102755,0.128703,0.270945
-0.102746,0.128706,0.254945
-0.102738,0.130708,0.265945
-0.105730,0.129711,0.262946
-0.104721,0.129714,0.267946
-0.104713,0.129716,0.265946
-0.103705,0.129719,0.269946
-0.103696,0.130722,0.253947
-0.103688,0.129724,0.268947
-0.103680,0.130727,0.267947
-0.101671,0.130730,0.266947
-0.104663,0.130732,0.257948
-0.102654,0.129735,0.273948
-0.102646,0.131738,0.261948
-0.104638,0.127740,0.265949
-0.107629,0.128743,0.266949
-0.103621,0.129746,0.258949
-0.102613,0.128748,0.269949
-0.103604,0.130751,0.260950
-0.104596,0.129754,0.265950
-0.104588,0.129756,0.262950
-0.101579,0.130759,0.273951
-0.102571,0.128762,0.261951
-0.101563,0.131764,0.263951
-0.103554,0.132767,0.269951
-0.103546,0.131770,0.262952
-0.101538,0.131772,0.258952
-0.101529,0.131775,0.270952
-0.103521,0.131778,0.261952
-0.104513,0.128780,0.267953
-0.103504,0.129783,0.265953
-0.103496,0.130786,0.264953
-0.103488,0.131788,0.261954
-0.102479,0.131791,0.279954
-0.103471,0.131794,0.264954
-0.105463,0.132796,0.258954
-0.104454,0.131799,0.272955
-0.102446,0.133802,0.269955
-0.103437,0.131805,0.255955
-0.100429,0.130807,0.267955
-0.101421,0.130810,0.267956
-0.105412,0.130813,0.262956
-0.101404,0.129815,0.270956
-0.102396,0.132818,0.259957
-0.102387,0.130821,0.267957
-0.103379,0.130823,0.269957
-0.103371,0.133826,0.267957
-0.101362,0.130829,0.255958
-0.101354,0.131831,0.269958
-0.102346,0.130834,0.265958
-0.101337,0.129837,0.268958
-0.103329,0.131839,0.257959
-0.103321,0.130842,0.271959
-0.103312,0.128845,0.264959
-0.102304,0.128847,0.263960
-0.102296,0.132850,0.269960
-0.104287,0.128853,0.265960
-0.103279,0.131855,0.265960
-0.102271,0.128858,0.271961
-0.101262,0.131861,0.261961
-0.103254,0.129863,0.261961
-0.102245,0.131866,0.268962
-0.102237,0.127869,0.262962
-0.103229,0.127871,0.265962
-0.103220,0.129874,0.265962
-0.100212,0.129877,0.262963
-0.102204,0.130879,0.258963
-0.101195,0.130882,0.276963
-0.103187,0.131885,0.257963
-0.103179,0.130887,0.265964
-0.101170,0.132890,0.266964
-0.102162,0.131893,0.266964
-0.102154,0.132895,0.259965
-0.104145,0.132898,0.263965
-0.101137,0.132901,0.265965
-0.100129,0.130903,0.269965
-0.101120,0.130906,0.261966
-0.102112,0.130909,0.261966
-0.104104,0.132912,0.263966
-0.102095,0.132914,0.272966
-0.104087,0.131917,0.257967
-0.102079,0.131920,0.265967
-0.102070,0.131922,0.271967
-0.103062,0.130925,0.265968
-0.101054,0.130928,0.262968
-0.102045,0.129930,0.269968
-0.101037,0.129933,0.267968
-0.101028,0.126936,0.266969
-0.102020,0.130938,0.275969
-0.103012,0.130941,0.261969
-0.103003,0.128944,0.269969
-0.099995,0.130946,0.266970
-0.217987,0.310949,0.588970
-0.191978,0.299952,0.571970
-0.188970,0.294954,0.549971
-0.184962,0.293957,0.530971
-0.182953,0.287960,0.543971
-0.181945,0.287962,0.539971
-0.178937,0.287965,0.530972
-0.178928,0.287968,0.522972
-0.180920,0.287970,0.539972
-0.179912,0.283973,0.532972
-0.180903,0.284976,0.519973
-0.177895,0.283978,0.521973
-0.177887,0.284981,0.530973
-0.174878,0.284984,0.521974
-0.175870,0.282986,0.524974
-0.177862,0.281989,0.518974
-0.176853,0.283992,0.523974
-0.175845,0.282994,0.518975
-0.175837,0.281997,0.521975
-0.175828,0.284000,0.518975
-0.174820,0.281002,0.521976
-0.173811,0.282005,0.519976
-0.173803,0.282008,0.517976
-0.175795,0.282010,0.517976
-0.176786,0.281013,0.515977
-0.174778,0.282016,0.518977
-0.174770,0.280018,0.506977
-0.174761,0.279021,0.519977
-0.173753,0.278024,0.513978
-0.174745,0.279027,0.516978
-0.173736,0.279029,0.512978
-0.172728,0.279032,0.517979
-0.172720,0.279035,0.505979
-0.173711,0.280037,0.519979
-0.173703,0.277040,0.515979
-0.169695,0.282043,0.503980
-0.170686,0.276045,0.509980
-0.169678,0.279048,0.521980
-0.172670,0.278051,0.502980
-0.173661,0.276053,0.504981
-0.171653,0.277056,0.517981
-0.171645,0.275059,0.507981
-0.169636,0.274061,0.503982
-0.170628,0.276064,0.514982
-0.171619,0.274067,0.501982
-0.172611,0.277069,0.498982
-0.172603,0.274072,0.515983
-0.169594,0.273075,0.504983
-0.171586,0.275077,0.503983
-0.171578,0.273080,0.510983
-0.171569,0.274083,0.507984
-0.170561,0.274085,0.497984
-0.171553,0.274088,0.509984
-0.165544,0.276091,0.508985
-0.167536,0.274093,0.498985
-0.170528,0.273096,0.503985
-0.170519,0.275099,0.511985
-0.168511,0.275101,0.495986
-0.170503,0.275104,0.502986
-0.167494,0.276107,0.509986
-0.168486,0.272109,0.495986
-0.171478,0.272112,0.496987
-0.168469,0.272115,0.516987
-0.167461,0.273117,0.492987
-0.170453,0.273120,0.500988
-0.168444,0.274123,0.504988
-0.168436,0.272125,0.495988
-0.168428,0.272128,0.503988
-0.168419,0.272131,0.502989
-0.165411,0.270134,0.498989
-0.168402,0.272136,0.495989
-0.166394,0.272139,0.503990
-0.167386,0.270142,0.497990
-0.169377,0.272144,0.503990
-0.167369,0.269147,0.502990
-0.167361,0.271150,0.497991
-0.168352,0.274152,0.487991
-0.167344,0.271155,0.509991
-0.165336,0.271158,0.495991
-0.167327,0.271160,0.495992
-0.167319,0.270163,0.496992
-0.168311,0.270166,0.495992
-0.168302,0.272168,0.493993
-0.168294,0.272171,0.503993
-0.167286,0.271174,0.493993
-0.169277,0.272176,0.495993
-0.166269,0.271179,0.501994
-0.168261,0.271182,0.500994
-0.169252,0.270184,0.491994
-0.166244,0.269187,0.497994
-0.166236,0.271190,0.502995
-0.168227,0.268192,0.501995
-0.168219,0.268195,0.493995
-0.169211,0.272198,0.486996
-0.167202,0.271200,0.500996
-0.167194,0.270203,0.501996
-0.167185,0.271206,0.496996
-0.168177,0.270208,0.482997
-0.169169,0.270211,0.509997
-0.164160,0.270214,0.501997
-0.166152,0.271216,0.485997
-0.169144,0.268219,0.487998
-0.167135,0.268222,0.511998
-0.166127,0.268224,0.491998
-0.168119,0.268227,0.490999
-0.167110,0.266230,0.499999
-0.165102,0.268232,0.501999
-0.165094,0.266235,0.492999
-0.166085,0.268238,0.507000
-0.166077,0.272240,0.483000
-0.169069,0.266243,0.494000
-0.167060,0.264246,0.490001
-0.166052,0.268249,0.506001
-0.168044,0.266251,0.476001
-0.167035,0.264254,0.500001
-0.163027,0.269257,0.498002
-0.168019,0.265259,0.488002
-0.167010,0.265262,0.504002
-0.164002,0.270265,0.496002
-0.165993,0.266267,0.491003
-0.165985,0.265270,0.490003
-0.164977,0.266273,0.492003
-0.163968,0.264275,0.488004
-0.164960,0.265278,0.498004
-0.164952,0.266281,0.495004
-0.163943,0.265283,0.483004
-0.165935,0.264286,0.491005
-0.162927,0.264289,0.508005
-0.164918,0.267291,0.476005
-0.164910,0.265294,0.484005
-0.163902,0.265297,0.504006
-0.161893,0.266299,0.491006
-0.163885,0.262302,0.473006
-0.164877,0.263305,0.498007
-0.162868,0.265307,0.495007
-0.164860,0.263310,0.486007
-0.163852,0.262313,0.488007
-0.166843,0.264315,0.486008
-0.166835,0.263318,0.490008
-0.162827,0.262321,0.491008
-0.163818,0.260323,0.480008
-0.164810,0.263326,0.483009
-0.162802,0.263329,0.498009
-0.163793,0.260331,0.478009
-0.164785,0.260334,0.484010
-0.163776,0.261337,0.496010
-0.164768,0.263339,0.488010
-0.162760,0.260342,0.483010
-0.162751,0.259345,0.493011
-0.163743,0.262347,0.482011
-0.163735,0.261350,0.480011
-0.163726,0.258353,0.492011
-0.162718,0.261356,0.488012
-0.161710,0.262358,0.476012
-0.161701,0.260361,0.494012
-0.162693,0.258364,0.487013
-0.163685,0.259366,0.475013
-0.161676,0.258369,0.491013
-0.161668,0.260372,0.496013
-0.161660,0.259374,0.476014
-0.163651,0.261377,0.488014
-0.162643,0.260380,0.490014
-0.160635,0.260382,0.482015
-0.161626,0.257385,0.486015
-0.161618,0.260388,0.484015
-0.160610,0.263390,0.486015
-0.160601,0.259393,0.480016
-0.160593,0.260396,0.488016
-0.160585,0.260398,0.483016
-0.163576,0.259401,0.485016
-0.163568,0.260404,0.480017
-0.161559,0.259406,0.484017
-0.162551,0.260409,0.480017
-0.161543,0.260412,0.483018
-0.160534,0.258414,0.485018
-0.161526,0.259417,0.482018
-0.160518,0.259420,0.480018
-0.161509,0.261422,0.489019
-0.161501,0.258425,0.484019
-0.159493,0.258428,0.481019
-0.161484,0.260430,0.484019
-0.161476,0.259433,0.480020
-0.161468,0.260436,0.485020
-0.160459,0.258438,0.482020
-0.161451,0.258441,0.481021
-0.159443,0.260444,0.474021
-0.160434,0.258446,0.487021
-0.161426,0.258449,0.475021
-0.160418,0.259452,0.480022
-0.162409,0.260454,0.478022
-0.159401,0.259457,0.486022
-0.162393,0.258460,0.468022
-0.163384,0.257462,0.488023
-0.160376,0.260465,0.477023
-0.161367,0.262468,0.480023
-0.161359,0.259471,0.482024
-0.159351,0.261473,0.481024
-0.161342,0.260476,0.474024
-0.161334,0.262479,0.490024
-0.160326,0.260481,0.478025
-0.161317,0.260484,0.473025
-0.161309,0.257487,0.484025
-0.158301,0.260489,0.482026
-0.160292,0.260492,0.470026
-0.160284,0.260495,0.488026
-0.159276,0.260497,0.482026
-0.159267,0.259500,0.473027
-0.158259,0.262503,0.480027
-0.160251,0.260505,0.474027
-0.160242,0.257508,0.475027
-0.160234,0.258511,0.482028
-0.160226,0.258513,0.482028
-0.159217,0.257516,0.470028
-0.159209,0.258519,0.492029
-0.159201,0.258521,0.479029
-0.160192,0.257524,0.483029
-0.158184,0.259527,0.483029
-0.159176,0.258529,0.489030
-0.160167,0.257532,0.473030
-0.160159,0.259535,0.489030
-0.159150,0.255537,0.487030
-0.159142,0.258540,0.476031
-0.159134,0.257543,0.480031
-0.158125,0.259545,0.491031
-0.156117,0.258548,0.474032
-0.157109,0.258551,0.478032
-0.159100,0.257553,0.486032
-0.159092,0.258556,0.471032
-0.159084,0.256559,0.478033
-0.159075,0.256561,0.473033
-0.160067,0.260564,0.477033
-0.160059,0.257567,0.477033
-0.159050,0.257569,0.482034
-0.159042,0.258572,0.472034
-0.157034,0.257575,0.483034
-0.159025,0.260577,0.476035
-0.159017,0.258580,0.480035
-0.159009,0.259583,0.475035
-0.159000,0.257586,0.482035
-0.158992,0.259588,0.476036
-0.158984,0.258591,0.482036
-0.158975,0.258594,0.480036
-0.160967,0.261596,0.476036
-0.156959,0.258599,0.479037
-0.158950,0.258602,0.481037
-0.156942,0.257604,0.478037
-0.159933,0.260607,0.479038
-0.158925,0.257610,0.483038
-0.159917,0.257612,0.477038
-0.156908,0.259615,0.477038
-0.157900,0.255618,0.481039
-0.158892,0.260620,0.483039
-0.158883,0.260623,0.476039
-0.158875,0.257626,0.488040
-0.156867,0.259628,0.475040
-0.157858,0.259631,0.476040
-0.158850,0.260634,0.483040
-0.159842,0.260636,0.481041
-0.158833,0.255639,0.476041
-0.157825,0.258642,0.488041
-0.158817,0.260644,0.479041
-0.158808,0.259647,0.482042
-0.158800,0.261650,0.480042
-0.158792,0.259652,0.483042
-0.155783,0.257655,0.475043
-0.160775,0.258658,0.482043
-0.157767,0.261660,0.482043
-0.158758,0.260663,0.479043
-0.158750,0.260666,0.484044
-0.158741,0.261668,0.481044
-0.158733,0.261671,0.485044
-0.157725,0.260674,0.476044
-0.157716,0.260676,0.484045
-0.159708,0.260679,0.477045
-0.157700,0.258682,0.484045
-0.159691,0.259684,0.474046
-0.156683,0.258687,0.482046
-0.158675,0.257690,0.478046
-0.157666,0.259693,0.488046
-0.157658,0.259695,0.466047
-0.158650,0.257698,0.484047
-0.156641,0.259701,0.483047
-0.156633,0.259703,0.479047
-0.157625,0.262706,0.474048
-0.158616,0.257709,0.479048
-0.156608,0.260711,0.479048
-0.157600,0.258714,0.477049
-0.156591,0.254717,0.482049
-0.156583,0.257719,0.475049
-0.158575,0.257722,0.482049
-0.156566,0.257725,0.479050
-0.156558,0.257727,0.479050
-0.156550,0.258730,0.473050
-0.158541,0.257733,0.487050
-0.157533,0.259735,0.472051
-0.157524,0.257738,0.474051
-0.157516,0.255741,0.479051
-0.156508,0.257743,0.482052
-0.156499,0.258746,0.473052
-0.156491,0.256749,0.480052
-0.157483,0.257751,0.474052
-0.156474,0.255754,0.481053
-0.156466,0.256757,0.473053
-0.156458,0.255759,0.476053
-0.158449,0.257762,0.472054
-0.156441,0.255765,0.481054
-0.156433,0.256767,0.479054
-0.158424,0.252770,0.470054
-0.157416,0.254773,0.479055
-0.156408,0.256775,0.483055
-0.156399,0.257778,0.474055
-0.156391,0.257781,0.468055
-0.158383,0.254783,0.480056
-0.153374,0.255786,0.476056
-0.155366,0.254789,0.481056
-0.157358,0.254791,0.474057
-0.158349,0.254794,0.477057
-0.155341,0.256797,0.478057
-0.156333,0.257799,0.486057
-0.156324,0.255802,0.466058
-0.157316,0.257805,0.477058
-0.156307,0.256808,0.481058
-0.156299,0.254810,0.476058
-0.156291,0.256813,0.472059
-0.156282,0.254816,0.485059
-0.156274,0.256818,0.478059
-0.157266,0.257821,0.470060
-0.156257,0.258824,0.484060
-0.155249,0.256826,0.471060
-0.157241,0.256829,0.475060
-0.157232,0.256832,0.478061
-0.154224,0.258834,0.478061
-0.157216,0.256837,0.468061
-0.157207,0.254840,0.479061
-0.156199,0.255842,0.475062
-0.156191,0.256845,0.476062
-0.155182,0.256848,0.477062
-0.156174,0.256850,0.479063
-0.157166,0.254853,0.468063
-0.157157,0.257856,0.479063
-0.156149,0.255858,0.479063
-0.156141,0.254861,0.471064
-0.158132,0.254864,0.476064
-0.156124,0.256866,0.478064
-0.155115,0.255869,0.470065
-0.156107,0.253872,0.481065
-0.154099,0.254874,0.478065
-0.154090,0.256877,0.468065
-0.158082,0.255880,0.482066
-0.156074,0.254882,0.479066
-0.158065,0.254885,0.474066
-0.159057,0.257888,0.471066
-0.156049,0.255890,0.478067
-0.157040,0.253893,0.470067
-0.157032,0.257896,0.478067
-0.157024,0.253898,0.473068
-0.156015,0.254901,0.478068
-0.155007,0.252904,0.471068
-0.155999,0.255906,0.482068
-0.155990,0.255909,0.473069
-0.155982,0.253912,0.472069
-0.155974,0.253915,0.474069
-0.153965,0.254917,0.474069
-0.155957,0.255920,0.470070
-0.154949,0.255923,0.479070
-0.155940,0.253925,0.478070
-0.153932,0.254928,0.466071
-0.155924,0.254931,0.475071
-0.153915,0.255933,0.481071
-0.156907,0.254936,0.478071
-0.156898,0.253939,0.468072
-0.155890,0.254941,0.476072
-0.155882,0.253944,0.474072
-0.153873,0.254947,0.478072
-0.156865,0.254949,0.470073
-0.155857,0.257952,0.470073
-0.154848,0.252955,0.474073
-0.155840,0.252957,0.486074
-0.153832,0.252960,0.469074
-0.154823,0.253963,0.472074
-0.154815,0.252965,0.478074
-0.155807,0.253968,0.474075
-0.155798,0.252971,0.468075
-0.155790,0.253973,0.474075
-0.156782,0.252976,0.476075
-0.155773,0.252979,0.470076
-0.154765,0.253981,0.478076
-0.151757,0.252984,0.468076
-0.155748,0.254987,0.472077
-0.155740,0.252989,0.473077
-0.155732,0.252992,0.471077
-0.156723,0.251995,0.460077
-0.153715,0.253997,0.478078
-0.155707,0.253000,0.474078
-0.155698,0.252003,0.471078
-0.154690,0.254005,0.468079
-0.153681,0.254008,0.481079
-0.155673,0.252011,0.465079
-0.156665,0.251013,0.471079
-0.155656,0.255016,0.475080
-0.155648,0.253019,0.470080
-0.152640,0.253021,0.475080
-0.154631,0.253024,0.467080
-0.155623,0.253027,0.470081
-0.153615,0.253030,0.472081
-0.154606,0.255032,0.476081
-0.155598,0.255035,0.461082
-0.155590,0.252038,0.478082
-0.154581,0.252040,0.469082
-0.152573,0.253043,0.473082
-0.155565,0.252046,0.470083
-0.154556,0.254048,0.471083
-0.156548,0.252051,0.462083
-0.156540,0.253054,0.476083
-0.156531,0.253056,0.471084
-0.154523,0.253059,0.469084
-0.156515,0.253062,0.473084
-0.155506,0.253064,0.479085
-0.154498,0.250067,0.464085
-0.157489,0.252070,0.467085
-0.155481,0.252072,0.473085
-0.154473,0.252075,0.468086
-0.155464,0.251078,0.470086
-0.154456,0.251080,0.473086
-0.153448,0.250083,0.473086
-0.153439,0.252086,0.464087
-0.154431,0.253088,0.476087
-0.154423,0.254091,0.469087
-0.156414,0.252094,0.468088
-0.155406,0.253096,0.472088
-0.153398,0.252099,0.478088
-0.154389,0.252102,0.466088
-0.155381,0.253104,0.476089
-0.155373,0.253107,0.468089
-0.154364,0.252110,0.462089
-0.153356,0.250112,0.472089
-0.154348,0.252115,0.475090
-0.153339,0.253118,0.464090
-0.157331,0.252120,0.468090
-0.153323,0.252123,0.478091
-0.153314,0.252126,0.464091
-0.153306,0.254128,0.469091
-0.154298,0.252131,0.470091
-0.153289,0.253134,0.475092
-0.153281,0.253137,0.464092
-0.154272,0.252139,0.470092
-0.154264,0.252142,0.467093
-0.151256,0.252145,0.471093
-0.153247,0.253147,0.468093
-0.152239,0.252150,0.470093
-0.153231,0.249153,0.466094
-0.153222,0.251155,0.469094
-0.152214,0.252158,0.470094
-0.153206,0.252161,0.462094
-0.153197,0.251163,0.465095
-0.153189,0.253166,0.472095
-0.150181,0.252169,0.467095
-0.153172,0.249171,0.464096
-0.152164,0.251174,0.471096
-0.153156,0.250177,0.460096
-0.152147,0.253179,0.469096
-0.151139,0.253182,0.466097
-0.153131,0.250185,0.467097
-0.154122,0.250187,0.461097
-0.153114,0.250190,0.467097
-0.154106,0.253193,0.464098
-0.152097,0.252195,0.470098
-0.154089,0.251198,0.466098
-0.153081,0.250201,0.465099
-0.154072,0.251203,0.466099
-0.153064,0.252206,0.474099
-0.153055,0.252209,0.464099
-0.154047,0.251211,0.462100
-0.153039,0.250214,0.470100
-0.154030,0.251217,0.461100
-0.153022,0.251219,0.466100
-0.155014,0.253222,0.464101
-0.155005,0.250225,0.465101
-0.154997,0.250227,0.462101
-0.152989,0.250230,0.470102
-0.152980,0.251233,0.464102
-0.154972,0.252235,0.467102
-0.152964,0.251238,0.464102
-0.151955,0.250241,0.470103
-0.152947,0.249243,0.462103
-0.153939,0.250246,0.468103
-0.156930,0.250249,0.466104
-0.152922,0.250252,0.464104
-0.152914,0.250254,0.471104
-0.154905,0.250257,0.462104
-0.155897,0.252260,0.462105
-0.151889,0.251262,0.465105
-0.153880,0.251265,0.470105
-0.155872,0.248268,0.458105
-0.154863,0.249270,0.470106
-0.152855,0.250273,0.463106
-0.153847,0.250276,0.463106
-0.154838,0.250278,0.458107
-0.152830,0.251281,0.471107
-0.151822,0.250284,0.463107
-0.157813,0.255286,0.601107
-0.296805,0.443289,0.827108
-0.294797,0.444292,0.835108
-0.291788,0.439294,0.825108
-0.288780,0.436297,0.829108
-0.285772,0.432300,0.809109
-0.285763,0.433302,0.803109
-0.281755,0.430305,0.818109
-0.281747,0.428308,0.813110
-0.280738,0.427310,0.799110
-0.279730,0.427313,0.800110
-0.277722,0.426316,0.810110
-0.279713,0.424318,0.796111
-0.281705,0.423321,0.792111
-0.281697,0.422324,0.790111
-0.277688,0.419326,0.799111
-0.279680,0.419329,0.791112
-0.278672,0.417332,0.787112
-0.278663,0.416334,0.786112
-0.277655,0.417337,0.798113
-0.277646,0.415340,0.785113
-0.275638,0.417342,0.781113
-0.275630,0.415345,0.789113
-0.274621,0.417348,0.792114
-0.277613,0.416350,0.783114
-0.273605,0.412353,0.780114
-0.271596,0.417356,0.785114
-0.269588,0.418359,0.775115
-0.271580,0.414361,0.787115
-0.271571,0.415364,0.772115
-0.271563,0.413367,0.781116
-0.269555,0.414369,0.778116
-0.268546,0.414372,0.787116
-0.270538,0.412375,0.770116
-0.269530,0.414377,0.778117
-0.269521,0.414380,0.782117
-0.267513,0.412383,0.776117
-0.268505,0.414385,0.772118
-0.269496,0.412388,0.780118
-0.266488,0.414391,0.768118
-0.268480,0.412393,0.773118
-0.269471,0.411396,0.781119
-0.267463,0.412399,0.768119
-0.268455,0.412401,0.771119
-0.268446,0.413404,0.779119
-0.266438,0.414407,0.777120
-0.267429,0.411409,0.762120
-0.266421,0.413412,0.778120
-0.265413,0.413415,0.765121
-0.266404,0.412417,0.768121
-0.266396,0.414420,0.769121
-0.265388,0.411423,0.772121
-0.265379,0.413425,0.768122
-0.265371,0.412428,0.774122
-0.263363,0.410431,0.763122
-0.266354,0.413433,0.766122
-0.265346,0.411436,0.772123
-0.263338,0.413439,0.769123
-0.263329,0.410441,0.764123
-0.264321,0.411444,0.766124
-0.262313,0.414447,0.774124
-0.264304,0.412449,0.761124
-0.263296,0.413452,0.763124
-0.263288,0.410455,0.765125
-0.264279,0.410457,0.765125
-0.263271,0.411460,0.762125
-0.264263,0.411463,0.766125
-0.264254,0.409465,0.764126
-0.262246,0.409468,0.764126
-0.262237,0.411471,0.767126
-0.262229,0.409474,0.760127
-0.262221,0.412476,0.763127
-0.261212,0.409479,0.768127
-0.261204,0.411482,0.761127
-0.262196,0.409484,0.760128
-0.263187,0.408487,0.766128
-0.262179,0.412490,0.758128
-0.262171,0.408492,0.761129
-0.261162,0.408495,0.761129
-0.261154,0.409498,0.761129
-0.258146,0.407500,0.752129
-0.261137,0.409503,0.764130
-0.262129,0.408506,0.757130
-0.260121,0.409508,0.760130
-0.260112,0.407511,0.759130
-0.261104,0.410514,0.758131
-0.262096,0.406516,0.762131
-0.260087,0.409519,0.760131
-0.259079,0.406522,0.758132
-0.259071,0.409524,0.759132
-0.260062,0.407527,0.766132
-0.260054,0.410530,0.750132
-0.261046,0.408532,0.764133
-0.259037,0.408535,0.758133
-0.260029,0.406538,0.758133
-0.258020,0.406540,0.754133
-0.258012,0.407543,0.765134
-0.258004,0.407546,0.750134
-0.259995,0.403548,0.757134
-0.256987,0.405551,0.756135
-0.258979,0.405554,0.757135
-0.258970,0.406556,0.755135
-0.259962,0.406559,0.757135
-0.259954,0.402562,0.756136
-0.257945,0.406564,0.760136
-0.257937,0.403567,0.759136
-0.258929,0.406570,0.749136
-0.257920,0.404572,0.763137
-0.258912,0.404575,0.757137
-0.257904,0.406578,0.754137
-0.258895,0.402580,0.749138
-0.256887,0.406583,0.762138
-0.256879,0.404586,0.755138
-0.256870,0.406589,0.754138
-0.257862,0.402591,0.755139
-0.258854,0.402594,0.757139
-0.256845,0.405597,0.754139
-0.257837,0.404599,0.756139
-0.258829,0.406602,0.758140
-0.254820,0.402605,0.752140
-0.255812,0.405607,0.761140
-0.256803,0.403610,0.749141
-0.256795,0.402613,0.751141
-0.255787,0.403615,0.756141
-0.254778,0.404618,0.755141
-0.256770,0.405621,0.746142
-0.256762,0.401623,0.757142
-0.255753,0.403626,0.750142
-0.258745,0.403629,0.747143
-0.255737,0.403631,0.752143
-0.256728,0.403634,0.752143
-0.252720,0.400637,0.746143
-0.255712,0.401639,0.757144
-0.254703,0.403642,0.752144
-0.255695,0.403645,0.742144
-0.253687,0.403647,0.753144
-0.253678,0.400650,0.750145
-0.254670,0.402653,0.743145
-0.254662,0.401655,0.744145
-0.251653,0.404658,0.754146
-0.254645,0.400661,0.744146
-0.252637,0.402663,0.752146
-0.253628,0.400666,0.749146
-0.251620,0.402669,0.746147
-0.251611,0.401671,0.746147
-0.253603,0.403674,0.754147
-0.254595,0.403677,0.747147
-0.253586,0.400679,0.752148
-0.252578,0.404682,0.754148
-0.252570,0.402685,0.742148
-0.252561,0.400687,0.746149
-0.254553,0.401690,0.748149
-0.253545,0.400693,0.754149
-0.253536,0.403696,0.746149
-0.253528,0.401698,0.753150
-0.252520,0.402701,0.744150
-0.252511,0.401704,0.752150
-0.252503,0.401706,0.747150
-0.252495,0.397709,0.742151
-0.255486,0.399712,0.742151
-0.252478,0.400714,0.749151
-0.251470,0.401717,0.745152
-0.252461,0.403720,0.742152
-0.251453,0.398722,0.748152
-0.250445,0.400725,0.739152
-0.252436,0.400728,0.745153
-0.251428,0.399730,0.746153
-0.252420,0.398733,0.749153
-0.250411,0.398736,0.734153
-0.251403,0.399738,0.745154
-0.252394,0.397741,0.740154
-0.253386,0.400744,0.744154
-0.250378,0.401746,0.742155
-0.251369,0.400749,0.747155
-0.250361,0.400752,0.736155
-0.250353,0.398754,0.750155
-0.252344,0.399757,0.743156
-0.252336,0.399760,0.738156
-0.250328,0.397762,0.746156
-0.250319,0.400765,0.742157
-0.249311,0.399768,0.740157
-0.250303,0.400770,0.744157
-0.250294,0.397773,0.746157
-0.250286,0.400776,0.733158
-0.249278,0.398778,0.743158
-0.250269,0.397781,0.739158
-0.248261,0.400784,0.743158
-0.251253,0.396786,0.738159
-0.251244,0.398789,0.746159
-0.250236,0.396792,0.733159
-0.247228,0.396794,0.743160
-0.250219,0.396797,0.745160
-0.250211,0.398800,0.738160
-0.252203,0.399802,0.732160
-0.250194,0.395805,0.743161
-0.248186,0.398808,0.744161
-0.251177,0.395811,0.734161
-0.251169,0.398813,0.747161
-0.249161,0.397816,0.738162
-0.249152,0.397819,0.745162
-0.247144,0.396821,0.736162
-0.248136,0.398824,0.739163
-0.249127,0.397827,0.736163
-0.249119,0.396829,0.745163
-0.250111,0.396832,0.737163
-0.251102,0.397835,0.736164
-0.248094,0.399837,0.744164
-0.249086,0.396840,0.738164
-0.248077,0.398843,0.736164
-0.249069,0.395845,0.742165
-0.246061,0.397848,0.740165
-0.249052,0.395851,0.732165
-0.247044,0.396853,0.742166
-0.247036,0.398856,0.740166
-0.248027,0.397859,0.739166
-0.247019,0.398861,0.736166
-0.247011,0.396864,0.744167
-0.247002,0.397867,0.736167
-0.247994,0.395869,0.739167
-0.248985,0.397872,0.739168
-0.246977,0.395875,0.736168
-0.245969,0.394877,0.736168
-0.244960,0.396880,0.743168
-0.244952,0.396883,0.738169
-0.246944,0.397885,0.736169
-0.247935,0.395888,0.745169
-0.245927,0.396891,0.730169
-0.247919,0.396893,0.736170
-0.247910,0.396896,0.736170
-0.247902,0.397899,0.736170
-0.249894,0.393901,0.728171
-0.247885,0.395904,0.739171
-0.247877,0.393907,0.738171
-0.248869,0.397909,0.734171
-0.245860,0.396912,0.736172
-0.246852,0.396915,0.735172
-0.246844,0.398918,0.731172
-0.247835,0.394920,0.732172
-0.247827,0.397923,0.741173
-0.246819,0.396926,0.730173
-0.246810,0.394928,0.739173
-0.247802,0.396931,0.733174
-0.246794,0.394934,0.737174
-0.246785,0.396936,0.736174
-0.246777,0.394939,0.742174
-0.248768,0.393942,0.728175
-0.248760,0.394944,0.738175
-0.247752,0.394947,0.742175
-0.245743,0.396950,0.729175
-0.245735,0.395952,0.734176
-0.247727,0.395955,0.735176
-0.246718,0.396958,0.736176
-0.245710,0.393960,0.730177
-0.245702,0.394963,0.745177
-0.246693,0.392966,0.732177
-0.245685,0.394968,0.730177
-0.247677,0.394971,0.732178
-0.245668,0.395974,0.737178
-0.246660,0.391976,0.723178
-0.246652,0.394979,0.737178
-0.244643,0.391982,0.736179
-0.244635,0.395984,0.728179
-0.246627,0.394987,0.729179
-0.246618,0.392990,0.734180
-0.246610,0.394992,0.736180
-0.246602,0.392995,0.730180
-0.247593,0.393998,0.732180
-0.246585,0.393000,0.727181
-0.244577,0.392003,0.740181
-0.245568,0.396006,0.729181
-0.247560,0.394008,0.735182
-0.246551,0.395011,0.730182
-0.245543,0.393014,0.736182
-0.245535,0.394016,0.723182
-0.245526,0.394019,0.732183
-0.243518,0.394022,0.736183
-0.245510,0.393024,0.729183
-0.245501,0.395027,0.724183
-0.244493,0.394030,0.732184
-0.246485,0.392033,0.732184
-0.244476,0.394035,0.721184
-0.245468,0.393038,0.734185
-0.246460,0.396041,0.733185
-0.245451,0.391043,0.736185
-0.245443,0.393046,0.730185
-0.245435,0.393049,0.730186
-0.246426,0.396051,0.727186
-0.244418,0.394054,0.733186
-0.245410,0.393057,0.724186
-0.244401,0.393059,0.726187
-0.245393,0.392062,0.740187
-0.244385,0.393065,0.731187
-0.245376,0.391067,0.728188
-0.245368,0.395070,0.729188
-0.245359,0.394073,0.732188
-0.245351,0.392075,0.724188
-0.246343,0.395078,0.735189
-0.244334,0.394081,0.726189
-0.244326,0.395083,0.730189
-0.245318,0.393086,0.729189
-0.243309,0.393089,0.726190
-0.244301,0.391091,0.726190
-0.243293,0.393094,0.734190
-0.245284,0.394097,0.723191
-0.245276,0.394099,0.728191
-0.244268,0.393102,0.736191
-0.245259,0.393105,0.724191
-0.245251,0.392107,0.728192
-0.245243,0.393110,0.728192
-0.244234,0.394113,0.728192
-0.246226,0.393115,0.724192
-0.241218,0.395118,0.738193
-0.242209,0.394121,0.726193
-0.243201,0.394123,0.727193
-0.246193,0.393126,0.732194
-0.244184,0.395129,0.730194
-0.242176,0.391131,0.723194
-0.242168,0.393134,0.734194
-0.243159,0.393137,0.729195
-0.244151,0.395140,0.724195
-0.243142,0.393142,0.732195
-0.244134,0.394145,0.730196
-0.242126,0.392148,0.725196
-0.244117,0.394150,0.730196
-0.241109,0.392153,0.735196
-0.244101,0.395156,0.719197
-0.246092,0.393158,0.734197
-0.242084,0.393161,0.727197
-0.244076,0.394164,0.723197
-0.244067,0.395166,0.728198
-0.243059,0.392169,0.731198
-0.244051,0.392172,0.728198
-0.245042,0.393174,0.727199
-0.243034,0.396177,0.730199
-0.244026,0.393180,0.719199
-0.244017,0.392182,0.735199
-0.244009,0.393185,0.727200
-0.245001,0.392188,0.725200
-0.243992,0.393190,0.726200
-0.243984,0.390193,0.732200
-0.244976,0.394196,0.724201
-0.243967,0.393198,0.734201
-0.241959,0.394201,0.734201
-0.243951,0.393204,0.724202
-0.243942,0.392206,0.734202
-0.241934,0.394209,0.726202
-0.244925,0.391212,0.726202
-0.243917,0.394214,0.730203
-0.244909,0.393217,0.734203
-0.244900,0.391220,0.719203
-0.244892,0.393222,0.736203
-0.243884,0.394225,0.726204
-0.244875,0.395228,0.726204
-0.243867,0.392230,0.730204
-0.243859,0.395233,0.731205
-0.243850,0.393236,0.726205
-0.243842,0.395238,0.736205
-0.245834,0.393241,0.732205
-0.244825,0.395244,0.720206
-0.240817,0.393246,0.734206
-0.242809,0.394249,0.732206
-0.242800,0.394252,0.726207
-0.243792,0.394255,0.726207
-0.240784,0.393257,0.740207
-0.243775,0.392260,0.723207
-0.246767,0.393263,0.726208
-0.241759,0.397265,0.730208
-0.244750,0.392268,0.728208
-0.243742,0.396271,0.732208
-0.244733,0.394273,0.722209
-0.242725,0.396276,0.730209
-0.243717,0.393279,0.730209
-0.242708,0.395281,0.728210
-0.243700,0.393284,0.724210
-0.242692,0.394287,0.738210
-0.241683,0.394289,0.726210
-0.243675,0.392292,0.728211
-0.242667,0.393295,0.739211
-0.243658,0.391297,0.724211
-0.243650,0.393300,0.714211
-0.243642,0.392303,0.743212
-0.241633,0.393305,0.738212
-0.244625,0.396308,0.712212
-0.244617,0.394311,0.734213
-0.241608,0.395313,0.748213
-0.242600,0.394316,0.717213
-0.244592,0.392319,0.716213
-0.243583,0.394321,0.744214
-0.241575,0.393324,0.724214
-0.242567,0.395327,0.726214
-0.241558,0.393329,0.738214
-0.242550,0.396332,0.729215
-0.241542,0.392335,0.728215
-0.240533,0.394337,0.736215
-0.243525,0.394340,0.724216
-0.244516,0.395343,0.724216
-0.240508,0.393345,0.738216
-0.238500,0.391348,0.730216
-0.242491,0.394351,0.726217
-0.241483,0.392353,0.725217
-0.242475,0.394356,0.735217
-0.241466,0.391359,0.728217
-0.242458,0.396362,0.726218
-0.244450,0.393364,0.721218
-0.243441,0.395367,0.735218
-0.241433,0.392370,0.724219
-0.243425,0.395372,0.720219
-0.241416,0.395375,0.731219
-0.241408,0.393378,0.726219
-0.242400,0.395380,0.719220
-0.243391,0.393383,0.727220
-0.240383,0.394386,0.739220
-0.239375,0.394388,0.713221
-0.242366,0.394391,0.729221
-0.242358,0.395394,0.732221
-0.243350,0.396396,0.724221
-0.245341,0.392399,0.717222
-0.246333,0.394402,0.741222
-0.240325,0.394404,0.721222
-0.243316,0.394407,0.723222
-0.243308,0.394410,0.734223
-0.243299,0.393412,0.724223
-0.244291,0.395415,0.726223
-0.244283,0.392418,0.727224
-0.243274,0.395420,0.733224
-0.241266,0.393423,0.722224
-0.245258,0.393426,0.729224
-0.242249,0.392428,0.727225
-0.243241,0.393431,0.727225
-0.244233,0.395434,0.721225
-0.243224,0.393436,0.724225
-0.243216,0.392439,0.734226
-0.241208,0.392442,0.727226
-0.242199,0.396444,0.726226
-0.244191,0.393447,0.722227
-0.243183,0.396450,0.731227
-0.242174,0.395452,0.722227
-0.243166,0.396455,0.727227
-0.242158,0.395458,0.724228
-0.243149,0.396460,0.732228
-0.242141,0.396463,0.724228
-0.243133,0.398466,0.729228
-0.244124,0.395468,0.727229
-0.241116,0.397471,0.723229
-0.244107,0.397474,0.730229
-0.245099,0.396477,0.722230
-0.242091,0.395479,0.726230
-0.242082,0.397482,0.724230
-0.244074,0.394485,0.731230
-0.243066,0.395487,0.722231
-0.242057,0.395490,0.725231
-0.243049,0.395493,0.724231
-0.244041,0.395495,0.727232
-0.242032,0.393498,0.724232
-0.242024,0.393501,0.727232
-0.242016,0.391503,0.727232
-0.242007,0.393506,0.727233
-0.241999,0.393509,0.724233
-0.243991,0.393511,0.715233
-0.243982,0.394514,0.734233
-0.241974,0.392517,0.726234
-0.241966,0.392519,0.725234
-0.245957,0.395522,0.721234
-0.242949,0.393525,0.732235
-0.240941,0.392527,0.721235
-0.241932,0.391530,0.727235
-0.241924,0.393533,0.722235
-0.240916,0.391535,0.723236
-0.241907,0.393538,0.729236
-0.241899,0.388541,0.730236
-0.240890,0.392543,0.722236
-0.240882,0.390546,0.720237
-0.239874,0.390549,0.734237
-0.240865,0.392551,0.716237
-0.242857,0.392554,0.723238
-0.240849,0.392557,0.724238
-0.240840,0.390559,0.728238
-0.242832,0.389562,0.720238
-0.241824,0.393565,0.728239
-0.242815,0.390567,0.722239
-0.241807,0.389570,0.717239
-0.240799,0.389573,0.730239
-0.239790,0.393575,0.718240
-0.239782,0.392578,0.730240
-0.240774,0.392581,0.726240
-0.242765,0.390583,0.723241
-0.241757,0.390586,0.714241
-0.239749,0.392589,0.731241
-0.243740,0.393592,0.721241
-0.241732,0.393594,0.722242
-0.242724,0.390597,0.728242
-0.242715,0.390600,0.718242
-0.241707,0.390602,0.722242
-0.241699,0.392605,0.727243
-0.244690,0.393608,0.724243
-0.242682,0.390610,0.717243
-0.242673,0.392613,0.730244
-0.237665,0.390616,0.722244
-0.239657,0.392618,0.724244
-0.240648,0.390621,0.720244
-0.241640,0.392624,0.720245
-0.304632,0.465626,1.008245
-0.406623,0.608629,1.174245
-0.398615,0.599632,1.122246
-0.396607,0.599634,1.115246
-0.395598,0.594637,1.119246
-0.390590,0.593640,1.111246
-0.389582,0.590642,1.103247
-0.389573,0.589645,1.103247
-0.387565,0.587648,1.102247
-0.387557,0.586650,1.091247
-0.386548,0.588653,1.103248
-0.386540,0.588656,1.091248
-0.384532,0.587658,1.088248
-0.383523,0.587661,1.100249
-0.382515,0.585664,1.088249
-0.383507,0.584666,1.088249
-0.380498,0.581669,1.089249
-0.381490,0.582672,1.092250
-0.379481,0.581674,1.080250
-0.380473,0.580677,1.089250
-0.379465,0.581680,1.083250
-0.380456,0.579682,1.082251
-0.379448,0.580685,1.083251
-0.377440,0.579688,1.084251
-0.377431,0.580690,1.077252
-0.377423,0.579693,1.081252
-0.376415,0.579696,1.083252
-0.379406,0.579699,1.072252
-0.377398,0.579701,1.077253
-0.375390,0.577704,1.081253
-0.375381,0.580707,1.073253
-0.375373,0.575709,1.069253
-0.375365,0.578712,1.081254
-0.372356,0.578715,1.076254
-0.372348,0.574717,1.073254
-0.373340,0.576720,1.078255
-0.372331,0.577723,1.069255
-0.374323,0.572725,1.073255
-0.373315,0.574728,1.071255
-0.370306,0.573731,1.072256
-0.373298,0.573733,1.069256
-0.372290,0.572736,1.075256
-0.372281,0.574739,1.064256
-0.372273,0.574741,1.066257
-0.369264,0.574744,1.074257
-0.369256,0.576747,1.072257
-0.371248,0.577749,1.064258
-0.370239,0.573752,1.065258
-0.369231,0.573755,1.075258
-0.370223,0.572757,1.060258
-0.369214,0.572760,1.069259
-0.369206,0.572763,1.069259
-0.369198,0.571765,1.063259
-0.373189,0.571768,1.064260
-0.367181,0.571771,1.071260
-0.369173,0.568773,1.058260
-0.368164,0.570776,1.062260
-0.370156,0.572779,1.064261
-0.367148,0.569781,1.058261
-0.367139,0.570784,1.067261
-0.368131,0.571787,1.063261
-0.367123,0.571789,1.062262
-0.369114,0.570792,1.054262
-0.367106,0.570795,1.065262
-0.367098,0.571797,1.061263
-0.366089,0.570800,1.057263
-0.365081,0.569803,1.064263
-0.366073,0.569805,1.065263
-0.365064,0.570808,1.063264
-0.366056,0.570811,1.056264
-0.365047,0.568814,1.054264
-0.366039,0.567816,1.054264
-0.366031,0.567819,1.066265
-0.365022,0.569822,1.054265
-0.367014,0.567824,1.060265
-0.364006,0.568827,1.056266
-0.362997,0.567830,1.061266
-0.363989,0.568832,1.054266
-0.362981,0.568835,1.052266
-0.361972,0.568838,1.055267
-0.362964,0.567840,1.058267
-0.361956,0.567843,1.061267
-0.362947,0.566846,1.052267
-0.363939,0.569848,1.064268
-0.362931,0.571851,1.054268
-0.362922,0.565854,1.057268
-0.361914,0.566856,1.057269
-0.360906,0.565859,1.054269
-0.363897,0.565862,1.052269
-0.362889,0.563864,1.053269
-0.361881,0.564867,1.057270
-0.362872,0.564870,1.051270
-0.362864,0.564872,1.056270
-0.361855,0.567875,1.057271
-0.360847,0.564878,1.057271
-0.361839,0.564880,1.055271
-0.359830,0.564883,1.057271
-0.358822,0.564886,1.050272
-0.359814,0.563888,1.056272
-0.357805,0.564891,1.059272
-0.358797,0.564894,1.047272
-0.361789,0.563896,1.055273
-0.357780,0.566899,1.054273
-0.357772,0.565902,1.055273
-0.360764,0.562904,1.047274
-0.360755,0.564907,1.058274
-0.359747,0.563910,1.051274
-0.359739,0.564912,1.048274
-0.356730,0.565915,1.053275
-0.356722,0.564918,1.049275
-0.359714,0.563921,1.051275
-0.354705,0.564923,1.052275
-0.356697,0.563926,1.051276
-0.356689,0.561929,1.042276
-0.357680,0.562931,1.060276
-0.358672,0.563934,1.049277
-0.359664,0.561937,1.047277
-0.358655,0.562939,1.053277
-0.358647,0.560942,1.057277
-0.359638,0.563945,1.047278
-0.360630,0.564947,1.051278
-0.358622,0.563950,1.057278
-0.359613,0.563953,1.043278
-0.357605,0.563955,1.051279
-0.357597,0.564958,1.043279
-0.357588,0.563961,1.043279
-0.359580,0.564963,1.049280
-0.357572,0.563966,1.055280
-0.357563,0.563969,1.033280
-0.357555,0.564971,1.044280
-0.358547,0.566974,1.049281
-0.358538,0.565977,1.039281
-0.359530,0.566979,1.055281
-0.356522,0.567982,1.046281
-0.357513,0.563985,1.043282
-0.358505,0.565987,1.044282
-0.356497,0.565990,1.051282
-0.357488,0.564993,1.043283
-0.357480,0.564995,1.044283
-0.358472,0.565998,1.046283
-0.356463,0.565001,1.043283
-0.358455,0.565003,1.046284
-0.357447,0.563006,1.044284
-0.357438,0.565009,1.048284
-0.359430,0.564011,1.038285
-0.358421,0.565014,1.043285
-0.358413,0.566017,1.037285
-0.360405,0.562019,1.041285
-0.356396,0.563022,1.042286
-0.356388,0.562025,1.039286
-0.356380,0.563027,1.041286
-0.356371,0.561030,1.041286
-0.356363,0.563033,1.047287
-0.355355,0.564036,1.032287
-0.355346,0.564038,1.049287
-0.356338,0.564041,1.040288
-0.355330,0.562044,1.038288
-0.355321,0.563046,1.038288
-0.355313,0.564049,1.049288
-0.356305,0.562052,1.038289
-0.357296,0.562054,1.034289
-0.356288,0.562057,1.041289
-0.356280,0.561060,1.035289
-0.356271,0.561062,1.049290
-0.359263,0.560065,1.037290
-0.357255,0.560068,1.028290
-0.356246,0.560070,1.031291
-0.356238,0.560073,1.047291
-0.357229,0.559076,1.030291
-0.357221,0.557078,1.033291
-0.356213,0.557081,1.043292
-0.354204,0.556084,1.039292
-0.357196,0.558086,1.037292
-0.355188,0.557089,1.033292
-0.356179,0.558092,1.034293
-0.354171,0.557094,1.034293
-0.356163,0.558097,1.046293
-0.355154,0.558100,1.034294
-0.357146,0.559102,1.034294
-0.355138,0.559105,1.041294
-0.355129,0.560108,1.042294
-0.356121,0.558110,1.030295
-0.355113,0.558113,1.033295
-0.352104,0.558116,1.042295
-0.353096,0.558118,1.030295
-0.355088,0.558121,1.043296
-0.355079,0.557124,1.032296
-0.352071,0.557126,1.031296
-0.355063,0.557129,1.033297
-0.355054,0.559132,1.040297
-0.353046,0.558134,1.024297
-0.355038,0.558137,1.031297
-0.355029,0.556140,1.039298
-0.355021,0.558143,1.029298
-0.354012,0.559145,1.040298
-0.356004,0.559148,1.032299
-0.355996,0.558151,1.032299
-0.356987,0.559153,1.029299
-0.354979,0.557156,1.044299
-0.353971,0.559159,1.022300
-0.354962,0.559161,1.034300
-0.352954,0.559164,1.046300
-0.353946,0.558167,1.026300
-0.353937,0.557169,1.032301
-0.354929,0.560172,1.034301
-0.353921,0.559175,1.030301
-0.352912,0.561177,1.030302
-0.353904,0.561180,1.040302
-0.353896,0.561183,1.023302
-0.353887,0.559185,1.024302
-0.354879,0.560188,1.036303
-0.354871,0.563191,1.026303
-0.354862,0.562193,1.028303
-0.353854,0.560196,1.029303
-0.354846,0.562199,1.029304
-0.353837,0.564201,1.024304
-0.356829,0.561204,1.031304
-0.355821,0.561207,1.023305
-0.355812,0.561209,1.025305
-0.357804,0.562212,1.033305
-0.353795,0.561215,1.018305
-0.354787,0.559217,1.022306
-0.355779,0.561220,1.026306
-0.355770,0.559223,1.033306
-0.354762,0.558225,1.023306
-0.355754,0.556228,1.037307
-0.354745,0.557231,1.029307
-0.356737,0.560233,1.021307
-0.355729,0.555236,1.029308
-0.354720,0.557239,1.030308
-0.353712,0.556241,1.024308
-0.355704,0.556244,1.027308
-0.352695,0.554247,1.033309
-0.352687,0.553249,1.020309
-0.354679,0.553252,1.024309
-0.352670,0.553255,1.030310
-0.351662,0.553258,1.031310
-0.352654,0.554260,1.023310
-0.352645,0.553263,1.030310
-0.352637,0.551266,1.025311
-0.350629,0.554268,1.025311
-0.352620,0.552271,1.032311
-0.352612,0.553274,1.018311
-0.352603,0.553276,1.034312
-0.350595,0.554279,1.025312
-0.349587,0.554282,1.023312
-0.350578,0.553284,1.022313
-0.350570,0.555287,1.033313
-0.350562,0.556290,1.027313
-0.349553,0.554292,1.024313
-0.348545,0.553295,1.035314
-0.349537,0.554298,1.020314
-0.350528,0.553300,1.028314
-0.351520,0.552303,1.027314
-0.350512,0.551306,1.028315
-0.350503,0.551308,1.023315
-0.351495,0.552311,1.024315
-0.349487,0.551314,1.022316
-0.350478,0.552316,1.024316
-0.349470,0.553319,1.035316
-0.350462,0.550322,1.022316
-0.350453,0.550324,1.030317
-0.349445,0.550327,1.025317
-0.349437,0.549330,1.026317
-0.351428,0.549332,1.022317
-0.347420,0.549335,1.026318
-0.349412,0.548338,1.028318
-0.348403,0.547340,1.027318
-0.349395,0.549343,1.029319
-0.346386,0.548346,1.018319
-0.350378,0.547348,1.028319
-0.348370,0.547351,1.021319
-0.348361,0.548354,1.026320
-0.351353,0.550356,1.022320
-0.349345,0.549359,1.027320
-0.346336,0.551362,1.020320
-0.347328,0.550365,1.016321
-0.347320,0.550367,1.028321
-0.347311,0.549370,1.020321
-0.347303,0.550373,1.032322
-0.349295,0.550375,1.023322
-0.346286,0.550378,1.024322
-0.346278,0.549381,1.022322
-0.346270,0.548383,1.026323
-0.349261,0.550386,1.018323
-0.349253,0.549389,1.021323
-0.348245,0.551391,1.025324
-0.346236,0.549394,1.014324
-0.345228,0.550397,1.022324
-0.347220,0.551399,1.022324
-0.344211,0.550402,1.022325
-0.345203,0.550405,1.018325
-0.343195,0.550407,1.023325
-0.344186,0.552410,1.024325
-0.348178,0.551413,1.019326
-0.347169,0.550415,1.028326
-0.346161,0.553418,1.023326
-0.346153,0.553421,1.014327
-0.346144,0.548423,1.022327
-0.345136,0.551426,1.030327
-0.344128,0.552429,1.014327
-0.348119,0.548431,1.021328
-0.345111,0.550434,1.020328
-0.344103,0.547437,1.010328
-0.346094,0.547439,1.020328
-0.345086,0.549442,1.024329
-0.345078,0.552445,1.019329
-0.344069,0.550447,1.017329
-0.345061,0.549450,1.026330
-0.344053,0.548453,1.017330
-0.345044,0.546455,1.018330
-0.346036,0.550458,1.016330
-0.343028,0.550461,1.019331
-0.346019,0.548463,1.023331
-0.344011,0.550466,1.017331
-0.343003,0.550469,1.015331
-0.343994,0.549471,1.020332
-0.343986,0.549474,1.030332
-0.342977,0.546477,1.014332
-0.342969,0.546480,1.012333
-0.344961,0.547482,1.019333
-0.343952,0.551485,1.020333
-0.342944,0.548488,1.014333
-0.343936,0.548490,1.016334
-0.341927,0.546493,1.020334
-0.341919,0.550496,1.013334
-0.342911,0.546498,1.024335
-0.342902,0.548501,1.012335
-0.341894,0.546504,1.020335
-0.342886,0.547506,1.015335
-0.341877,0.546509,1.019336
-0.343869,0.547512,1.023336
-0.342861,0.546514,1.018336
-0.343852,0.544517,1.016336
-0.341844,0.542520,1.013337
-0.342836,0.545522,1.027337
-0.343827,0.545525,1.007337
-0.343819,0.545528,1.012338
-0.341811,0.544530,1.024338
-0.341802,0.545533,1.023338
-0.339794,0.545536,1.003338
-0.342786,0.542538,1.015339
-0.341777,0.545541,1.027339
-0.340769,0.546544,1.013339
-0.343760,0.546546,1.009339
-0.340752,0.546549,1.020340
-0.340744,0.546552,1.026340
-0.341735,0.547554,1.004340
-0.343727,0.545557,1.014341
-0.341719,0.545560,1.020341
-0.341710,0.545562,1.015341
-0.341702,0.544565,1.014341
-0.340694,0.548568,1.007342
-0.342685,0.546570,1.013342
-0.343677,0.545573,1.014342
-0.340669,0.544576,1.018342
-0.341660,0.545578,1.008343
-0.339652,0.544581,1.017343
-0.341644,0.544584,1.014343
-0.343635,0.546586,1.008344
-0.342627,0.548589,1.013344
-0.342619,0.548592,1.010344
-0.342610,0.548595,1.014344
-0.339602,0.548597,1.011345
-0.342594,0.547600,1.011345
-0.342585,0.546603,1.004345
-0.341577,0.549605,1.015345
-0.342569,0.547608,1.011346
-0.341560,0.547611,1.006346
-0.342552,0.545613,1.016346
-0.341543,0.546616,1.008347
-0.342535,0.546619,1.008347
-0.342527,0.546621,1.008347
-0.341518,0.546624,1.012347
-0.339510,0.547627,1.010348
-0.341502,0.543629,1.012348
-0.339493,0.545632,1.004348
-0.340485,0.545635,1.006349
-0.339477,0.546637,1.017349
-0.337468,0.547640,1.006349
-0.341460,0.548643,1.009349
-0.340452,0.546645,1.006350
-0.336443,0.548648,1.015350
-0.336435,0.545651,1.004350
-0.338427,0.545653,1.006350
-0.339418,0.547656,1.012351
-0.340410,0.546659,1.001351
-0.338402,0.545661,1.010351
-0.339393,0.546664,1.008352
-0.337385,0.544667,1.007352
-0.339377,0.542669,1.006352
-0.337368,0.544672,1.015352
-0.338360,0.545675,1.001353
-0.338351,0.545677,1.008353
-0.338343,0.543680,1.015353
-0.337335,0.545683,1.003353
-0.340326,0.544685,1.009354
-0.337318,0.543688,1.010354
-0.337310,0.545691,1.008354
-0.336301,0.541693,1.004355
-0.338293,0.544696,1.013355
-0.338285,0.543699,1.005355
-0.337276,0.542702,1.004355
-0.337268,0.545704,1.014356
-0.337260,0.543707,1.008356
-0.338251,0.542710,1.007356
-0.339243,0.544712,1.006356
-0.337235,0.546715,1.015357
-0.337226,0.542718,1.000357
-0.337218,0.545720,1.012357
-0.336210,0.544723,1.009358
-0.336201,0.543726,1.000358
-0.336193,0.543728,1.010358
-0.337185,0.543731,1.012358
-0.338176,0.543734,1.004359
-0.338168,0.544736,0.998359
-0.336160,0.544739,1.016359
-0.337151,0.544742,1.002359
-0.336143,0.542744,0.998360
-0.336134,0.544747,1.006360
-0.334126,0.543750,1.006360
-0.337118,0.546752,1.008361
-0.336109,0.546755,1.004361
-0.337101,0.542758,1.011361
-0.338093,0.543760,1.004361
-0.335084,0.542763,1.010362
-0.336076,0.545766,0.999362
-0.339068,0.545768,1.006362
-0.337059,0.545771,1.008363
-0.337051,0.545774,1.006363
-0.337043,0.543776,1.005363
-0.338034,0.541779,1.004363
-0.338026,0.544782,1.007364
-0.338018,0.543784,0.999364
-0.338009,0.544787,0.997364
-0.338001,0.544790,1.000364
-0.336993,0.545792,1.004365
-0.338984,0.542795,1.004365
-0.337976,0.543798,0.994365
-0.338968,0.543800,1.004366
-0.336959,0.544803,1.003366
-0.338951,0.542806,1.002366
-0.338943,0.544808,0.994366
-0.337934,0.544811,1.002367
-0.338926,0.545814,1.002367
-0.337917,0.546817,1.009367
-0.338909,0.544819,1.007367
-0.335901,0.544822,0.994368
-0.337892,0.543825,1.002368
-0.338884,0.543827,0.998368
-0.337876,0.545830,1.010369
-0.337867,0.543833,0.998369
-0.339859,0.544835,0.995369
-0.337851,0.544838,1.006369
-0.336842,0.544841,1.010370
-0.338834,0.542843,0.997370
-0.338826,0.542846,0.996370
-0.337817,0.545849,1.007370
-0.335809,0.543851,1.006371
-0.337801,0.545854,1.001371
-0.337792,0.542857,0.996371
-0.337784,0.540859,1.003372
-0.336776,0.542862,1.004372
-0.337767,0.541865,1.003372
-0.336759,0.543867,0.998372
-0.336751,0.542870,1.001373
-0.337742,0.539873,1.010373
-0.336734,0.541875,0.998373
-0.336725,0.540878,0.997374
-0.337717,0.540881,1.003374
-0.337709,0.539883,1.008374
-0.336700,0.539886,0.997374
-0.336692,0.539889,1.002375
-0.336684,0.539891,1.001375
-0.338675,0.536894,1.000375
-0.336667,0.537897,1.009375
-0.338659,0.537899,0.994376
-0.336650,0.537902,1.007376
-0.337642,0.537905,1.002376
-0.336634,0.536907,1.006377
-0.336625,0.535910,0.996377
-0.337617,0.537913,1.000377
-0.335609,0.537915,1.004377
-0.335600,0.534918,0.992378
-0.337592,0.535921,1.004378
-0.336584,0.534924,0.993378
-0.336575,0.538926,1.004378
-0.334567,0.535929,1.000379
-0.335559,0.534932,1.000379
-0.335550,0.534934,0.992379
-0.333542,0.537937,1.007380
-0.333534,0.538940,1.006380
-0.333525,0.537942,0.994380
-0.335517,0.535945,0.999380
-0.334508,0.537948,0.996381
-0.333500,0.536950,1.000381
-0.334492,0.535953,0.997381
-0.334483,0.536956,0.995381
-0.334475,0.536958,0.999382
-0.333467,0.537961,0.997382
-0.333458,0.535964,1.001382
-0.175450,0.331966,0.502383
-0.018442,0.072969,0.045383
0.006567,-0.002028,0.005383
0.005575,0.000974,0.001383
0.005583,-0.003023,0.001384
0.005592,-0.003020,0.006384
0.004600,-0.007018,0.003384
0.003608,-0.007015,-0.016616
0.003617,-0.005012,0.000385
0.003625,-0.002010,0.000385
0.001633,-0.003007,0.002385
0.003642,0.001996,-0.002614
0.000650,-0.000002,0.007386
0.001658,-0.001999,0.004386
0.001667,-0.000996,-0.005614
0.001675,-0.001994,-0.002613
0.000683,0.002009,-0.000613
0.001692,0.002012,0.003387
-0.002300,0.003014,-0.005612
-0.000291,0.005017,0.006388
-0.002283,0.005020,0.002388
-0.000275,0.004022,-0.009612
-0.001266,0.004025,0.011389
-0.001258,0.002028,-0.002611
-0.002250,0.001030,0.001389
-0.004241,0.004033,-0.003611
-0.003233,0.004036,0.000390
-0.003225,0.004039,0.000390
-0.001216,0.003041,-0.001610
-0.002208,0.001044,-0.000609
-0.002200,-0.002953,-0.000609
-0.002191,-0.003951,-0.000609
-0.002183,-0.002948,-0.006609
-0.000175,-0.001945,0.002392
-0.001166,0.001057,-0.002608
-0.000158,0.001060,0.001392
0.000850,-0.000937,0.000392
-0.000141,0.001065,-0.003607
-0.001133,-0.004932,-0.000607
-0.002125,-0.004929,-0.001607
-0.000116,-0.006927,0.002394
0.000892,-0.003924,-0.006606
0.000901,-0.004921,0.001394
-0.000091,0.004081,-0.000606
-0.001083,-0.000916,-0.000605
-0.000074,0.000087,0.000395
-0.000066,0.000089,0.000395
0.000942,-0.000908,0.003395
0.001951,-0.003905,-0.004604
-0.001041,-0.000903,0.003396
0.001967,-0.003900,-0.002604
0.002976,-0.003897,0.003397
0.006984,-0.003895,-0.003603
0.003992,-0.001892,0.000397
0.006001,0.002111,0.001397
0.005009,0.002113,-0.001602
0.007017,0.000116,0.006398
0.006026,-0.000881,-0.003602
0.005034,-0.006879,0.002398
0.003042,-0.006876,-0.001601
0.004051,-0.003873,-0.001601
0.002059,0.000129,-0.002601
0.002067,0.001132,-0.003600
0.004076,0.001135,0.003400
0.002084,0.001137,-0.003600
0.003092,0.000140,0.004400
0.002101,-0.006857,-0.003599
0.004109,-0.001854,0.002401
0.004118,-0.005852,-0.001599
0.004126,-0.003849,-0.000598
0.005134,0.000154,0.001402
0.003143,-0.001844,-0.002598
0.007151,-0.002841,0.003402
0.004159,0.000162,-0.005597
0.005168,-0.002836,0.004403
0.004176,-0.001833,-0.005597
0.006184,-0.008830,0.002403
0.004193,-0.005828,-0.002596
0.005201,-0.006825,-0.003596
0.006209,-0.005822,0.001404
0.008218,-0.002820,-0.001595
0.008226,-0.002817,0.004405
0.003234,-0.004814,-0.004595
0.004243,-0.005812,0.002405
0.005251,-0.011809,-0.003594
0.004259,-0.014806,0.001406
0.003268,-0.009804,-0.000594
0.004276,-0.007801,-0.001594
0.005284,-0.002798,0.001407
0.002293,0.000204,0.000407
0.005301,0.000207,0.003407
0.001309,-0.007790,-0.003592
0.001318,-0.009788,0.002408
-0.000674,-0.011785,0.000408
0.001335,-0.010782,0.002408
0.000343,-0.005780,0.001409
0.002351,-0.001777,-0.003591
0.001360,0.002226,0.001409
-0.000632,-0.002772,-0.002591
0.000376,-0.008769,0.002410
-0.002615,-0.008766,-0.003590
-0.002607,-0.006764,-0.001590
0.000401,-0.004761,-0.000589
0.000410,-0.000758,-0.002589
0.001418,-0.000756,0.000411
0.001426,0.001247,-0.001589
0.000435,0.000250,0.004412
0.000443,-0.001748,-0.002588
0.000451,-0.000745,0.000412
-0.000540,-0.002742,0.001413
0.002468,-0.001739,-0.003587
0.001476,0.002263,0.002413
0.003485,0.001266,-0.001587
0.003493,0.001269,0.005414
0.004501,0.003271,-0.004586
0.005510,0.002274,0.001414
0.005518,0.001277,0.000414
0.005527,0.000279,0.000415
0.004535,0.000282,0.002415
0.006543,0.000285,-0.001585
0.005552,0.000287,0.004416
0.004560,0.004290,-0.002584
0.005568,0.004293,0.005416
0.004577,0.002295,-0.001584
0.006585,0.000298,0.002417
0.005593,-0.000699,0.000417
0.006602,-0.002697,-0.001583
0.005610,-0.000694,0.000417
0.006618,-0.000691,-0.001582
0.005627,0.002311,0.000418
0.005635,0.002314,-0.002582
0.003643,-0.001683,0.002419
0.005652,0.000319,-0.002581
0.002660,0.001322,-0.000581
0.003668,-0.001675,0.001419
0.004677,-0.001673,-0.004580
0.002685,0.002330,0.001420
0.005693,0.001333,-0.000580
0.003702,0.003335,0.004420
0.003710,0.002338,-0.002579
0.001718,-0.001659,-0.001579
0.003727,-0.000657,-0.002579
0.002735,-0.004654,-0.002578
0.004744,-0.004651,0.001422
0.005752,-0.003649,-0.001578
0.004760,-0.003646,0.000422
0.005769,-0.002643,-0.003577
0.004777,-0.002641,0.000423
0.002785,-0.004638,-0.004577
0.004794,-0.004635,-0.002577
0.002802,-0.005632,0.000424
0.002810,-0.002630,-0.005576
0.002819,-0.002627,0.000424
0.002827,-0.001624,-0.003575
0.004835,0.000378,0.001425
0.001844,-0.001619,-0.000575
0.001852,-0.003616,0.003425
-0.000140,-0.004614,0.001426
-0.000131,-0.005611,-0.002574
-0.001123,-0.008608,0.003426
0.000885,-0.003606,-0.003573
-0.000106,0.000397,0.001427
0.000902,-0.003600,-0.001573
-0.002090,-0.004598,-0.000573
-0.000081,-0.003595,-0.005572
-0.003073,-0.005592,0.000428
-0.000065,-0.005590,0.000428
-0.000056,-0.006587,-0.003572
0.000952,-0.003584,0.000429
0.001961,-0.000582,-0.002571
-0.001031,-0.002579,0.000429
-0.003023,-0.002576,-0.000570
-0.001014,-0.007574,-0.000570
-0.003006,-0.007571,0.000430
-0.000998,-0.006568,-0.003570
-0.002989,-0.003566,0.006431
-0.002981,-0.003563,-0.003569
-0.003973,0.002440,-0.001569
-0.001964,0.001442,-0.002569
0.000044,-0.000555,0.000432
-0.002948,-0.001552,-0.001568
-0.000939,-0.003550,-0.003568
-0.000931,-0.003547,0.000433
0.002077,-0.003544,-0.002567
0.002086,0.001458,0.002433
0.004094,0.002461,-0.008567
0.002102,0.001464,0.001434
0.002111,0.001466,0.001434
0.001119,0.000469,0.001434
0.001127,-0.002528,0.002434
0.002136,-0.005526,-0.000565
-0.000856,-0.001523,0.001435
0.003153,-0.001520,-0.001565
0.002161,0.000483,0.004436
0.001169,0.001485,0.000436
0.003178,0.001488,-0.003564
0.002186,-0.002509,0.002436
0.000194,0.000493,-0.001563
0.000203,-0.000504,0.004437
0.001211,-0.000501,-0.002563
0.000219,-0.000499,0.001438
0.000228,0.000504,-0.000562
-0.001764,0.000507,-0.000562
-0.000756,0.002509,0.004438
0.001253,0.002512,-0.004561
0.000261,0.001515,0.005439
0.001269,-0.000483,-0.002561
0.001278,0.002520,0.000439
-0.001714,0.002523,-0.003560
0.000294,0.000525,-0.002560
0.002303,0.001528,-0.001560
0.003311,0.003531,-0.003559
0.001319,0.004533,0.004441
0.004328,0.006536,-0.003559
0.001336,0.002539,0.001441
0.002344,0.002541,0.001442
0.002353,0.004544,0.001442
0.003361,0.003547,0.000442
0.002370,0.001549,0.000442
0.003378,0.003552,0.001443
0.001386,0.004555,-0.001557
0.005395,0.003557,0.003443
0.005403,0.006560,-0.003556
0.005411,0.006563,0.001444
0.003420,0.005565,-0.001556
0.004428,0.001568,0.000444
0.002436,0.000571,0.004445
0.000445,0.002573,-0.004555
0.001453,0.003576,0.002445
0.001461,0.004579,-0.001555
0.001470,0.005581,0.003446
0.002478,0.002584,-0.001554
-0.000514,0.004587,-0.001554
-0.002505,0.002589,0.001447
-0.000497,0.003592,-0.001553
-0.002489,0.003595,-0.000553
-0.001480,0.005598,-0.002553
-0.003472,0.005600,0.002448
-0.002464,0.004603,0.001448
-0.003455,0.006606,0.000448
-0.003447,0.007608,0.001448
-0.002439,0.004611,-0.003551
-0.002430,0.002614,0.003449
-0.003422,0.008616,-0.003551
-0.003413,0.009619,0.002450
-0.003405,0.010622,-0.001550
-0.004397,0.006624,-0.002550
-0.003388,0.008627,-0.001550
-0.004380,0.008630,-0.003549
-0.003372,0.008632,0.002451
-0.001363,0.005635,-0.003549
-0.004355,0.006638,0.002452
-0.005347,0.006640,-0.002548
-0.003338,0.006643,0.000452
-0.001330,0.006646,-0.000548
-0.002322,0.006648,-0.003547
-0.002313,0.005651,0.004453
-0.003305,0.004654,-0.000547
-0.004297,0.003656,0.001453
-0.003288,0.003659,-0.001546
-0.005280,0.004662,0.000454
-0.004272,0.004664,-0.000546
-0.005263,0.001667,-0.000545
-0.004255,0.001670,0.003455
-0.004247,0.002672,-0.005545
-0.002238,0.001675,0.001455
-0.004230,0.002678,-0.005544
-0.004221,-0.001320,0.000456
-0.002213,0.000683,-0.001544
-0.001205,0.002686,0.000456
-0.001196,0.000688,0.002457
-0.002188,-0.001309,-0.001543
-0.002180,-0.001306,0.002457
-0.004171,0.002696,-0.003542
-0.001163,-0.001301,0.000458
-0.001155,-0.002298,0.001458
-0.000146,-0.000295,0.001458
-0.003138,0.002707,0.001459
-0.001130,0.000710,-0.002541
-0.001121,-0.001287,0.003459
-0.001113,-0.002285,-0.001541
-0.000105,0.000718,0.001460
-0.001096,-0.000279,0.000460
-0.001088,0.000723,-0.000540
-0.001080,-0.003274,0.001461
0.000929,-0.001271,-0.001539
-0.000063,-0.002269,0.002461
0.001945,-0.001266,-0.001539
0.000954,-0.001263,0.001462
-0.000038,-0.002261,0.000462
0.002970,-0.003258,0.000462
0.002979,-0.002255,0.000462
0.001987,-0.003253,-0.003537
0.001996,0.000750,0.004463
0.004004,0.000753,-0.001537
0.003012,-0.000245,0.001464
0.003021,-0.002242,-0.003536
0.002029,-0.004239,-0.000536
0.002037,-0.001237,-0.002536
0.003046,-0.002234,-0.003535
0.005054,-0.001231,0.004465
0.002062,-0.003229,-0.004535
0.003071,-0.001226,0.000466
0.002079,-0.001223,-0.002534
0.002087,0.000779,0.000466
0.004096,-0.002218,0.001466
0.003104,-0.002215,-0.004533
0.003112,-0.002213,0.002467
0.001121,-0.005210,-0.003533
0.003129,-0.001207,-0.000533
0.001137,-0.002205,-0.001532
0.001146,-0.003202,-0.004532
0.001154,-0.006199,-0.000532
0.001162,-0.006197,-0.002531
0.000171,-0.006194,-0.000531
-0.000821,-0.003191,-0.005531
0.002187,-0.007189,0.003469
-0.000804,-0.006186,-0.001530
0.001204,-0.006183,-0.001530
0.001213,-0.005180,0.000470
-0.000779,-0.005178,-0.001530
-0.000771,-0.006175,-0.000529
0.001238,-0.005172,-0.003529
0.000246,-0.004170,0.004471
-0.001746,-0.003167,-0.001528
0.000263,-0.003164,-0.001528
0.000271,-0.004162,0.001472
0.002279,-0.006159,-0.000528
-0.001712,-0.004156,0.002473
0.001296,-0.005154,-0.001527
0.000304,-0.003151,0.004473
-0.000687,-0.003148,-0.002527
0.001321,-0.003146,-0.000526
0.001329,-0.003143,-0.001526
0.001338,-0.001140,-0.000526
-0.000654,-0.003138,0.001475
0.000354,-0.002135,-0.003525
0.001363,-0.001132,0.006475
0.000371,-0.006130,-0.001525
0.000379,-0.006127,0.001476
-0.001612,-0.005124,0.000476
0.000396,-0.002122,-0.004524
0.000405,-0.002119,0.003477
0.003413,-0.003116,-0.002523
0.002421,-0.004114,0.003477
0.000430,-0.005111,-0.000523
0.001438,-0.002108,0.000478
0.003446,-0.002106,0.002478
0.003455,-0.003103,-0.003522
0.000463,-0.002100,0.002478
0.002471,-0.002098,-0.002521
0.002480,-0.000095,0.002479
0.003488,0.003908,-0.001521
0.003496,0.002910,-0.000520
0.004505,0.004913,0.002480
0.002513,0.002916,-0.002520
0.002521,0.004918,0.002480
0.004530,0.004921,-0.002519
0.002538,0.007924,0.002481
0.004546,0.004927,-0.002519
0.004555,0.005929,0.001481
0.003563,0.006932,0.000482
0.004571,0.006935,-0.001518
0.004580,0.006937,0.001482
0.002588,0.006940,-0.000517
0.003596,0.006943,0.004483
-0.000395,0.007945,-0.002517
0.000613,0.005948,-0.001517
0.006622,0.005951,0.002484
0.002630,0.002953,0.000484
0.003638,0.002956,0.001484
0.003647,0.004959,-0.004516
-0.000345,0.008961,0.002485
0.002663,0.006964,-0.001515
0.000672,0.005967,-0.001515
0.001680,0.004969,-0.001514
0.001688,0.005972,-0.001514
0.000697,0.003975,0.003486
-0.001295,0.001977,-0.001514
-0.003287,0.000980,0.000487
0.000722,0.004983,-0.001513
-0.000270,0.004985,0.001487
-0.004262,0.005988,-0.000513
-0.005253,0.000991,-0.001512
-0.003245,-0.002007,0.006488
-0.004237,-0.002004,-0.002512
-0.003228,0.000999,0.001489
-0.004220,0.001001,0.002489
-0.005212,0.001004,0.000489
-0.005203,0.001007,0.001489
-0.003195,0.001009,-0.003510
-0.004187,0.005012,0.002490
-0.003178,0.002015,-0.004510
-0.005170,-0.000983,0.003491
-0.007161,0.002020,-0.002509
-0.006153,0.003023,-0.002509
-0.005145,0.005025,0.003491
-0.007136,0.007028,-0.002508
-0.006128,0.007031,0.001492
-0.006120,0.007033,-0.002508
-0.007111,0.004036,-0.001508
-0.004103,0.005039,-0.002507
-0.008095,0.007042,-0.002507
-0.007086,0.005044,0.003493
-0.007078,0.003047,-0.005506
-0.006070,0.003050,0.004494
-0.005061,0.002052,-0.002506
-0.004053,0.003055,0.002494
-0.004045,0.003058,0.003495
-0.005036,0.002060,-0.000505
-0.004028,0.002063,0.003495
-0.003020,0.000066,-0.002505
-0.005011,-0.001932,0.008496
-0.005003,0.001071,-0.001504
-0.001995,0.002074,0.000496
-0.001986,0.002076,0.000497
0.001022,0.002079,-0.000503
-0.000969,-0.001918,0.000497
-0.001961,-0.001916,-0.001503
-0.001953,-0.001913,0.005498
-0.001944,-0.000910,-0.003502
-0.000936,-0.000908,0.002498
-0.000928,-0.000905,-0.000502
-0.000919,0.001098,-0.001501
0.003089,0.000100,0.003499
0.000097,-0.000897,-0.001501
-0.000894,-0.000894,0.002500
0.000114,0.001108,-0.000500
0.000122,-0.000889,0.001500
0.000131,0.001114,0.002500
0.000139,0.001116,-0.001499
0.000147,0.000119,0.001501
0.000156,0.001122,-0.004499
0.002164,-0.001876,0.002501
0.001172,0.001127,0.000502
0.000181,-0.001870,-0.001498
-0.000811,-0.001868,-0.000498
-0.000803,-0.001865,-0.001497
0.001206,-0.002862,0.006503
0.002214,-0.002860,-0.003497
0.001222,-0.004857,0.000503
0.003231,-0.002854,-0.001496
0.004239,-0.001851,-0.000496
0.002248,-0.001849,0.000504
0.000256,-0.004846,-0.001495
0.003264,-0.004843,0.001505
0.002273,-0.004841,-0.005495
0.004281,-0.005838,0.002505
0.003289,-0.004835,0.001506
0.005298,-0.001833,-0.001494
0.003306,-0.001830,0.006506
0.004314,-0.002827,0.000506
0.003323,-0.004825,0.000507
0.005331,-0.006822,-0.002493
0.005339,-0.005819,-0.001493
0.003348,-0.005817,-0.000492
0.007356,-0.006814,-0.000492
0.004364,-0.007811,0.001508
0.005373,-0.006809,-0.004492
0.003381,-0.007806,-0.002491
0.005389,-0.008803,-0.001491
0.004398,-0.008801,0.002509
0.004406,-0.009798,-0.003491
0.005414,-0.010795,-0.002490
0.004423,-0.008793,0.002510
0.005431,-0.009790,-0.006490
0.004439,-0.008787,0.004511
0.005448,-0.009785,-0.001489
0.003456,-0.011782,-0.003489
0.004465,-0.009779,0.002511
0.005473,-0.009777,-0.001488
0.003481,-0.007774,0.000512
0.004490,-0.004771,-0.004488
0.001498,-0.005769,0.002512
0.003506,-0.005766,-0.003487
0.002515,-0.008763,-0.000487
0.003523,-0.006761,0.002513
0.001531,-0.006758,-0.001486
0.003540,-0.005755,0.002514
0.001548,-0.007753,-0.002486
0.003556,-0.005750,-0.003486
0.002565,-0.005747,0.000515
0.002573,-0.005745,0.000515
0.004581,-0.002742,0.002515
0.003590,-0.004739,-0.003484
0.004598,-0.003736,0.004516
0.004606,-0.006734,-0.000484
0.002615,-0.005731,-0.001484
0.001623,-0.005728,-0.000483
0.003631,-0.002726,-0.004483
0.005640,-0.004723,-0.000483
0.004648,-0.001720,-0.006483
