0.001775,0.001131,-0.003229
0.000772,0.000131,0.001771
-0.000231,0.005131,-0.001229
-0.001234,0.001130,-0.002230
0.001763,0.001130,0.006770
0.003760,0.001130,-0.003230
0.001758,0.001129,0.000770
0.005755,0.001129,0.004769
0.006752,0.004128,-0.001231
0.006749,0.001128,-0.003231
0.005746,0.000128,0.003769
0.006743,0.002127,-0.004231
0.008740,0.000127,0.001768
0.007737,-0.000873,0.000768
0.004734,0.001126,-0.003232
0.005731,-0.000874,0.004768
0.006728,0.003125,0.001768
0.004726,0.000125,-0.006233
0.005723,-0.002875,0.000767
0.004720,-0.000876,-0.002233
0.001717,-0.003876,-0.004233
0.001714,0.003124,0.002767
0.000711,-0.000877,-0.002234
0.000708,0.003123,-0.004234
-0.000295,-0.000878,0.002766
-0.002298,-0.000878,-0.001234
-0.000301,-0.001878,-0.000235
-0.002303,0.001121,0.002765
-0.003306,0.001121,-0.005235
-0.000309,0.003120,-0.002235
-0.001312,0.005120,0.003765
-0.001315,0.001120,-0.002236
-0.001318,0.003119,0.003764
-0.001321,-0.000881,0.002764
-0.001324,-0.000881,-0.002236
0.000673,-0.001882,0.001764
0.000670,0.001118,0.001763
0.002667,0.000117,-0.005237
0.002665,0.001117,0.001763
0.003662,-0.000883,-0.000237
0.004659,0.000116,-0.003237
0.004656,0.000116,0.004762
0.006653,0.000116,-0.000238
0.006650,0.001115,-0.002238
0.006647,-0.002885,0.006762
0.007644,-0.001886,-0.000239
0.005641,0.000114,-0.002239
0.006638,0.001114,0.000761
0.005636,0.001113,-0.003239
0.004633,0.001113,-0.002239
0.003630,-0.001887,0.001760
0.006627,0.003112,-0.005240
0.004624,-0.001888,0.000760
0.004621,0.000111,0.000760
0.002618,-0.000889,-0.007240
0.004615,0.002111,0.000759
0.003612,0.001110,-0.001241
0.001609,0.001110,-0.000241
0.002607,0.001110,0.000759
0.001604,-0.001891,-0.001241
0.002601,0.000109,-0.002242
0.002598,0.000108,0.000758
0.002595,0.003108,-0.001242
0.001592,0.004108,-0.000242
0.001589,0.003107,0.002757
0.001586,0.003107,-0.002243
0.005583,0.002106,-0.002243
0.003580,0.003106,0.003757
0.005577,0.003106,-0.009243
0.005575,0.004105,0.002756
0.005572,0.001105,0.002756
0.003569,0.005105,-0.004244
0.004566,0.003104,0.002756
0.003563,0.002104,-0.001244
0.002560,0.001103,-0.005245
0.005557,0.003103,0.001755
0.004554,0.003103,-0.003245
0.004551,0.004102,-0.005245
0.001548,0.001102,0.001755
0.001546,0.002102,-0.000246
0.001543,0.000101,-0.000246
0.000540,0.002101,0.003754
0.000537,0.004100,-0.001246
-0.002466,0.003100,-0.001247
-0.003469,0.003100,0.003753
-0.004472,0.003099,-0.004247
-0.002475,0.001099,0.002753
-0.003478,0.003099,-0.000247
-0.000481,0.003098,-0.004248
-0.002484,0.003098,0.002752
-0.001486,0.003097,0.001752
0.002511,0.002097,-0.003248
0.000508,0.000097,0.001752
0.000505,0.004096,-0.002249
0.002502,0.000096,-0.003249
0.001499,0.003095,0.003751
0.001496,0.003095,0.000751
0.003493,0.005095,-0.004250
0.004490,0.002094,0.006750
0.003487,0.004094,0.000750
0.004485,0.001094,-0.005250
0.003482,0.002093,0.004750
0.003479,0.003093,-0.002251
0.004476,0.003092,-0.001251
0.004473,0.003092,0.007749
0.002470,0.000092,-0.005251
0.000467,0.001091,-0.001251
0.002464,0.002091,0.001748
0.002461,0.001091,-0.007252
0.003458,0.003090,0.002748
0.003455,0.002090,-0.000252
0.004453,0.004089,-0.002252
0.004450,0.001089,0.005747
0.004447,0.003089,0.000747
0.002444,0.002088,-0.002253
0.004441,0.003088,0.005747
0.002438,0.005088,0.000746
0.001435,0.003087,-0.002254
0.001432,0.002087,0.004746
0.001429,0.004086,-0.002254
0.000426,0.004086,-0.005254
0.001424,0.003086,0.003745
-0.000579,0.002085,-0.004255
0.001418,0.002085,-0.002255
0.001415,0.001085,0.005745
0.001412,0.002084,-0.004255
0.002409,0.001084,0.003744
0.003406,0.004083,0.005744
0.004403,0.003083,-0.006256
0.005400,0.001083,-0.001256
0.004397,0.003082,0.002744
0.004395,0.003082,-0.003257
0.006392,0.004081,0.001743
0.004389,0.004081,-0.000257
0.006386,0.003081,-0.005257
0.007383,0.003080,0.004742
0.006380,0.004080,-0.000258
0.006377,0.005080,-0.005258
0.005374,0.004079,0.006742
0.004371,0.003079,-0.004258
0.008368,0.005078,-0.002259
0.006365,0.003078,0.002741
0.005363,0.003078,-0.005259
0.005360,0.003077,0.001741
0.002357,0.002077,0.002741
0.006354,0.004077,-0.004260
0.006351,0.004076,-0.003260
0.005348,0.007076,0.002740
0.002345,0.005075,-0.003260
0.001342,0.007075,0.003740
0.001339,0.001075,-0.000261
0.001336,0.003074,-0.002261
0.001334,0.003074,0.002739
0.000331,0.005074,-0.002261
0.002328,0.006073,-0.007262
-0.001675,0.004073,0.004738
0.001322,0.006072,-0.002262
0.000319,0.004072,-0.006262
0.000316,0.005072,0.001738
0.000313,0.001071,-0.002263
-0.000690,0.002071,-0.000263
0.001307,0.002071,0.005737
0.000304,0.003070,-0.001263
0.001302,0.006070,0.000737
0.000299,0.004069,0.003736
0.000296,0.006069,-0.005264
0.001293,0.001069,-0.003264
0.001290,0.002068,0.001736
0.001287,0.001068,-0.003264
0.001284,0.004067,0.001735
0.000281,0.005067,0.003735
0.001278,0.003067,-0.005265
-0.000725,0.005066,0.005735
-0.000727,0.001066,-0.000266
-0.002730,-0.000934,-0.005266
-0.002733,-0.000935,0.003734
-0.002736,0.000065,-0.001266
-0.003739,0.005064,-0.002266
-0.003742,0.003064,0.005733
-0.003745,0.003064,-0.003267
-0.007748,0.002063,-0.000267
-0.002751,0.004063,0.000733
-0.004754,0.003063,-0.001267
-0.002756,0.003062,0.000732
-0.002759,0.002062,0.004732
-0.001762,0.002061,-0.002268
-0.000765,0.001061,-0.000268
0.002232,0.002061,0.008732
-0.001771,0.003060,-0.002269
-0.001774,0.006060,0.000731
-0.001777,0.003060,-0.000269
0.002220,0.002059,-0.006269
0.002217,0.003059,0.001730
0.003214,0.000058,-0.002270
0.002212,0.002058,-0.004270
0.002209,0.002058,0.002730
0.003206,0.004057,0.001730
0.000203,0.001057,-0.005271
0.002200,0.003056,0.004729
0.001197,0.001056,-0.004271
0.002194,-0.002944,-0.002271
0.001191,0.001055,0.004729
0.000188,0.000055,-0.005272
0.000185,0.003055,-0.002272
0.001183,0.004054,0.004728
0.002180,0.001054,-0.005272
-0.000823,0.001053,0.001728
0.000174,-0.002947,0.001727
0.000171,0.001053,-0.003273
0.001168,-0.000948,-0.002273
-0.000835,-0.000948,0.003727
0.001162,0.001052,-0.005274
0.002159,0.000051,0.001726
0.001156,0.004051,-0.002274
0.004153,0.003050,-0.003274
0.002151,0.001050,0.001726
0.003148,0.003050,0.001725
0.004145,0.001049,-0.005275
0.004142,0.003049,0.003725
0.004139,0.003049,-0.001275
0.006136,0.003048,-0.001275
0.006133,0.004048,0.004724
0.006130,0.005047,-0.003276
0.003127,0.005047,-0.002276
0.002124,0.005047,0.005724
0.004122,0.003046,-0.006276
0.003119,0.003046,-0.001277
0.004116,0.003046,0.004723
0.002113,0.006045,-0.003277
0.001110,0.003045,-0.001277
0.000107,0.006044,0.004722
0.000104,0.004044,-0.006278
-0.000899,0.003044,-0.001278
0.001098,0.004043,0.002722
-0.001905,0.002043,-0.005278
-0.000908,0.002042,0.004721
-0.000910,0.001042,-0.000279
0.000087,0.001042,-0.002279
-0.001916,0.004041,0.004721
-0.002919,0.005041,-0.002279
-0.002922,0.005041,-0.003280
-0.001925,0.000040,0.005720
-0.000928,0.005040,-0.002280
0.001069,0.002039,-0.000280
0.001066,0.000039,0.005720
0.001063,0.001039,-0.002281
0.001061,0.001038,-0.002281
0.000058,0.003038,0.003719
0.000055,0.004038,-0.003281
0.001052,0.005037,0.003718
0.002049,0.004037,0.002718
0.001046,-0.000964,-0.003282
0.002043,0.001036,0.004718
0.000040,0.000036,0.004718
0.001037,0.001035,-0.006283
0.000034,0.004035,0.002717
0.000032,0.007035,0.002717
-0.000971,0.006034,-0.001283
-0.001974,0.003034,0.004717
-0.002977,0.000033,0.001716
0.000020,0.002033,-0.002284
-0.001983,-0.000967,0.006716
-0.000986,0.001032,-0.003284
-0.000989,0.002032,-0.002284
0.000008,0.004031,0.001715
0.002005,0.002031,-0.003285
-0.000998,0.001031,0.001715
0.001000,-0.001970,0.005715
0.003997,0.002030,-0.003286
0.001994,-0.000970,-0.000286
0.000991,0.001029,0.003714
0.002988,-0.000971,-0.004286
0.002985,0.003028,0.000714
0.003982,0.001028,0.000713
0.001979,0.001028,-0.002287
0.001976,0.002027,0.001713
0.000973,0.001027,0.004713
0.000971,0.001027,-0.006287
0.000968,-0.000974,0.001712
0.000965,0.004026,-0.002288
0.000962,0.003025,-0.005288
-0.000041,0.000025,0.001712
-0.000044,0.002025,-0.003288
0.002953,0.000024,-0.006289
0.000950,0.002024,0.003711
-0.000053,0.001024,-0.000289
-0.001056,0.001023,-0.002289
-0.001059,0.002023,0.001710
-0.002061,-0.000978,-0.007290
-0.002064,0.006022,-0.005290
-0.002067,-0.001978,-0.000290
-0.002070,0.003021,-0.007290
0.000927,-0.000979,-0.002291
0.000924,0.001021,0.003709
0.000921,0.001020,-0.003291
0.002918,-0.002980,0.004709
0.002915,-0.000981,-0.000291
0.003912,-0.001981,-0.002292
0.003910,0.000019,0.000708
0.003907,0.003018,0.002708
0.006904,-0.000982,-0.000292
0.003901,-0.003983,0.003708
0.004898,0.002017,0.001707
0.006895,-0.004983,-0.002293
0.001892,-0.000984,0.005707
0.005889,0.000016,-0.001293
0.001886,0.000016,-0.004294
0.004883,0.001015,0.003706
0.001881,0.003015,-0.003294
0.001878,0.000014,-0.000294
0.000875,0.003014,0.003706
-0.001128,0.000014,-0.003295
-0.000131,0.000013,0.000705
-0.003134,0.001013,-0.000295
-0.002137,-0.002987,-0.005295
-0.001140,0.003012,-0.007295
-0.003143,0.000012,0.000704
-0.001146,0.000011,-0.001296
-0.000149,0.001011,0.002704
-0.001151,0.001011,0.007704
-0.000154,0.001010,-0.005296
0.000843,-0.001990,0.001703
0.000840,-0.000990,-0.000297
-0.000163,0.001009,-0.004297
-0.001166,-0.001991,0.001703
-0.001169,0.001008,0.002702
-0.000172,-0.000992,-0.001298
-0.001175,-0.001992,0.004702
-0.000178,-0.001993,-0.001298
0.000820,-0.003993,-0.003298
0.000817,0.000007,0.004701
-0.000186,-0.000994,-0.003299
-0.000189,0.001006,0.000701
-0.000192,0.001005,0.004701
-0.002195,-0.000995,-0.002299
-0.002198,-0.001995,0.001700
-0.001201,-0.003996,0.003700
-0.001204,-0.004996,-0.004300
-0.002207,0.001003,0.000700
-0.003210,0.001003,0.000700
-0.002212,-0.000997,-0.007301
-0.002215,0.000002,-0.000301
-0.003218,-0.001998,0.000699
-0.000221,0.000002,-0.008301
-0.000224,0.000001,0.003698
-0.000227,-0.000999,0.001698
-0.000230,0.000000,-0.005302
0.000767,0.000000,0.002698
-0.000236,-0.000000,-0.004302
-0.000239,0.002999,-0.004303
0.000759,0.001999,0.002697
0.001756,0.002999,-0.004303
-0.000247,0.000998,-0.001303
-0.000250,-0.003002,0.003697
0.001747,-0.003003,0.000696
-0.000256,-0.000003,-0.000304
0.000741,-0.001003,0.004696
-0.003262,0.002996,-0.005304
-0.002265,0.004996,-0.004304
-0.004268,0.001996,0.002695
-0.004271,-0.001005,-0.002305
-0.003273,-0.000005,0.001695
-0.007276,-0.000006,0.004695
-0.007279,-0.001006,-0.003306
-0.004282,0.001994,0.001694
-0.005285,0.002993,0.000694
-0.003288,-0.001007,-0.003306
-0.004291,0.000992,-0.000306
-0.003294,-0.001008,0.002693
-0.002297,0.000992,-0.001307
-0.001300,-0.000009,0.009693
-0.001302,-0.001009,0.003693
0.000695,0.002991,-0.001307
0.000692,0.000990,0.002692
-0.000311,0.000990,-0.001308
0.001686,-0.000011,-0.000308
0.002683,-0.004011,0.004692
0.001680,-0.003011,-0.002308
0.003677,-0.002012,0.000691
0.004674,-0.003012,0.004691
0.002671,0.004988,-0.002309
0.000669,0.001987,-0.002309
-0.001334,-0.000013,0.003690
-0.000337,0.002986,-0.003310
-0.001340,0.002986,-0.002310
-0.000343,-0.001014,-0.000310
-0.000346,-0.000015,-0.007310
0.000651,0.002985,0.001689
0.003648,-0.001015,0.005689
0.001645,-0.000016,-0.005311
0.002642,0.000984,0.001689
0.007639,-0.001017,0.002689
0.003637,-0.001017,-0.005312
0.005634,0.000983,0.001688
0.002631,-0.000018,-0.000312
0.001628,0.002982,-0.004312
0.002625,0.001982,0.005688
0.000622,0.002981,0.005687
0.000619,0.002981,-0.003313
-0.000384,0.000980,0.001687
-0.000387,0.001980,-0.002313
0.001610,0.001980,-0.004314
-0.000392,0.002979,0.002686
0.000605,0.002979,-0.003314
-0.000398,0.002978,-0.002314
0.001599,-0.002022,0.002686
0.001596,0.000978,-0.001315
0.000593,-0.001023,-0.000315
0.003590,0.000977,0.003685
0.003587,0.003977,-0.004315
0.003584,0.002976,-0.000315
0.006581,-0.000024,0.003684
0.004578,0.004975,-0.005316
0.005576,0.000975,0.002684
0.003573,0.002975,0.003684
0.003570,0.004974,-0.004316
0.006567,0.000974,0.003683
0.004564,0.002974,0.001683
0.004561,0.002973,-0.002317
0.003558,0.002973,0.000683
0.003555,-0.001028,0.000682
0.006552,-0.000028,-0.005318
0.002549,0.000972,0.004682
0.003547,-0.000029,-0.001318
0.004544,0.002971,-0.005318
0.001541,0.002971,0.004681
0.000538,0.003970,0.001681
0.001535,0.000970,0.000681
0.000532,-0.002031,0.005681
0.000529,-0.003031,-0.001319
0.001526,-0.001031,0.001680
-0.000477,-0.000032,0.004680
0.000520,0.000968,-0.002320
-0.003482,0.000968,-0.002320
-0.001485,0.002967,0.002680
-0.002488,0.002967,-0.001321
-0.002491,-0.003034,0.005679
-0.003494,-0.001034,0.004679
-0.007497,-0.003034,-0.007321
-0.003500,-0.001035,0.000678
-0.002503,-0.001035,-0.000322
-0.004506,-0.003036,-0.007322
-0.005509,-0.000036,0.000678
-0.004512,-0.001036,-0.002322
-0.003514,-0.000037,-0.003323
-0.003517,-0.000037,0.004677
-0.003520,-0.003037,-0.000323
-0.001523,-0.003038,-0.003323
-0.000526,-0.000038,0.002677
-0.000529,-0.000039,-0.002324
0.000468,-0.001039,-0.004324
0.001465,-0.003039,0.003676
0.002462,-0.002040,-0.005324
0.005459,-0.004040,-0.001324
0.003457,-0.002040,0.005675
0.004454,-0.003041,-0.002325
0.003451,-0.003041,-0.000325
0.002448,-0.003042,0.001675
0.004445,0.000958,-0.001326
0.003442,-0.004042,-0.000326
0.002439,-0.003043,0.000674
0.000436,-0.001043,-0.008326
-0.002567,-0.003043,0.001674
-0.000570,-0.005044,0.007673
-0.002573,-0.002044,-0.006327
-0.006575,-0.000045,0.001673
-0.003578,-0.003045,0.003673
-0.002581,-0.003045,-0.002327
-0.003584,-0.003046,-0.002328
-0.002587,-0.003046,0.000672
-0.003590,-0.002047,-0.002328
-0.004593,0.002953,0.005672
-0.001596,0.000953,0.004671
-0.002599,0.000952,-0.002329
-0.001602,0.000952,0.004671
-0.000604,-0.000048,-0.002329
-0.000607,-0.004049,-0.003329
-0.000610,-0.006049,0.000670
-0.000613,-0.005050,-0.004330
0.000384,-0.002050,-0.001330
0.001381,-0.003050,0.003670
0.000378,-0.003051,-0.000330
0.002375,-0.003051,-0.001331
0.003372,-0.003051,0.000669
0.002369,-0.001052,-0.004331
0.002366,-0.002052,-0.003331
0.000364,-0.003053,0.002669
0.000361,-0.004053,-0.004332
0.001358,-0.002053,-0.004332
0.000355,-0.003054,0.002668
0.000352,-0.003054,-0.005332
0.000349,-0.004054,0.001667
0.000346,-0.000055,0.004667
0.000343,-0.002055,-0.005333
-0.000660,-0.001056,0.001667
0.000337,-0.004056,0.001667
0.001335,-0.003056,-0.001334
0.000332,-0.001057,0.007666
-0.001671,-0.000057,-0.001334
-0.000674,-0.001057,-0.003334
-0.001677,-0.001058,0.001666
-0.001680,-0.000058,-0.002335
-0.000683,-0.001059,-0.000335
-0.000686,-0.003059,0.005665
0.000311,-0.005059,-0.001335
0.000308,-0.001060,-0.000335
-0.002694,-0.000060,0.001664
-0.000697,-0.001061,-0.002336
-0.000700,-0.001061,-0.003336
0.001297,-0.000061,0.000664
0.001294,-0.001062,-0.006337
0.001291,-0.003062,0.003663
-0.000712,-0.002062,0.001663
0.000285,-0.000063,-0.006337
0.003282,-0.001063,-0.000337
0.001279,-0.002064,0.001662
0.003276,-0.003064,-0.002338
-0.166726,-0.132064,0.316662
-0.165729,-0.131065,0.327662
-0.162732,-0.126065,0.323662
-0.159735,-0.123065,0.318661
-0.157738,-0.122066,0.314661
-0.157741,-0.123066,0.299661
-0.153744,-0.119067,0.310661
-0.151747,-0.120067,0.305661
-0.152750,-0.117067,0.289660
-0.150753,-0.116068,0.298660
-0.148755,-0.113068,0.296660
-0.146758,-0.116068,0.289660
-0.146761,-0.113069,0.285659
-0.146764,-0.112069,0.287659
-0.145767,-0.112070,0.287659
-0.145770,-0.111070,0.287659
-0.143773,-0.111070,0.278659
-0.144776,-0.110071,0.282658
-0.143779,-0.110071,0.285658
-0.142782,-0.108071,0.272658
-0.142785,-0.106072,0.285658
-0.140787,-0.110072,0.288658
-0.140790,-0.107073,0.279657
-0.142793,-0.108073,0.275657
-0.141796,-0.107073,0.279657
-0.140799,-0.107074,0.277657
-0.141802,-0.107074,0.276657
-0.140805,-0.103075,0.272656
-0.138808,-0.104075,0.264656
-0.139811,-0.104075,0.278656
-0.139814,-0.106076,0.270656
-0.136816,-0.105076,0.265655
-0.137819,-0.103076,0.263655
-0.137822,-0.102077,0.273655
-0.137825,-0.102077,0.269655
-0.139828,-0.104078,0.267655
-0.136831,-0.102078,0.267654
-0.135834,-0.102078,0.264654
-0.135837,-0.101079,0.275654
-0.135840,-0.103079,0.260654
-0.137843,-0.104079,0.257654
-0.136845,-0.101080,0.269653
-0.137848,-0.099080,0.264653
-0.136851,-0.102081,0.264653
-0.135854,-0.100081,0.275653
-0.136857,-0.097081,0.261653
-0.134860,-0.100082,0.256652
-0.133863,-0.100082,0.267652
-0.134866,-0.098082,0.259652
-0.133869,-0.098083,0.261652
-0.133872,-0.100083,0.265651
-0.134875,-0.100084,0.261651
-0.134877,-0.100084,0.265651
-0.133880,-0.100084,0.266651
-0.131883,-0.097085,0.258651
-0.132886,-0.097085,0.265650
-0.132889,-0.101086,0.259650
-0.133892,-0.099086,0.250650
-0.133895,-0.098086,0.261650
-0.133898,-0.100087,0.264650
-0.132901,-0.098087,0.253649
-0.133904,-0.096087,0.264649
-0.132906,-0.097088,0.262649
-0.132909,-0.097088,0.253649
-0.132912,-0.097089,0.257649
-0.132915,-0.097089,0.256648
-0.132918,-0.097089,0.260648
-0.130921,-0.095090,0.261648
-0.131924,-0.097090,0.251648
-0.133927,-0.097090,0.253647
-0.132930,-0.096091,0.259647
-0.132933,-0.097091,0.257647
-0.131936,-0.095092,0.249647
-0.132938,-0.094092,0.261647
-0.131941,-0.096092,0.257646
-0.131944,-0.096093,0.256646
-0.131947,-0.095093,0.259646
-0.129950,-0.095093,0.249646
-0.130953,-0.096094,0.255646
-0.130956,-0.098094,0.255645
-0.130959,-0.098095,0.249645
-0.131962,-0.097095,0.255645
-0.130965,-0.096095,0.259645
-0.131967,-0.094096,0.250645
-0.129970,-0.096096,0.255644
-0.131973,-0.096096,0.262644
-0.131976,-0.095097,0.254644
-0.131979,-0.095097,0.256644
-0.131982,-0.094098,0.249643
-0.132985,-0.096098,0.246643
-0.132988,-0.096098,0.260643
-0.130991,-0.096099,0.255643
-0.129994,-0.096099,0.247643
-0.129997,-0.095100,0.256642
-0.131999,-0.096100,0.261642
-0.131002,-0.097100,0.252642
-0.132005,-0.100101,0.255642
-0.130008,-0.100101,0.251642
-0.131011,-0.097101,0.252641
-0.131014,-0.099102,0.256641
-0.133017,-0.095102,0.253641
-0.130020,-0.100103,0.254641
-0.131023,-0.098103,0.253641
-0.132026,-0.097103,0.253640
-0.131028,-0.097104,0.252640
-0.132031,-0.097104,0.252640
-0.132034,-0.098104,0.247640
-0.131037,-0.097105,0.251639
-0.130040,-0.097105,0.256639
-0.132043,-0.096106,0.242639
-0.132046,-0.097106,0.256639
-0.130049,-0.098106,0.259639
-0.130052,-0.096107,0.243638
-0.131055,-0.097107,0.246638
-0.131057,-0.097107,0.248638
-0.133060,-0.096108,0.257638
-0.130063,-0.096108,0.250638
-0.130066,-0.098109,0.247637
-0.132069,-0.097109,0.247637
-0.133072,-0.098109,0.259637
-0.132075,-0.094110,0.243637
-0.131078,-0.097110,0.246637
-0.133081,-0.095111,0.251636
-0.132084,-0.096111,0.248636
-0.132087,-0.094111,0.240636
-0.134089,-0.095112,0.261636
-0.131092,-0.096112,0.259635
-0.132095,-0.096112,0.238635
-0.132098,-0.095113,0.251635
-0.132101,-0.098113,0.256635
-0.134104,-0.096114,0.249635
-0.130107,-0.095114,0.264634
-0.134110,-0.095114,0.245634
-0.132113,-0.094115,0.249634
-0.132116,-0.094115,0.254634
-0.133118,-0.094115,0.253634
-0.133121,-0.094116,0.243633
-0.133124,-0.095116,0.250633
-0.132127,-0.094117,0.252633
-0.133130,-0.098117,0.260633
-0.132133,-0.095117,0.249633
-0.134136,-0.093118,0.243632
-0.132139,-0.096118,0.254632
-0.132142,-0.097118,0.251632
-0.131145,-0.098119,0.249632
-0.132148,-0.099119,0.250631
-0.134150,-0.096120,0.249631
-0.130153,-0.096120,0.248631
-0.131156,-0.095120,0.251631
-0.133159,-0.095121,0.259631
-0.130162,-0.097121,0.241630
-0.130165,-0.096121,0.252630
-0.134168,-0.097122,0.255630
-0.131171,-0.095122,0.241630
-0.131174,-0.097123,0.250630
-0.132177,-0.099123,0.254629
-0.134179,-0.096123,0.243629
-0.129182,-0.099124,0.259629
-0.133185,-0.097124,0.243629
-0.130188,-0.094125,0.246629
-0.132191,-0.097125,0.257628
-0.133194,-0.095125,0.246628
-0.133197,-0.096126,0.253628
-0.131200,-0.097126,0.248628
-0.130203,-0.095126,0.247627
-0.132206,-0.094127,0.250627
-0.131208,-0.097127,0.249627
-0.130211,-0.096128,0.247627
-0.131214,-0.097128,0.248627
-0.131217,-0.096128,0.256626
-0.131220,-0.096129,0.239626
-0.129223,-0.096129,0.253626
-0.132226,-0.095129,0.257626
-0.130229,-0.094130,0.247626
-0.130232,-0.094130,0.249625
-0.131235,-0.095131,0.250625
-0.130238,-0.092131,0.241625
-0.130240,-0.094131,0.250625
-0.129243,-0.096132,0.247625
-0.132246,-0.094132,0.247624
-0.132249,-0.095132,0.258624
-0.130252,-0.096133,0.240624
-0.132255,-0.095133,0.241624
-0.129258,-0.095134,0.265623
-0.131261,-0.096134,0.241623
-0.133264,-0.095134,0.241623
-0.132267,-0.093135,0.251623
-0.130269,-0.095135,0.247623
-0.130272,-0.094135,0.246622
-0.130275,-0.094136,0.253622
-0.132278,-0.094136,0.243622
-0.130281,-0.095137,0.240622
-0.130284,-0.093137,0.256622
-0.129287,-0.093137,0.243621
-0.132290,-0.092138,0.240621
-0.132293,-0.093138,0.255621
-0.130296,-0.096139,0.245621
-0.130299,-0.095139,0.245621
-0.130301,-0.095139,0.253620
-0.131304,-0.094140,0.241620
-0.128307,-0.094140,0.241620
-0.130310,-0.093140,0.257620
-0.131313,-0.095141,0.242619
-0.131316,-0.092141,0.242619
-0.132319,-0.095142,0.254619
-0.131322,-0.094142,0.242619
-0.132325,-0.094142,0.245619
-0.130328,-0.095143,0.259618
-0.130330,-0.094143,0.238618
-0.130333,-0.091143,0.242618
-0.131336,-0.093144,0.258618
-0.131339,-0.092144,0.248618
-0.129342,-0.091145,0.243617
-0.130345,-0.092145,0.253617
-0.132348,-0.094145,0.246617
-0.129351,-0.092146,0.243617
-0.131354,-0.093146,0.249617
-0.130357,-0.094146,0.239616
-0.129360,-0.094147,0.242616
-0.131362,-0.094147,0.253616
-0.130365,-0.093148,0.244616
-0.130368,-0.094148,0.248615
-0.128371,-0.092148,0.249615
-0.130374,-0.091149,0.239615
-0.130377,-0.090149,0.242615
-0.128380,-0.090150,0.249615
-0.128383,-0.092150,0.241614
-0.130386,-0.091150,0.248614
-0.129389,-0.092151,0.251614
-0.130391,-0.091151,0.235614
-0.132394,-0.091151,0.251614
-0.130397,-0.093152,0.246613
-0.131400,-0.094152,0.239613
-0.132403,-0.093153,0.249613
-0.129406,-0.093153,0.246613
-0.130409,-0.092153,0.243613
-0.129412,-0.093154,0.255612
-0.128415,-0.092154,0.243612
-0.130418,-0.093154,0.238612
-0.127420,-0.092155,0.254612
-0.129423,-0.092155,0.237611
-0.130426,-0.090156,0.241611
-0.130429,-0.094156,0.259611
-0.128432,-0.091156,0.239611
-0.131435,-0.094157,0.244611
-0.129438,-0.092157,0.247610
-0.131441,-0.092157,0.236610
-0.129444,-0.091158,0.245610
-0.129447,-0.092158,0.251610
-0.130450,-0.094159,0.234610
-0.132452,-0.091159,0.249609
-0.129455,-0.093159,0.259609
-0.131458,-0.093160,0.240609
-0.131461,-0.091160,0.245609
-0.129464,-0.092160,0.253609
-0.129467,-0.091161,0.239608
-0.132470,-0.091161,0.243608
-0.129473,-0.094162,0.251608
-0.128476,-0.092162,0.243608
-0.131479,-0.092162,0.250607
-0.128481,-0.092163,0.249607
-0.129484,-0.092163,0.237607
-0.128487,-0.091164,0.248607
-0.128490,-0.092164,0.251607
-0.131493,-0.091164,0.235606
-0.129496,-0.092165,0.252606
-0.128499,-0.093165,0.247606
-0.128502,-0.092165,0.237606
-0.129505,-0.091166,0.251606
-0.129508,-0.091166,0.242605
-0.129511,-0.091167,0.233605
-0.130513,-0.092167,0.256605
-0.130516,-0.093167,0.246605
-0.130519,-0.094168,0.233605
-0.129522,-0.094168,0.252604
-0.130525,-0.090168,0.243604
-0.128528,-0.089169,0.239604
-0.128531,-0.091169,0.253604
-0.128534,-0.089170,0.235603
-0.129537,-0.091170,0.239603
-0.129540,-0.092170,0.256603
-0.130542,-0.090171,0.233603
-0.129545,-0.091171,0.241603
-0.129548,-0.090171,0.251602
-0.129551,-0.091172,0.239602
-0.127554,-0.089172,0.241602
-0.130557,-0.092173,0.245602
-0.130560,-0.091173,0.241602
-0.129563,-0.090173,0.250601
-0.130566,-0.092174,0.248601
-0.132569,-0.090174,0.236601
-0.128571,-0.091174,0.248601
-0.129574,-0.090175,0.246601
-0.131577,-0.090175,0.235600
-0.128580,-0.093176,0.248600
-0.129583,-0.091176,0.241600
-0.128586,-0.091176,0.239600
-0.129589,-0.093177,0.253599
-0.129592,-0.094177,0.242599
-0.127595,-0.091178,0.236599
-0.131598,-0.091178,0.254599
-0.129601,-0.091178,0.241599
-0.129603,-0.092179,0.234598
-0.129606,-0.092179,0.253598
-0.130609,-0.091179,0.245598
-0.127612,-0.090180,0.239598
-0.128615,-0.092180,0.257598
-0.129618,-0.093181,0.238597
-0.131621,-0.090181,0.235597
-0.129624,-0.095181,0.255597
-0.129627,-0.095182,0.242597
-0.129630,-0.094182,0.240597
-0.128632,-0.093182,0.244596
-0.130635,-0.094183,0.239596
-0.130638,-0.092183,0.252596
-0.130641,-0.092184,0.247596
-0.132644,-0.092184,0.236595
-0.131647,-0.092184,0.244595
-0.131650,-0.092185,0.250595
-0.129653,-0.091185,0.241595
-0.130656,-0.093185,0.244595
-0.129659,-0.089186,0.237594
-0.131662,-0.094186,0.244594
-0.129664,-0.093187,0.247594
-0.130667,-0.094187,0.242594
-0.129670,-0.091187,0.243594
-0.129673,-0.091188,0.245593
-0.130676,-0.090188,0.252593
-0.131679,-0.093189,0.245593
-0.131682,-0.093189,0.239593
-0.130685,-0.090189,0.242592
-0.128688,-0.092190,0.251592
-0.128691,-0.091190,0.236592
-0.132693,-0.091190,0.240592
-0.129696,-0.094191,0.249592
-0.129699,-0.094191,0.245591
-0.129702,-0.094192,0.243591
-0.128705,-0.094192,0.243591
-0.129708,-0.094192,0.243591
-0.129711,-0.092193,0.243591
-0.130714,-0.090193,0.245590
-0.129717,-0.093193,0.243590
-0.128720,-0.092194,0.239590
-0.129723,-0.094194,0.243590
-0.128725,-0.093195,0.245590
-0.129728,-0.093195,0.249589
-0.129731,-0.090195,0.232589
-0.128734,-0.091196,0.247589
-0.128737,-0.093196,0.246589
-0.128740,-0.090196,0.242588
-0.129743,-0.094197,0.247588
-0.128746,-0.093197,0.247588
-0.128749,-0.094198,0.241588
-0.128752,-0.093198,0.249588
-0.128754,-0.094198,0.242587
-0.130757,-0.094199,0.237587
-0.129760,-0.091199,0.251587
-0.130763,-0.093199,0.250587
-0.129766,-0.094200,0.237587
-0.128769,-0.092200,0.243586
-0.125772,-0.091201,0.247586
-0.127775,-0.091201,0.240586
-0.130778,-0.091201,0.238586
-0.129781,-0.092202,0.241586
-0.127783,-0.093202,0.255585
-0.126786,-0.093203,0.248585
-0.129789,-0.092203,0.233585
-0.127792,-0.093203,0.242585
-0.128795,-0.094204,0.250584
-0.128798,-0.094204,0.238584
-0.130801,-0.093204,0.247584
-0.129804,-0.094205,0.238584
-0.129807,-0.093205,0.238584
-0.128810,-0.093206,0.255583
-0.129813,-0.093206,0.242583
-0.130815,-0.093206,0.228583
-0.128818,-0.089207,0.248583
-0.128821,-0.091207,0.255583
-0.128824,-0.094207,0.228582
-0.128827,-0.092208,0.240582
-0.128830,-0.090208,0.257582
-0.128833,-0.092209,0.235582
-0.129836,-0.093209,0.243582
-0.130839,-0.094209,0.245581
-0.128842,-0.095210,0.235581
-0.126844,-0.093210,0.249581
-0.129847,-0.093210,0.249581
-0.129850,-0.091211,0.235580
-0.130853,-0.093211,0.248580
-0.129856,-0.094212,0.255580
-0.128859,-0.096212,0.243580
-0.129862,-0.092212,0.243580
-0.130865,-0.092213,0.242579
-0.130868,-0.090213,0.242579
-0.127871,-0.091213,0.253579
-0.127874,-0.091214,0.242579
-0.127876,-0.089214,0.239579
-0.129879,-0.093215,0.245578
-0.129882,-0.092215,0.245578
-0.128885,-0.093215,0.236578
-0.128888,-0.092216,0.242578
-0.129891,-0.094216,0.246578
-0.128894,-0.092217,0.240577
-0.130897,-0.091217,0.241577
-0.126900,-0.092217,0.252577
-0.128903,-0.091218,0.242577
-0.129905,-0.093218,0.247576
-0.128908,-0.093218,0.243576
-0.129911,-0.091219,0.236576
-0.129914,-0.092219,0.249576
-0.125917,-0.094220,0.245576
-0.127920,-0.092220,0.241575
-0.129923,-0.094220,0.240575
-0.127926,-0.094221,0.241575
-0.126929,-0.094221,0.243575
-0.129932,-0.091221,0.240575
-0.129934,-0.089222,0.236574
-0.126937,-0.092222,0.244574
-0.126940,-0.091223,0.245574
-0.128943,-0.091223,0.237574
-0.126946,-0.094223,0.252574
-0.128949,-0.094224,0.239573
-0.130952,-0.093224,0.244573
-0.129955,-0.092224,0.237573
-0.127958,-0.090225,0.246573
-0.126961,-0.092225,0.240572
-0.127964,-0.090226,0.247572
-0.128966,-0.089226,0.240572
-0.126969,-0.091226,0.240572
-0.126972,-0.091227,0.250572
-0.128975,-0.092227,0.237571
-0.127978,-0.093228,0.232571
-0.125981,-0.091228,0.253571
-0.127984,-0.093228,0.243571
-0.128987,-0.088229,0.238571
-0.125990,-0.091229,0.242570
-0.126993,-0.092229,0.243570
-0.127995,-0.090230,0.237570
-0.129998,-0.092230,0.248570
-0.128001,-0.092231,0.242570
-0.128004,-0.092231,0.229569
-0.127007,-0.090231,0.252569
-0.127010,-0.091232,0.250569
-0.126013,-0.090232,0.227569
-0.130016,-0.091232,0.232568
-0.130019,-0.092233,0.249568
-0.125022,-0.089233,0.244568
-0.127025,-0.092234,0.239568
-0.131027,-0.092234,0.247568
-0.128030,-0.092234,0.236567
-0.126033,-0.092235,0.247567
-0.129036,-0.090235,0.248567
-0.128039,-0.092235,0.231567
-0.130042,-0.090236,0.236567
-0.125045,-0.093236,0.248566
-0.126048,-0.093237,0.245566
-0.128051,-0.093237,0.237566
-0.128054,-0.093237,0.246566
-0.128056,-0.089238,0.246566
-0.128059,-0.091238,0.236565
-0.129062,-0.091238,0.241565
-0.128065,-0.092239,0.244565
-0.127068,-0.091239,0.242565
-0.128071,-0.091240,0.249564
-0.129074,-0.092240,0.241564
-0.128077,-0.093240,0.239564
-0.128080,-0.091241,0.245564
-0.128083,-0.092241,0.246564
-0.128086,-0.090242,0.243563
-0.125088,-0.091242,0.250563
-0.128091,-0.090242,0.247563
-0.126094,-0.093243,0.231563
-0.129097,-0.091243,0.236563
-0.130100,-0.094243,0.245562
-0.128103,-0.093244,0.244562
-0.127106,-0.089244,0.239562
-0.127109,-0.092245,0.245562
-0.129112,-0.092245,0.244562
-0.127115,-0.091245,0.240561
-0.128117,-0.092246,0.246561
-0.129120,-0.092246,0.239561
-0.128123,-0.094246,0.237561
-0.127126,-0.089247,0.252560
-0.129129,-0.092247,0.243560
-0.127132,-0.092248,0.233560
-0.126135,-0.092248,0.247560
-0.127138,-0.092248,0.243560
-0.127141,-0.091249,0.235559
-0.129144,-0.091249,0.244559
-0.128146,-0.094249,0.243559
-0.127149,-0.092250,0.235559
-0.128152,-0.094250,0.257559
-0.127155,-0.089251,0.245558
-0.127158,-0.091251,0.229558
-0.128161,-0.092251,0.249558
-0.127164,-0.093252,0.250558
-0.126167,-0.092252,0.237558
-0.127170,-0.091253,0.242557
-0.128173,-0.091253,0.247557
-0.129176,-0.091253,0.234557
-0.130178,-0.092254,0.358557
-0.294181,-0.231254,0.586556
-0.287184,-0.224254,0.557556
-0.283187,-0.217255,0.566556
-0.277190,-0.215255,0.552556
-0.274193,-0.213256,0.540556
-0.272196,-0.211256,0.544555
-0.270199,-0.208256,0.531555
-0.269202,-0.206257,0.523555
-0.266205,-0.206257,0.541555
-0.266207,-0.205257,0.524555
-0.264210,-0.203258,0.514554
-0.264213,-0.202258,0.530554
-0.263216,-0.200259,0.521554
-0.263219,-0.201259,0.511554
-0.261222,-0.200259,0.518554
-0.262225,-0.201260,0.506553
-0.259228,-0.198260,0.501553
-0.258231,-0.198260,0.523553
-0.258234,-0.199261,0.511553
-0.260237,-0.199261,0.488552
-0.256239,-0.196262,0.511552
-0.254242,-0.197262,0.519552
-0.256245,-0.195262,0.493552
-0.256248,-0.193263,0.498552
-0.255251,-0.195263,0.499551
-0.253254,-0.193263,0.499551
-0.252257,-0.192264,0.506551
-0.256260,-0.192264,0.490551
-0.253263,-0.191265,0.490551
-0.251266,-0.188265,0.508550
-0.250268,-0.192265,0.488550
-0.252271,-0.191266,0.483550
-0.253274,-0.189266,0.499550
-0.250277,-0.189267,0.496550
-0.250280,-0.188267,0.488549
-0.252283,-0.186267,0.493549
-0.250286,-0.187268,0.484549
-0.251289,-0.186268,0.488549
-0.248292,-0.188268,0.496548
-0.250295,-0.188269,0.486548
-0.250297,-0.188269,0.488548
-0.248300,-0.185270,0.499548
-0.248303,-0.187270,0.485548
-0.248306,-0.187270,0.487547
-0.246309,-0.186271,0.490547
-0.248312,-0.188271,0.479547
-0.247315,-0.184271,0.490547
-0.247318,-0.187272,0.487547
-0.247321,-0.184272,0.472546
-0.247324,-0.185273,0.493546
-0.245327,-0.184273,0.485546
-0.246329,-0.186273,0.473546
-0.246332,-0.183274,0.488546
-0.248335,-0.186274,0.485545
-0.247338,-0.185274,0.477545
-0.246341,-0.184275,0.487545
-0.246344,-0.183275,0.481545
-0.248347,-0.184276,0.476544
-0.245350,-0.181276,0.488544
-0.244353,-0.187276,0.483544
-0.245356,-0.183277,0.476544
-0.245358,-0.183277,0.492544
-0.245361,-0.182277,0.486543
-0.243364,-0.183278,0.473543
-0.245367,-0.184278,0.481543
-0.244370,-0.181279,0.481543
-0.244373,-0.181279,0.485543
-0.245376,-0.185279,0.478542
-0.245379,-0.183280,0.475542
-0.243382,-0.185280,0.476542
-0.243385,-0.184281,0.477542
-0.246388,-0.181281,0.478542
-0.244390,-0.183281,0.474541
-0.243393,-0.186282,0.475541
-0.244396,-0.184282,0.480541
-0.242399,-0.185282,0.476541
-0.243402,-0.182283,0.483540
-0.244405,-0.182283,0.483540
-0.243408,-0.184284,0.473540
-0.244411,-0.184284,0.479540
-0.245414,-0.184284,0.482540
-0.243417,-0.183285,0.473539
-0.245419,-0.180285,0.481539
-0.243422,-0.180285,0.481539
-0.240425,-0.181286,0.471539
-0.244428,-0.180286,0.477539
-0.243431,-0.182287,0.473538
-0.244434,-0.182287,0.468538
-0.245437,-0.182287,0.485538
-0.242440,-0.184288,0.471538
-0.243443,-0.180288,0.469538
-0.244446,-0.180288,0.486537
-0.242449,-0.182289,0.478537
-0.242451,-0.180289,0.469537
-0.242454,-0.181290,0.481537
-0.242457,-0.182290,0.473536
-0.239460,-0.181290,0.468536
-0.241463,-0.181291,0.479536
-0.242466,-0.181291,0.476536
-0.242469,-0.182292,0.468536
-0.243472,-0.182292,0.478535
-0.240475,-0.180292,0.476535
-0.242478,-0.180293,0.467535
-0.242480,-0.181293,0.477535
-0.243483,-0.181293,0.476535
-0.240486,-0.182294,0.475534
-0.242489,-0.182294,0.469534
-0.242492,-0.180295,0.469534
-0.241495,-0.181295,0.472534
-0.239498,-0.182295,0.469534
-0.243501,-0.181296,0.470533
-0.244504,-0.178296,0.479533
-0.242507,-0.180296,0.473533
-0.241509,-0.180297,0.462533
-0.242512,-0.180297,0.477532
-0.239515,-0.181298,0.471532
-0.241518,-0.179298,0.461532
-0.240521,-0.180298,0.477532
-0.240524,-0.181299,0.480532
-0.241527,-0.181299,0.459531
-0.240530,-0.182299,0.469531
-0.239533,-0.181300,0.479531
-0.240536,-0.180300,0.461531
-0.240539,-0.179301,0.466531
-0.241541,-0.181301,0.480530
-0.240544,-0.180301,0.466530
-0.242547,-0.181302,0.465530
-0.240550,-0.179302,0.473530
-0.240553,-0.180302,0.467530
-0.240556,-0.179303,0.468529
-0.238559,-0.178303,0.476529
-0.240562,-0.177304,0.469529
-0.240565,-0.179304,0.465529
-0.242568,-0.178304,0.481528
-0.238570,-0.178305,0.471528
-0.239573,-0.178305,0.465528
-0.240576,-0.178306,0.466528
-0.241579,-0.179306,0.471528
-0.239582,-0.179306,0.470527
-0.240585,-0.177307,0.470527
-0.240588,-0.181307,0.471527
-0.241591,-0.179307,0.476527
-0.239594,-0.179308,0.465527
-0.242597,-0.178308,0.468526
-0.239600,-0.178309,0.471526
-0.236602,-0.180309,0.469526
-0.239605,-0.179309,0.467526
-0.239608,-0.180310,0.475526
-0.239611,-0.180310,0.469525
-0.239614,-0.177310,0.464525
-0.238617,-0.178311,0.478525
-0.238620,-0.178311,0.473525
-0.239623,-0.178312,0.465524
-0.238626,-0.176312,0.469524
-0.239629,-0.178312,0.471524
-0.240631,-0.178313,0.463524
-0.239634,-0.181313,0.470524
-0.239637,-0.181313,0.462523
-0.240640,-0.182314,0.464523
-0.239643,-0.181314,0.477523
-0.237646,-0.180315,0.468523
-0.237649,-0.179315,0.457523
-0.238652,-0.182315,0.470522
-0.238655,-0.181316,0.466522
-0.239658,-0.179316,0.460522
-0.240660,-0.180316,0.472522
-0.238663,-0.181317,0.459522
-0.239666,-0.180317,0.467521
-0.238669,-0.180318,0.471521
-0.239672,-0.180318,0.464521
-0.238675,-0.180318,0.461521
-0.239678,-0.181319,0.470520
-0.237681,-0.179319,0.467520
-0.239684,-0.179320,0.465520
-0.240687,-0.180320,0.467520
-0.240690,-0.178320,0.468520
-0.238692,-0.177321,0.463519
-0.236695,-0.177321,0.473519
-0.238698,-0.175321,0.463519
-0.240701,-0.180322,0.461519
-0.239704,-0.180322,0.471519
-0.236707,-0.179323,0.467518
-0.238710,-0.179323,0.462518
-0.239713,-0.178323,0.462518
-0.238716,-0.179324,0.466518
-0.238719,-0.178324,0.462518
-0.236721,-0.178324,0.465517
-0.238724,-0.178325,0.463517
-0.238727,-0.176325,0.465517
-0.238730,-0.177326,0.471517
-0.239733,-0.180326,0.467516
-0.238736,-0.179326,0.464516
-0.237739,-0.180327,0.466516
-0.238742,-0.180327,0.459516
-0.239745,-0.178327,0.464516
-0.239748,-0.179328,0.468515
-0.238751,-0.182328,0.463515
-0.238753,-0.181329,0.465515
-0.237756,-0.179329,0.467515
-0.236759,-0.177329,0.458515
-0.237762,-0.179330,0.460514
-0.238765,-0.176330,0.469514
-0.237768,-0.178331,0.458514
-0.236771,-0.177331,0.463514
-0.236774,-0.178331,0.469513
-0.237777,-0.179332,0.465513
-0.237780,-0.179332,0.461513
-0.235782,-0.177332,0.464513
-0.238785,-0.178333,0.463513
-0.236788,-0.176333,0.466512
-0.236791,-0.179334,0.466512
-0.237794,-0.179334,0.461512
-0.237797,-0.179334,0.471512
-0.235800,-0.179335,0.461512
-0.237803,-0.179335,0.460511
-0.236806,-0.180335,0.460511
-0.237809,-0.180336,0.463511
-0.238812,-0.176336,0.458511
-0.238814,-0.176337,0.463511
-0.236817,-0.178337,0.467510
-0.235820,-0.176337,0.455510
-0.235823,-0.177338,0.460510
-0.238826,-0.175338,0.468510
-0.235829,-0.178338,0.459509
-0.236832,-0.178339,0.459509
-0.236835,-0.179339,0.465509
-0.235838,-0.178340,0.464509
-0.236841,-0.176340,0.462509
-0.235843,-0.178340,0.461508
-0.237846,-0.176341,0.457508
-0.237849,-0.179341,0.463508
-0.232852,-0.178341,0.465508
-0.236855,-0.178342,0.458508
-0.237858,-0.174342,0.465507
-0.234861,-0.174343,0.465507
-0.236864,-0.175343,0.459507
-0.236867,-0.179343,0.464507
-0.236870,-0.179344,0.466507
-0.236872,-0.177344,0.455506
-0.236875,-0.178345,0.462506
-0.235878,-0.177345,0.465506
-0.235881,-0.176345,0.460506
-0.234884,-0.176346,0.464505
-0.237887,-0.174346,0.465505
-0.236890,-0.177346,0.461505
-0.237893,-0.178347,0.461505
-0.236896,-0.179347,0.467505
-0.237899,-0.178348,0.458504
-0.237902,-0.176348,0.462504
-0.236904,-0.177348,0.462504
-0.236907,-0.177349,0.457504
-0.237910,-0.176349,0.462504
-0.236913,-0.176349,0.466503
-0.236916,-0.175350,0.457503
-0.238919,-0.177350,0.461503
-0.236922,-0.179351,0.466503
-0.235925,-0.179351,0.457503
-0.236928,-0.177351,0.463502
-0.236931,-0.179352,0.461502
-0.237933,-0.176352,0.459502
-0.236936,-0.177352,0.466502
-0.234939,-0.176353,0.467501
-0.235942,-0.176353,0.454501
-0.235945,-0.181354,0.465501
-0.235948,-0.179354,0.463501
-0.236951,-0.180354,0.459501
-0.238954,-0.178355,0.464500
-0.238957,-0.180355,0.461500
-0.236960,-0.177355,0.458500
-0.236963,-0.176356,0.467500
-0.234965,-0.177356,0.459500
-0.233968,-0.177357,0.456499
-0.236971,-0.177357,0.464499
-0.236974,-0.177357,0.463499
-0.234977,-0.178358,0.453499
-0.236980,-0.176358,0.466499
-0.236983,-0.177359,0.461498
-0.234986,-0.177359,0.458498
-0.234989,-0.179359,0.461498
-0.234992,-0.177360,0.465498
-0.236994,-0.180360,0.461497
-0.235997,-0.179360,0.463497
-0.235000,-0.179361,0.457497
-0.237003,-0.179361,0.452497
-0.239006,-0.177362,0.457497
-0.238009,-0.178362,0.455496
-0.235012,-0.178362,0.460496
-0.234015,-0.177363,0.469496
-0.237018,-0.177363,0.457496
-0.237021,-0.179363,0.452496
-0.236023,-0.179364,0.465495
-0.237026,-0.179364,0.461495
-0.236029,-0.176365,0.457495
-0.236032,-0.179365,0.465495
-0.235035,-0.179365,0.461495
-0.237038,-0.179366,0.457494
-0.236041,-0.178366,0.467494
-0.235044,-0.179366,0.455494
-0.234047,-0.177367,0.463494
-0.236050,-0.177367,0.466493
-0.234053,-0.178368,0.461493
-0.233055,-0.177368,0.462493
-0.236058,-0.180368,0.470493
-0.237061,-0.180369,0.459493
-0.236064,-0.178369,0.456492
-0.236067,-0.181370,0.464492
-0.235070,-0.178370,0.459492
-0.235073,-0.177370,0.457492
-0.237076,-0.176371,0.460492
-0.235079,-0.177371,0.459491
-0.234082,-0.179371,0.463491
-0.236084,-0.179372,0.462491
-0.237087,-0.179372,0.458491
-0.236090,-0.177373,0.457491
-0.235093,-0.179373,0.459490
-0.233096,-0.175373,0.459490
-0.234099,-0.177374,0.460490
-0.235102,-0.176374,0.463490
-0.237105,-0.177374,0.456489
-0.237108,-0.176375,0.463489
-0.236111,-0.176375,0.467489
-0.236114,-0.175376,0.450489
-0.236116,-0.176376,0.459489
-0.234119,-0.177376,0.469488
-0.235122,-0.176377,0.454488
-0.236125,-0.176377,0.456488
-0.235128,-0.178377,0.463488
-0.237131,-0.177378,0.453488
-0.235134,-0.176378,0.457487
-0.235137,-0.175379,0.461487
-0.237140,-0.179379,0.455487
-0.237143,-0.176379,0.458487
-0.236145,-0.178380,0.466487
-0.235148,-0.176380,0.453486
-0.237151,-0.175380,0.457486
-0.236154,-0.176381,0.469486
-0.236157,-0.179381,0.455486
-0.236160,-0.177382,0.451485
-0.237163,-0.180382,0.464485
-0.237166,-0.177382,0.457485
-0.238169,-0.175383,0.461485
-0.236172,-0.177383,0.467485
-0.236175,-0.177384,0.457484
-0.236177,-0.177384,0.453484
-0.236180,-0.177384,0.467484
-0.237183,-0.175385,0.459484
-0.236186,-0.175385,0.457484
-0.236189,-0.176385,0.467483
-0.235192,-0.179386,0.467483
-0.235195,-0.177386,0.454483
-0.237198,-0.177387,0.465483
-0.236201,-0.173387,0.461483
-0.236204,-0.175387,0.454482
-0.235206,-0.176388,0.465482
-0.235209,-0.178388,0.457482
-0.235212,-0.176388,0.458482
-0.237215,-0.177389,0.464481
-0.236218,-0.175389,0.464481
-0.235221,-0.177390,0.455481
-0.236224,-0.177390,0.465481
-0.235227,-0.175390,0.458481
-0.235230,-0.175391,0.457480
-0.235233,-0.175391,0.466480
-0.236235,-0.178391,0.465480
-0.237238,-0.177392,0.453480
-0.236241,-0.176392,0.467480
-0.234244,-0.175393,0.461479
-0.237247,-0.176393,0.460479
-0.237250,-0.179393,0.465479
-0.237253,-0.177394,0.463479
-0.236256,-0.178394,0.460479
-0.235259,-0.175395,0.463478
-0.232262,-0.175395,0.460478
-0.235265,-0.177395,0.458478
-0.235267,-0.177396,0.460478
-0.237270,-0.175396,0.465477
-0.234273,-0.176396,0.462477
-0.237276,-0.177397,0.457477
-0.235279,-0.176397,0.464477
-0.237282,-0.177398,0.464477
-0.237285,-0.178398,0.459476
-0.236288,-0.177398,0.457476
-0.235291,-0.175399,0.467476
-0.236294,-0.174399,0.464476
-0.236296,-0.175399,0.458476
-0.233299,-0.179400,0.457475
-0.236302,-0.176400,0.465475
-0.235305,-0.180401,0.459475
-0.235308,-0.177401,0.462475
-0.237311,-0.177401,0.459475
-0.236314,-0.177402,0.457474
-0.237317,-0.179402,0.463474
-0.236320,-0.178402,0.465474
-0.236323,-0.178403,0.452474
-0.237326,-0.178403,0.460473
-0.235328,-0.176404,0.467473
-0.235331,-0.178404,0.458473
-0.235334,-0.179404,0.458473
-0.236337,-0.178405,0.467473
-0.237340,-0.177405,0.458472
-0.235343,-0.175405,0.459472
-0.236346,-0.179406,0.455472
-0.235349,-0.178406,0.457472
-0.235352,-0.178407,0.465472
-0.236355,-0.179407,0.461471
-0.237357,-0.176407,0.455471
-0.237360,-0.179408,0.462471
-0.237363,-0.178408,0.461471
-0.235366,-0.177409,0.455471
-0.237369,-0.177409,0.459470
-0.237372,-0.180409,0.457470
-0.234375,-0.176410,0.455470
-0.235378,-0.177410,0.461470
-0.237381,-0.180410,0.466469
-0.236384,-0.177411,0.453469
-0.236386,-0.178411,0.465469
-0.235389,-0.176412,0.465469
-0.236392,-0.177412,0.455469
-0.236395,-0.177412,0.459468
-0.236398,-0.178413,0.463468
-0.235401,-0.177413,0.460468
-0.235404,-0.178413,0.461468
-0.238407,-0.177414,0.464468
-0.236410,-0.175414,0.457467
-0.235413,-0.175415,0.462467
-0.236416,-0.178415,0.464467
-0.234418,-0.178415,0.452467
-0.235421,-0.178416,0.462467
-0.233424,-0.176416,0.469466
-0.236427,-0.176416,0.455466
-0.238430,-0.175417,0.461466
-0.236433,-0.179417,0.469466
-0.236436,-0.178418,0.457465
-0.236439,-0.174418,0.459465
-0.236442,-0.177418,0.460465
-0.237445,-0.177419,0.459465
-0.237447,-0.179419,0.465465
-0.233450,-0.180419,0.459464
-0.235453,-0.178420,0.453464
-0.236456,-0.175420,0.464464
-0.236459,-0.176421,0.461464
-0.236462,-0.176421,0.456464
-0.236465,-0.177421,0.461463
-0.234468,-0.176422,0.464463
-0.233471,-0.175422,0.457463
-0.233474,-0.175423,0.463463
-0.236477,-0.177423,0.460463
-0.236479,-0.180423,0.451462
-0.235482,-0.176424,0.456462
-0.233485,-0.175424,0.471462
-0.233488,-0.180424,0.453462
-0.235491,-0.176425,0.461461
-0.233494,-0.176425,0.465461
-0.236497,-0.177426,0.463461
-0.234500,-0.178426,0.462461
-0.235503,-0.176426,0.458461
-0.233506,-0.178427,0.452460
-0.236508,-0.178427,0.467460
-0.233511,-0.180427,0.465460
-0.236514,-0.176428,0.457460
-0.236517,-0.175428,0.458460
-0.236520,-0.177429,0.461459
-0.233523,-0.177429,0.455459
-0.233526,-0.179429,0.465459
-0.235529,-0.175430,0.463459
-0.235532,-0.173430,0.459459
-0.234535,-0.177430,0.457458
-0.234538,-0.180431,0.462458
-0.236540,-0.179431,0.455458
-0.235543,-0.175432,0.465458
-0.232546,-0.178432,0.463457
-0.236549,-0.177432,0.445457
-0.236552,-0.177433,0.463457
-0.236555,-0.176433,0.469457
-0.236558,-0.177434,0.455457
-0.235561,-0.178434,0.464456
-0.234564,-0.177434,0.466456
-0.233567,-0.177435,0.453456
-0.232569,-0.176435,0.463456
-0.236572,-0.176435,0.465456
-0.235575,-0.175436,0.455455
-0.236578,-0.175436,0.463455
-0.236581,-0.176437,0.464455
-0.236584,-0.176437,0.454455
-0.233587,-0.177437,0.465455
-0.233590,-0.174438,0.459454
-0.236593,-0.178438,0.453454
-0.236596,-0.177438,0.462454
-0.234598,-0.176439,0.461454
-0.234601,-0.179439,0.453453
-0.235604,-0.178440,0.465453
-0.237607,-0.175440,0.457453
-0.233610,-0.178440,0.455453
-0.234613,-0.176441,0.457453
-0.233616,-0.179441,0.457452
-0.233619,-0.176441,0.456452
-0.235622,-0.174442,0.464452
-0.236625,-0.177442,0.460452
-0.236628,-0.176443,0.455452
-0.238630,-0.181443,0.467451
-0.269633,-0.205443,0.659451
-0.404636,-0.322444,0.804451
-0.391639,-0.311444,0.789451
-0.387642,-0.308444,0.781451
-0.383645,-0.300445,0.752450
-0.378648,-0.297445,0.759450
-0.376651,-0.296446,0.755450
-0.373654,-0.292446,0.743450
-0.372657,-0.291446,0.739449
-0.370659,-0.289447,0.743449
-0.367662,-0.288447,0.737449
-0.367665,-0.286448,0.735449
-0.364668,-0.285448,0.729449
-0.363671,-0.283448,0.722448
-0.362674,-0.285449,0.726448
-0.361677,-0.283449,0.725448
-0.359680,-0.281449,0.711448
-0.360683,-0.280450,0.720448
-0.357686,-0.279450,0.719447
-0.357689,-0.277451,0.711447
-0.356691,-0.279451,0.713447
-0.355694,-0.279451,0.712447
-0.354697,-0.276452,0.706447
-0.352700,-0.276452,0.710446
-0.353703,-0.276452,0.707446
-0.352706,-0.275453,0.703446
-0.350709,-0.275453,0.701446
-0.352712,-0.273454,0.704445
-0.352715,-0.276454,0.697445
-0.350718,-0.274454,0.700445
-0.350720,-0.275455,0.699445
-0.351723,-0.274455,0.690445
-0.349726,-0.274455,0.697444
-0.349729,-0.272456,0.699444
-0.349732,-0.274456,0.685444
-0.347735,-0.274457,0.694444
-0.346738,-0.273457,0.699444
-0.346741,-0.273457,0.689443
-0.347744,-0.270458,0.690443
-0.345747,-0.270458,0.696443
-0.346749,-0.271458,0.687443
-0.345752,-0.270459,0.690443
-0.344755,-0.269459,0.691442
-0.342758,-0.269460,0.687442
-0.342761,-0.270460,0.694442
-0.342764,-0.268460,0.692442
-0.341767,-0.270461,0.681441
-0.342770,-0.269461,0.681441
-0.342773,-0.269462,0.694441
-0.339776,-0.272462,0.687441
-0.341779,-0.268462,0.682441
-0.340781,-0.270463,0.679440
-0.338784,-0.269463,0.685440
-0.337787,-0.268463,0.684440
-0.340790,-0.265464,0.680440
-0.340793,-0.267464,0.676440
-0.338796,-0.269465,0.686439
-0.339799,-0.269465,0.678439
-0.337802,-0.269465,0.673439
-0.339805,-0.270466,0.677439
-0.337808,-0.266466,0.683439
-0.336810,-0.267466,0.675438
-0.337813,-0.266467,0.677438
-0.337816,-0.266467,0.679438
-0.336819,-0.265468,0.673438
-0.336822,-0.268468,0.679437
-0.337825,-0.268468,0.675437
-0.338828,-0.265469,0.667437
-0.336831,-0.268469,0.680437
-0.334834,-0.267469,0.678437
-0.335837,-0.265470,0.664436
-0.335840,-0.264470,0.675436
-0.334842,-0.263471,0.670436
-0.335845,-0.263471,0.671436
-0.332848,-0.265471,0.675436
-0.334851,-0.265472,0.672435
-0.331854,-0.264472,0.669435
-0.330857,-0.263473,0.675435
-0.332860,-0.265473,0.675435
-0.334863,-0.264473,0.667434
-0.332866,-0.263474,0.673434
-0.332869,-0.265474,0.677434
-0.332871,-0.262474,0.672434
-0.333874,-0.265475,0.675434
-0.331877,-0.263475,0.674433
-0.331880,-0.263476,0.669433
-0.331883,-0.265476,0.666433
-0.331886,-0.263476,0.670433
-0.331889,-0.264477,0.668433
-0.329892,-0.264477,0.673432
-0.330895,-0.262477,0.671432
-0.332898,-0.263478,0.663432
-0.332901,-0.264478,0.664432
-0.332903,-0.262479,0.673432
-0.330906,-0.264479,0.669431
-0.332909,-0.264479,0.666431
-0.331912,-0.263480,0.668431
-0.332915,-0.261480,0.664431
-0.329918,-0.263480,0.668430
-0.329921,-0.263481,0.672430
-0.330924,-0.263481,0.663430
-0.328927,-0.264482,0.665430
-0.329930,-0.261482,0.673430
-0.328932,-0.265482,0.666429
-0.328935,-0.262483,0.658429
-0.330938,-0.260483,0.667429
-0.329941,-0.262483,0.665429
-0.329944,-0.262484,0.666429
-0.329947,-0.264484,0.668428
-0.326950,-0.264485,0.663428
-0.328953,-0.264485,0.662428
-0.328956,-0.260485,0.666428
-0.328959,-0.260486,0.659428
-0.326961,-0.260486,0.665427
-0.326964,-0.260487,0.671427
-0.329967,-0.260487,0.656427
-0.327970,-0.262487,0.657427
-0.327973,-0.260488,0.668426
-0.326976,-0.260488,0.660426
-0.329979,-0.260488,0.662426
-0.327982,-0.259489,0.662426
-0.327985,-0.262489,0.657426
-0.325988,-0.259490,0.667425
-0.326991,-0.260490,0.668425
-0.324993,-0.260490,0.658425
-0.325996,-0.258491,0.662425
-0.326999,-0.262491,0.665425
-0.327002,-0.259491,0.656424
-0.328005,-0.260492,0.659424
-0.325008,-0.263492,0.667424
-0.324011,-0.260493,0.654424
-0.327014,-0.260493,0.660424
-0.328017,-0.259493,0.665423
-0.326020,-0.259494,0.655423
-0.328022,-0.258494,0.663423
-0.325025,-0.262494,0.664423
-0.327028,-0.261495,0.653422
-0.327031,-0.258495,0.654422
-0.325034,-0.261496,0.670422
-0.326037,-0.259496,0.658422
-0.324040,-0.260496,0.658422
-0.327043,-0.256497,0.662421
-0.326046,-0.259497,0.658421
-0.324049,-0.261497,0.654421
-0.325052,-0.260498,0.660421
-0.326054,-0.260498,0.658421
-0.323057,-0.258499,0.662420
-0.323060,-0.258499,0.664420
-0.325063,-0.261499,0.662420
-0.325066,-0.260500,0.652420
-0.326069,-0.260500,0.661420
-0.324072,-0.257501,0.663419
-0.326075,-0.257501,0.654419
-0.326078,-0.257501,0.664419
-0.326081,-0.259502,0.655419
-0.324083,-0.257502,0.654418
-0.326086,-0.258502,0.663418
-0.324089,-0.257503,0.652418
-0.327092,-0.260503,0.651418
-0.324095,-0.258504,0.664418
-0.322098,-0.259504,0.662417
-0.324101,-0.257504,0.644417
-0.325104,-0.256505,0.657417
-0.324107,-0.258505,0.666417
-0.324110,-0.257505,0.651417
-0.326112,-0.257506,0.657416
-0.325115,-0.257506,0.656416
-0.324118,-0.259507,0.650416
-0.325121,-0.258507,0.656416
-0.325124,-0.256507,0.651416
-0.326127,-0.257508,0.648415
-0.323130,-0.257508,0.660415
-0.324133,-0.255508,0.660415
-0.326136,-0.257509,0.647415
-0.325139,-0.255509,0.653414
-0.325142,-0.256510,0.664414
-0.324144,-0.253510,0.655414
-0.325147,-0.256510,0.652414
-0.327150,-0.256511,0.651414
-0.325153,-0.258511,0.652413
-0.325156,-0.258512,0.659413
-0.327159,-0.259512,0.650413
-0.328162,-0.255512,0.644413
-0.328165,-0.255513,0.658413
-0.327168,-0.255513,0.656412
-0.327171,-0.255513,0.647412
-0.328173,-0.256514,0.656412
-0.325176,-0.254514,0.650412
-0.327179,-0.256515,0.648412
-0.327182,-0.258515,0.658411
-0.325185,-0.258515,0.655411
-0.327188,-0.257516,0.647411
-0.327191,-0.254516,0.660411
-0.327194,-0.259516,0.657410
-0.325197,-0.256517,0.647410
-0.326200,-0.257517,0.652410
-0.325203,-0.258518,0.656410
-0.324205,-0.255518,0.651410
-0.325208,-0.256518,0.652409
-0.326211,-0.255519,0.658409
-0.325214,-0.257519,0.648409
-0.324217,-0.254519,0.653409
-0.324220,-0.257520,0.660409
-0.323223,-0.256520,0.652408
-0.327226,-0.259521,0.656408
-0.328229,-0.258521,0.660408
-0.326232,-0.256521,0.652408
-0.324234,-0.256522,0.659408
-0.326237,-0.257522,0.655407
-0.325240,-0.257522,0.651407
-0.324243,-0.254523,0.654407
-0.324246,-0.255523,0.662407
-0.325249,-0.253524,0.648406
-0.322252,-0.254524,0.659406
-0.322255,-0.256524,0.659406
-0.324258,-0.257525,0.649406
-0.323261,-0.256525,0.656406
-0.324264,-0.256526,0.656405
-0.323266,-0.255526,0.652405
-0.324269,-0.255526,0.657405
-0.326272,-0.255527,0.658405
-0.323275,-0.254527,0.649405
-0.323278,-0.255527,0.654404
-0.324281,-0.255528,0.664404
-0.323284,-0.255528,0.652404
-0.321287,-0.257529,0.652404
-0.324290,-0.257529,0.660404
-0.323293,-0.255529,0.646403
-0.324295,-0.256530,0.652403
-0.324298,-0.255530,0.661403
-0.321301,-0.255530,0.648403
-0.322304,-0.254531,0.652402
-0.322307,-0.252531,0.660402
-0.321310,-0.256532,0.643402
-0.321313,-0.255532,0.646402
-0.322316,-0.254532,0.655402
-0.323319,-0.256533,0.645401
-0.321322,-0.255533,0.658401
-0.320324,-0.254533,0.653401
-0.321327,-0.257534,0.640401
-0.322330,-0.251534,0.650401
-0.323333,-0.254535,0.661400
-0.323336,-0.255535,0.644400
-0.322339,-0.254535,0.646400
-0.322342,-0.253536,0.655400
-0.322345,-0.256536,0.646400
-0.321348,-0.255537,0.643399
-0.320351,-0.252537,0.656399
-0.321354,-0.253537,0.652399
-0.322356,-0.253538,0.654399
-0.320359,-0.255538,0.654398
-0.322362,-0.254538,0.643398
-0.321365,-0.251539,0.646398
-0.320368,-0.252539,0.656398
-0.320371,-0.254540,0.647398
-0.322374,-0.252540,0.647397
-0.321377,-0.251540,0.654397
-0.320380,-0.252541,0.652397
-0.320383,-0.253541,0.648397
-0.323385,-0.254541,0.654397
-0.321388,-0.254542,0.642396
-0.320391,-0.253542,0.647396
-0.321394,-0.253543,0.653396
-0.319397,-0.253543,0.651396
-0.320400,-0.254543,0.639396
-0.320403,-0.250544,0.654395
-0.319406,-0.252544,0.649395
-0.322409,-0.252544,0.634395
-0.322412,-0.251545,0.655395
-0.321415,-0.252545,0.657394
-0.319417,-0.250546,0.639394
-0.320420,-0.252546,0.648394
-0.320423,-0.254546,0.652394
-0.319426,-0.251547,0.637394
-0.319429,-0.253547,0.653393
-0.318432,-0.253547,0.648393
-0.320435,-0.255548,0.635393
-0.320438,-0.251548,0.650393
-0.320441,-0.254549,0.647393
-0.323444,-0.251549,0.640392
-0.321446,-0.250549,0.650392
-0.320449,-0.255550,0.649392
-0.320452,-0.251550,0.645392
-0.320455,-0.252551,0.648392
-0.320458,-0.252551,0.643391
-0.322461,-0.251551,0.646391
-0.320464,-0.252552,0.648391
-0.320467,-0.252552,0.640391
-0.320470,-0.252552,0.642390
-0.319473,-0.252553,0.652390
-0.319475,-0.252553,0.643390
-0.320478,-0.251554,0.642390
-0.321481,-0.251554,0.647390
-0.321484,-0.251554,0.646389
-0.320487,-0.253555,0.643389
-0.321490,-0.251555,0.646389
-0.320493,-0.252555,0.647389
-0.322496,-0.252556,0.636389
-0.319499,-0.250556,0.646388
-0.321502,-0.251557,0.648388
-0.322505,-0.250557,0.634388
-0.320507,-0.249557,0.644388
-0.320510,-0.252558,0.648388
-0.319513,-0.251558,0.630387
-0.319516,-0.251558,0.644387
-0.322519,-0.251559,0.649387
-0.320522,-0.254559,0.636387
-0.319525,-0.253560,0.644386
-0.320528,-0.251560,0.640386
-0.319531,-0.252560,0.638386
-0.320534,-0.251561,0.648386
-0.319536,-0.251561,0.648386
-0.320539,-0.251561,0.638385
-0.322542,-0.253562,0.642385
-0.320545,-0.251562,0.648385
-0.320548,-0.252563,0.643385
-0.321551,-0.252563,0.642385
-0.321554,-0.252563,0.649384
-0.322557,-0.253564,0.640384
-0.321560,-0.251564,0.647384
-0.323563,-0.252565,0.645384
-0.323566,-0.251565,0.644384
-0.321568,-0.251565,0.650383
-0.321571,-0.253566,0.650383
-0.323574,-0.252566,0.634383
-0.323577,-0.253566,0.644383
-0.321580,-0.250567,0.648382
-0.323583,-0.252567,0.642382
-0.323586,-0.251568,0.644382
-0.321589,-0.251568,0.646382
-0.320592,-0.251568,0.638382
-0.322595,-0.250569,0.648381
-0.322597,-0.249569,0.650381
-0.321600,-0.250569,0.646381
-0.322603,-0.250570,0.644381
-0.321606,-0.250570,0.648381
-0.321609,-0.251571,0.641380
-0.322612,-0.250571,0.640380
-0.319615,-0.251571,0.653380
-0.322618,-0.250572,0.640380
-0.322621,-0.250572,0.637380
-0.321624,-0.249572,0.650379
-0.319627,-0.251573,0.636379
-0.322629,-0.249573,0.636379
-0.320632,-0.249574,0.651379
-0.318635,-0.249574,0.646378
-0.321638,-0.249574,0.638378
-0.321641,-0.250575,0.654378
-0.321644,-0.250575,0.637378
-0.321647,-0.250576,0.634378
-0.322650,-0.250576,0.658377
-0.321653,-0.251576,0.643377
-0.322656,-0.251577,0.634377
-0.322658,-0.248577,0.646377
-0.321661,-0.250577,0.640377
-0.319664,-0.250578,0.642376
-0.320667,-0.249578,0.653376
-0.318670,-0.252579,0.636376
-0.322673,-0.251579,0.638376
-0.321676,-0.251579,0.652376
-0.321679,-0.252580,0.637375
-0.322682,-0.253580,0.640375
-0.320685,-0.252580,0.658375
-0.320687,-0.252581,0.638375
-0.321690,-0.250581,0.631374
-0.321693,-0.250582,0.660374
-0.319696,-0.249582,0.642374
-0.321699,-0.250582,0.630374
-0.321702,-0.252583,0.651374
-0.319705,-0.250583,0.654373
-0.320708,-0.251583,0.626373
-0.322711,-0.251584,0.650373
-0.320714,-0.253584,0.644373
-0.322717,-0.248585,0.638373
-0.320719,-0.251585,0.654372
-0.322722,-0.252585,0.644372
-0.322725,-0.250586,0.639372
-0.318728,-0.249586,0.647372
-0.322731,-0.249586,0.643372
-0.324734,-0.250587,0.640371
-0.320737,-0.247587,0.644371
-0.321740,-0.250588,0.647371
-0.320743,-0.250588,0.639371
-0.320746,-0.251588,0.645370
-0.321748,-0.251589,0.640370
-0.320751,-0.249589,0.639370
-0.321754,-0.250590,0.648370
-0.320757,-0.249590,0.638370
-0.321760,-0.250590,0.642369
-0.319763,-0.249591,0.643369
-0.320766,-0.250591,0.642369
-0.318769,-0.249591,0.640369
-0.319772,-0.251592,0.640369
-0.320775,-0.250592,0.640368
-0.319778,-0.250593,0.645368
-0.320780,-0.248593,0.643368
-0.320783,-0.250593,0.641368
-0.319786,-0.249594,0.638368
-0.319789,-0.249594,0.648367
-0.320792,-0.248594,0.644367
-0.319795,-0.250595,0.641367
-0.320798,-0.249595,0.640367
-0.320801,-0.251596,0.640366
-0.320804,-0.250596,0.644366
-0.318807,-0.251596,0.644366
-0.318809,-0.250597,0.640366
-0.319812,-0.249597,0.638366
-0.318815,-0.251597,0.639365
-0.320818,-0.251598,0.648365
-0.318821,-0.248598,0.639365
-0.319824,-0.250599,0.638365
-0.321827,-0.247599,0.641365
-0.318830,-0.248599,0.650364
-0.319833,-0.249600,0.636364
-0.319836,-0.249600,0.640364
-0.319838,-0.251600,0.645364
-0.318841,-0.247601,0.634364
-0.320844,-0.248601,0.642363
-0.319847,-0.250602,0.648363
-0.318850,-0.250602,0.636363
-0.319853,-0.248602,0.642363
-0.317856,-0.249603,0.647362
-0.319859,-0.250603,0.634362
-0.320862,-0.250604,0.634362
-0.319865,-0.248604,0.649362
-0.317868,-0.249604,0.644362
-0.317870,-0.249605,0.641361
-0.316873,-0.249605,0.642361
-0.317876,-0.249605,0.636361
-0.317879,-0.249606,0.644361
-0.318882,-0.251606,0.642361
-0.318885,-0.250607,0.634360
-0.316888,-0.250607,0.654360
-0.317891,-0.251607,0.642360
-0.317894,-0.249608,0.633360
-0.317897,-0.249608,0.646360
-0.319899,-0.250608,0.646359
-0.319902,-0.249609,0.639359
-0.319905,-0.250609,0.645359
-0.318908,-0.251610,0.642359
-0.319911,-0.250610,0.632358
-0.318914,-0.250610,0.645358
-0.315917,-0.251611,0.647358
-0.319920,-0.251611,0.634358
-0.318923,-0.247611,0.645358
-0.317926,-0.251612,0.646357
-0.317929,-0.251612,0.632357
-0.318931,-0.250613,0.652357
-0.318934,-0.253613,0.647357
-0.319937,-0.253613,0.636357
-0.318940,-0.251614,0.645356
-0.318943,-0.250614,0.655356
-0.317946,-0.250615,0.634356
-0.317949,-0.252615,0.645356
-0.317952,-0.250615,0.653355
-0.318955,-0.249616,0.630355
-0.317958,-0.251616,0.646355
-0.316960,-0.252616,0.652355
-0.316963,-0.251617,0.634355
-0.318966,-0.251617,0.641354
-0.317969,-0.251618,0.651354
-0.317972,-0.250618,0.640354
-0.317975,-0.250618,0.644354
-0.318978,-0.252619,0.642354
-0.317981,-0.250619,0.642353
-0.316984,-0.253619,0.652353
-0.317987,-0.254620,0.641353
-0.319990,-0.251620,0.637353
-0.316992,-0.253621,0.650353
-0.315995,-0.251621,0.643352
-0.315998,-0.252621,0.636352
-0.318001,-0.253622,0.648352
-0.317004,-0.253622,0.647352
-0.317007,-0.251622,0.638351
-0.318010,-0.252623,0.648351
-0.315013,-0.250623,0.647351
-0.316016,-0.249624,0.634351
-0.318019,-0.247624,0.646351
-0.316021,-0.252624,0.649350
-0.316024,-0.251625,0.634350
-0.316027,-0.251625,0.650350
-0.317030,-0.251625,0.653350
-0.319033,-0.249626,0.627350
-0.319036,-0.252626,0.644349
-0.316039,-0.253627,0.652349
-0.318042,-0.251627,0.634349
-0.318045,-0.250627,0.642349
-0.319048,-0.252628,0.650349
-0.318050,-0.249628,0.628348
-0.317053,-0.249629,0.642348
-0.316056,-0.249629,0.646348
-0.316059,-0.249629,0.638348
-0.317062,-0.248630,0.638347
-0.317065,-0.253630,0.647347
-0.319068,-0.250630,0.640347
-0.317071,-0.251631,0.638347
-0.316074,-0.251631,0.642347
-0.316077,-0.251632,0.644346
-0.319080,-0.253632,0.640346
-0.316082,-0.251632,0.646346
-0.317085,-0.253633,0.640346
-0.433088,-0.349633,0.988346
-0.506091,-0.409633,1.022345
-0.494094,-0.398634,0.995345
-0.487097,-0.394634,0.993345
-0.484100,-0.386635,0.983345
-0.480103,-0.383635,0.978345
-0.477106,-0.379635,0.966344
-0.475109,-0.376636,0.965344
-0.475111,-0.377636,0.975344
-0.471114,-0.374636,0.949344
-0.471117,-0.371637,0.946343
-0.466120,-0.373637,0.955343
-0.467123,-0.373638,0.943343
-0.466126,-0.369638,0.939343
-0.465129,-0.368638,0.946343
-0.464132,-0.367639,0.938342
-0.463135,-0.365639,0.932342
-0.462138,-0.367639,0.941342
-0.461141,-0.364640,0.923342
-0.461143,-0.363640,0.927342
-0.458146,-0.361641,0.940341
-0.458149,-0.363641,0.926341
-0.461152,-0.362641,0.913341
-0.460155,-0.360642,0.930341
-0.454158,-0.360642,0.928341
-0.457161,-0.359643,0.914340
-0.457164,-0.356643,0.921340
-0.458167,-0.358643,0.924340
-0.455170,-0.359644,0.914340
-0.455172,-0.357644,0.913339
-0.456175,-0.353644,0.919339
-0.454178,-0.355645,0.918339
-0.455181,-0.354645,0.912339
-0.453184,-0.355646,0.919339
-0.452187,-0.352646,0.910338
-0.455190,-0.355646,0.905338
-0.453193,-0.354647,0.905338
-0.453196,-0.354647,0.916338
-0.452199,-0.355647,0.903338
-0.452201,-0.354648,0.902337
-0.452204,-0.352648,0.911337
-0.452207,-0.352649,0.908337
-0.453210,-0.354649,0.899337
-0.451213,-0.351649,0.905337
-0.451216,-0.351650,0.912336
-0.450219,-0.352650,0.897336
-0.449222,-0.349650,0.896336
-0.450225,-0.351651,0.918336
-0.452228,-0.352651,0.901335
-0.452231,-0.352652,0.892335
-0.450233,-0.351652,0.916335
-0.450236,-0.353652,0.902335
-0.452239,-0.350653,0.889335
-0.448242,-0.350653,0.906334
-0.449245,-0.349654,0.906334
-0.450248,-0.347654,0.889334
-0.449251,-0.348654,0.903334
-0.447254,-0.348655,0.912334
-0.447257,-0.350655,0.888333
-0.449260,-0.348655,0.890333
-0.448262,-0.345656,0.909333
-0.447265,-0.347656,0.894333
-0.446268,-0.347657,0.889333
-0.448271,-0.346657,0.906332
-0.447274,-0.348657,0.902332
-0.446277,-0.346658,0.882332
-0.448280,-0.347658,0.896332
-0.446283,-0.346658,0.902331
-0.444286,-0.349659,0.889331
-0.446289,-0.345659,0.887331
-0.446292,-0.345660,0.903331
-0.444294,-0.345660,0.895331
-0.444297,-0.345660,0.886330
-0.446300,-0.343661,0.898330
-0.443303,-0.344661,0.904330
-0.444306,-0.345661,0.882330
-0.446309,-0.343662,0.890330
-0.445312,-0.346662,0.899329
-0.445315,-0.348663,0.889329
-0.445318,-0.343663,0.885329
-0.445321,-0.345663,0.904329
-0.443323,-0.346664,0.891329
-0.445326,-0.345664,0.876328
-0.445329,-0.345664,0.898328
-0.442332,-0.344665,0.903328
-0.442335,-0.344665,0.884328
-0.444338,-0.342666,0.898327
-0.443341,-0.345666,0.898327
-0.443344,-0.345666,0.880327
-0.442347,-0.342667,0.894327
-0.443350,-0.343667,0.891327
-0.444353,-0.343668,0.876326
-0.444355,-0.343668,0.892326
-0.441358,-0.344668,0.906326
-0.442361,-0.344669,0.876326
-0.444364,-0.340669,0.885326
-0.441367,-0.343669,0.894325
-0.440370,-0.343670,0.881325
-0.443373,-0.343670,0.887325
-0.440376,-0.344671,0.889325
-0.440379,-0.344671,0.881325
-0.439382,-0.344671,0.886324
-0.437384,-0.343672,0.884324
-0.439387,-0.344672,0.885324
-0.439390,-0.344672,0.883324
-0.436393,-0.343673,0.890323
-0.440396,-0.343673,0.884323
-0.438399,-0.343674,0.882323
-0.438402,-0.344674,0.883323
-0.438405,-0.343674,0.894323
-0.438408,-0.343675,0.881322
-0.439411,-0.342675,0.886322
-0.436413,-0.344675,0.892322
-0.437416,-0.343676,0.883322
-0.438419,-0.344676,0.882322
-0.437422,-0.343677,0.888321
-0.435425,-0.342677,0.875321
-0.438428,-0.343677,0.885321
-0.436431,-0.344678,0.892321
-0.437434,-0.344678,0.880321
-0.438437,-0.344679,0.881320
-0.438440,-0.343679,0.893320
-0.438443,-0.345679,0.884320
-0.439445,-0.345680,0.883320
-0.435448,-0.345680,0.881319
-0.435451,-0.343680,0.887319
-0.436454,-0.342681,0.894319
-0.437457,-0.345681,0.883319
-0.438460,-0.344682,0.872319
-0.437463,-0.342682,0.887318
-0.436466,-0.344682,0.897318
-0.438469,-0.342683,0.872318
-0.438472,-0.342683,0.875318
-0.439474,-0.344683,0.895318
-0.435477,-0.342684,0.886317
-0.438480,-0.342684,0.873317
-0.438483,-0.343685,0.884317
-0.438486,-0.342685,0.884317
-0.432489,-0.342685,0.884317
-0.436492,-0.342686,0.874316
-0.438495,-0.340686,0.878316
-0.434498,-0.341686,0.890316
-0.435501,-0.342687,0.883316
-0.436504,-0.339687,0.872315
-0.437506,-0.341688,0.872315
-0.435509,-0.341688,0.886315
-0.436512,-0.339688,0.890315
-0.437515,-0.340689,0.866315
-0.436518,-0.341689,0.871314
-0.435521,-0.339689,0.886314
-0.434524,-0.342690,0.882314
-0.435527,-0.342690,0.871314
-0.435530,-0.340691,0.880314
-0.435533,-0.342691,0.885313
-0.436535,-0.340691,0.880313
-0.434538,-0.337692,0.882313
-0.434541,-0.339692,0.868313
-0.434544,-0.339693,0.874313
-0.435547,-0.341693,0.891312
-0.435550,-0.340693,0.866312
-0.434553,-0.340694,0.870312
-0.434556,-0.341694,0.886312
-0.436559,-0.340694,0.871311
-0.435562,-0.338695,0.870311
-0.437564,-0.339695,0.888311
-0.435567,-0.341696,0.878311
-0.436570,-0.338696,0.876311
-0.435573,-0.342696,0.883310
-0.436576,-0.340697,0.866310
-0.436579,-0.338697,0.868310
-0.434582,-0.339697,0.887310
-0.432585,-0.341698,0.875310
-0.434588,-0.341698,0.861309
-0.433591,-0.341699,0.883309
-0.432594,-0.339699,0.875309
-0.434596,-0.337699,0.868309
-0.434599,-0.337700,0.879309
-0.433602,-0.338700,0.875308
-0.433605,-0.338700,0.868308
-0.432608,-0.338701,0.875308
-0.433611,-0.339701,0.870308
-0.432614,-0.337702,0.876307
-0.433617,-0.336702,0.876307
-0.433620,-0.339702,0.870307
-0.432623,-0.338703,0.865307
-0.432625,-0.338703,0.876307
-0.432628,-0.338703,0.865306
-0.432631,-0.334704,0.872306
-0.431634,-0.336704,0.877306
-0.432637,-0.339705,0.866306
-0.432640,-0.338705,0.869306
-0.431643,-0.337705,0.874305
-0.431646,-0.334706,0.868305
-0.431649,-0.337706,0.870305
-0.430652,-0.336707,0.868305
-0.430655,-0.337707,0.871305
-0.429657,-0.336707,0.873304
-0.428660,-0.335708,0.864304
-0.430663,-0.335708,0.864304
-0.431666,-0.334708,0.874304
-0.428669,-0.335709,0.869303
-0.429672,-0.337709,0.867303
-0.428675,-0.334710,0.870303
-0.429678,-0.335710,0.866303
-0.429681,-0.338710,0.864303
-0.428684,-0.339711,0.873302
-0.427686,-0.336711,0.867302
-0.428689,-0.336711,0.862302
-0.430692,-0.337712,0.868302
-0.427695,-0.337712,0.864302
-0.427698,-0.335713,0.872301
-0.426701,-0.336713,0.862301
-0.429704,-0.334713,0.862301
-0.428707,-0.335714,0.875301
-0.428710,-0.337714,0.871301
-0.429713,-0.335714,0.854300
-0.430716,-0.337715,0.870300
-0.427718,-0.336715,0.874300
-0.429721,-0.336716,0.860300
-0.428724,-0.333716,0.864299
-0.429727,-0.335716,0.862299
-0.426730,-0.334717,0.862299
-0.428733,-0.335717,0.874299
-0.428736,-0.334718,0.862299
-0.429739,-0.335718,0.856298
-0.430742,-0.334718,0.876298
-0.427745,-0.335719,0.866298
-0.430747,-0.336719,0.852298
-0.428750,-0.336719,0.877298
-0.429753,-0.337720,0.866297
-0.427756,-0.335720,0.862297
-0.428759,-0.336721,0.874297
-0.429762,-0.337721,0.862297
-0.428765,-0.336721,0.865297
-0.430768,-0.336722,0.881296
-0.429771,-0.338722,0.866296
-0.432774,-0.335722,0.861296
-0.430776,-0.339723,0.869296
-0.428779,-0.335723,0.870295
-0.427782,-0.335724,0.870295
-0.429785,-0.337724,0.863295
-0.430788,-0.338724,0.858295
-0.428791,-0.334725,0.869295
-0.429794,-0.335725,0.876294
-0.429797,-0.338725,0.870294
-0.429800,-0.338726,0.863294
-0.427803,-0.339726,0.870294
-0.428806,-0.338727,0.874294
-0.427808,-0.338727,0.867293
-0.425811,-0.336727,0.862293
-0.428814,-0.336728,0.868293
-0.428817,-0.336728,0.870293
-0.427820,-0.336728,0.874293
-0.427823,-0.336729,0.872292
-0.427826,-0.337729,0.869292
-0.425829,-0.337730,0.867292
-0.428832,-0.339730,0.862292
-0.427835,-0.336730,0.862291
-0.428837,-0.336731,0.868291
-0.427840,-0.336731,0.876291
-0.425843,-0.334732,0.863291
-0.426846,-0.334732,0.867291
-0.426849,-0.334732,0.876290
-0.427852,-0.336733,0.861290
-0.428855,-0.336733,0.865290
-0.424858,-0.336733,0.876290
-0.428861,-0.338734,0.862290
-0.428864,-0.337734,0.858289
-0.426867,-0.335735,0.875289
-0.427869,-0.335735,0.860289
-0.429872,-0.334735,0.853289
-0.424875,-0.335736,0.879289
-0.426878,-0.336736,0.868288
-0.429881,-0.332736,0.847288
-0.427884,-0.338737,0.878288
-0.427887,-0.338737,0.874288
-0.429890,-0.337738,0.846287
-0.428893,-0.334738,0.876287
-0.426896,-0.335738,0.876287
-0.427898,-0.336739,0.848287
-0.429901,-0.335739,0.871287
-0.425904,-0.336739,0.877286
-0.426907,-0.333740,0.850286
-0.427910,-0.334740,0.869286
-0.426913,-0.336741,0.875286
-0.427916,-0.335741,0.849286
-0.428919,-0.333741,0.866285
-0.429922,-0.334742,0.883285
-0.429925,-0.336742,0.850285
-0.427927,-0.334742,0.856285
-0.428930,-0.334743,0.883285
-0.426933,-0.337743,0.852284
-0.427936,-0.335744,0.847284
-0.426939,-0.334744,0.875284
-0.429942,-0.335744,0.859284
-0.426945,-0.334745,0.848283
-0.426948,-0.334745,0.875283
-0.425951,-0.335746,0.862283
-0.427954,-0.333746,0.841283
-0.425957,-0.334746,0.867283
-0.424959,-0.332747,0.870282
-0.423962,-0.334747,0.848282
-0.425965,-0.332747,0.861282
-0.426968,-0.334748,0.868282
-0.422971,-0.333748,0.855282
-0.424974,-0.334749,0.858281
-0.423977,-0.335749,0.867281
-0.424980,-0.335749,0.851281
-0.424983,-0.335750,0.862281
-0.425986,-0.337750,0.868281
-0.420988,-0.337750,0.854280
-0.422991,-0.338751,0.851280
-0.423994,-0.336751,0.865280
-0.421997,-0.338752,0.858280
-0.423000,-0.332752,0.852279
-0.424003,-0.336752,0.858279
-0.423006,-0.335753,0.864279
-0.426009,-0.336753,0.856279
-0.420012,-0.335753,0.859279
-0.422015,-0.336754,0.860278
-0.422018,-0.338754,0.859278
-0.423020,-0.337755,0.860278
-0.422023,-0.337755,0.855278
-0.424026,-0.336755,0.858278
-0.423029,-0.337756,0.866277
-0.423032,-0.336756,0.859277
-0.424035,-0.335757,0.854277
-0.423038,-0.336757,0.860277
-0.420041,-0.336757,0.858276
-0.423044,-0.337758,0.850276
-0.422047,-0.334758,0.860276
-0.422049,-0.334758,0.862276
-0.422052,-0.336759,0.854276
-0.424055,-0.338759,0.863275
-0.424058,-0.338760,0.860275
-0.422061,-0.339760,0.854275
-0.423064,-0.337760,0.860275
-0.426067,-0.335761,0.866275
-0.423070,-0.335761,0.852274
-0.423073,-0.336761,0.856274
-0.423076,-0.338762,0.863274
-0.423079,-0.336762,0.854274
-0.426081,-0.335763,0.848274
-0.424084,-0.335763,0.860273
-0.422087,-0.336763,0.853273
-0.423090,-0.337764,0.855273
-0.426093,-0.335764,0.856273
-0.423096,-0.335764,0.856272
-0.422099,-0.334765,0.859272
-0.425102,-0.335765,0.858272
-0.422105,-0.335766,0.851272
-0.423108,-0.335766,0.853272
-0.422110,-0.332766,0.857271
-0.423113,-0.335767,0.856271
-0.421116,-0.335767,0.855271
-0.423119,-0.335767,0.860271
-0.421122,-0.333768,0.856271
-0.421125,-0.332768,0.855270
-0.421128,-0.332769,0.857270
-0.421131,-0.332769,0.858270
-0.420134,-0.332769,0.862270
-0.421137,-0.333770,0.851270
-0.422139,-0.331770,0.851269
-0.419142,-0.334771,0.855269
-0.419145,-0.332771,0.856269
-0.420148,-0.333771,0.853269
-0.420151,-0.335772,0.856268
-0.418154,-0.334772,0.856268
-0.418157,-0.334772,0.851268
-0.419160,-0.334773,0.850268
-0.419163,-0.333773,0.862268
-0.418166,-0.334774,0.848267
-0.416169,-0.336774,0.848267
-0.415171,-0.335774,0.857267
-0.416174,-0.332775,0.848267
-0.415177,-0.331775,0.848267
-0.415180,-0.332775,0.861266
-0.417183,-0.333776,0.848266
-0.416186,-0.331776,0.850266
-0.416189,-0.332777,0.856266
-0.419192,-0.332777,0.850266
-0.415195,-0.330777,0.857265
-0.416198,-0.332778,0.859265
-0.416200,-0.331778,0.848265
-0.416203,-0.334778,0.853265
-0.419206,-0.332779,0.861264
-0.417209,-0.331779,0.855264
-0.419212,-0.333780,0.850264
-0.417215,-0.332780,0.857264
-0.418218,-0.331780,0.858264
-0.418221,-0.331781,0.853263
-0.418224,-0.331781,0.861263
-0.418227,-0.331781,0.860263
-0.416230,-0.332782,0.843263
-0.418232,-0.332782,0.853263
-0.418235,-0.331783,0.856262
-0.417238,-0.329783,0.845262
-0.417241,-0.330783,0.856262
-0.416244,-0.330784,0.853262
-0.419247,-0.331784,0.847262
-0.416250,-0.333785,0.852261
-0.417253,-0.331785,0.859261
-0.419256,-0.329785,0.853261
-0.418259,-0.330786,0.853261
-0.419261,-0.330786,0.856260
-0.418264,-0.332786,0.855260
-0.418267,-0.333787,0.850260
-0.419270,-0.331787,0.858260
-0.417273,-0.332788,0.854260
-0.417276,-0.330788,0.852259
-0.417279,-0.333788,0.853259
-0.417282,-0.333789,0.856259
-0.415285,-0.332789,0.850259
-0.416288,-0.331789,0.862259
-0.416290,-0.331790,0.858258
-0.416293,-0.334790,0.849258
-0.415296,-0.334791,0.861258
-0.413299,-0.330791,0.862258
-0.416302,-0.332791,0.854258
-0.414305,-0.332792,0.858257
-0.413308,-0.334792,0.862257
-0.413311,-0.334792,0.846257
-0.414314,-0.334793,0.858257
-0.413317,-0.335793,0.856256
-0.415320,-0.335794,0.853256
-0.415322,-0.336794,0.861256
-0.415325,-0.335794,0.860256
-0.416328,-0.331795,0.847256
-0.415331,-0.331795,0.864255
-0.412334,-0.334796,0.858255
-0.416337,-0.335796,0.849255
-0.414340,-0.334796,0.859255
-0.412343,-0.332797,0.860255
-0.413346,-0.331797,0.851254
-0.415349,-0.335797,0.846254
-0.414351,-0.335798,0.850254
-0.415354,-0.334798,0.855254
-0.414357,-0.333799,0.859254
-0.414360,-0.331799,0.848253
-0.415363,-0.333799,0.850253
-0.415366,-0.331800,0.859253
-0.414369,-0.335800,0.856253
-0.413372,-0.334800,0.848252
-0.413375,-0.333801,0.854252
-0.414378,-0.333801,0.859252
-0.413381,-0.332802,0.858252
-0.414383,-0.333802,0.852252
-0.414386,-0.334802,0.850251
-0.414389,-0.335803,0.852251
-0.412392,-0.332803,0.858251
-0.415395,-0.335803,0.852251
-0.415398,-0.334804,0.847251
-0.414401,-0.334804,0.852250
-0.414404,-0.333805,0.857250
-0.415407,-0.335805,0.852250
-0.416410,-0.336805,0.850250
-0.413412,-0.335806,0.859250
-0.414415,-0.332806,0.856249
-0.415418,-0.333806,0.854249
-0.414421,-0.335807,0.847249
-0.416424,-0.334807,0.852249
-0.413427,-0.334808,0.862248
-0.414430,-0.337808,0.857248
-0.414433,-0.333808,0.850248
-0.414436,-0.335809,0.854248
-0.413439,-0.335809,0.862248
-0.415442,-0.334810,0.851247
-0.414444,-0.331810,0.855247
-0.415447,-0.331810,0.860247
-0.414450,-0.334811,0.850247
-0.415453,-0.333811,0.855247
-0.412456,-0.335811,0.858246
-0.412459,-0.333812,0.856246
-0.416462,-0.332812,0.855246
-0.415465,-0.331813,0.857246
-0.415468,-0.331813,0.850246
-0.411471,-0.331813,0.849245
-0.410473,-0.333814,0.861245
-0.415476,-0.334814,0.859245
-0.416479,-0.334814,0.849245
-0.414482,-0.333815,0.852244
-0.414485,-0.330815,0.855244
-0.414488,-0.332816,0.853244
-0.414491,-0.334816,0.852244
-0.413494,-0.333816,0.858244
-0.414497,-0.333817,0.860243
-0.412500,-0.331817,0.855243
-0.414502,-0.334817,0.856243
-0.414505,-0.332818,0.852243
-0.414508,-0.334818,0.855243
-0.415511,-0.334819,0.858242
-0.412514,-0.334819,0.852242
-0.414517,-0.333819,0.848242
-0.413520,-0.331820,0.854242
-0.414523,-0.330820,0.859242
-0.414526,-0.332821,0.853241
-0.414529,-0.333821,0.859241
-0.412532,-0.332821,0.858241
-0.411534,-0.334822,0.848241
-0.413537,-0.333822,0.858240
-0.412540,-0.331822,0.856240
-0.195543,-0.170823,0.360240
-0.021546,-0.020823,0.005240
0.001451,-0.003824,-0.004760
0.000448,-0.003824,-0.002761
0.000445,-0.002824,0.008239
0.000442,0.001175,-0.005761
0.001439,0.003175,-0.007761
0.001437,0.004175,0.007239
0.002434,0.003174,0.005238
0.000431,0.000174,-0.007762
0.001428,-0.002827,0.003238
-0.000575,-0.001827,0.004238
-0.000578,-0.001827,-0.004762
-0.000581,-0.000828,-0.003763
-0.001584,0.000172,0.000237
0.003413,0.002172,-0.002763
-0.000590,0.001171,0.003237
0.001407,0.000171,0.006236
-0.000595,-0.001830,-0.004764
0.000402,-0.000830,0.002236
-0.003601,-0.000830,0.001236
-0.003604,0.002169,-0.007764
-0.004607,0.002169,-0.001765
-0.004610,0.004169,0.002235
-0.004613,0.000168,-0.003765
-0.005616,0.000168,-0.000765
-0.002619,-0.001833,0.004235
-0.002622,0.000167,-0.003766
-0.004624,0.000167,-0.000766
-0.005627,0.000166,0.005234
-0.002630,0.000166,-0.002766
-0.003633,-0.000835,-0.002766
-0.000636,0.004165,0.006233
-0.002639,-0.000835,-0.003767
-0.003642,0.000164,-0.002767
-0.000645,0.000164,0.006233
-0.002648,-0.001836,0.001232
-0.002651,-0.001837,-0.001768
-0.004653,-0.000837,0.003232
-0.003656,-0.001838,0.001232
-0.000659,0.000162,-0.004768
-0.000662,-0.000838,0.001231
-0.004665,0.002161,0.004231
-0.006668,0.000161,-0.001769
-0.001671,-0.003839,0.005231
-0.002674,-0.003840,0.004231
-0.002677,-0.001840,-0.005770
-0.002680,-0.001841,0.004230
-0.002683,0.000159,0.004230
-0.001685,-0.000841,-0.001770
-0.003688,-0.000842,0.002230
-0.001691,-0.000842,0.001229
-0.003694,-0.001842,-0.002771
-0.002697,-0.003843,0.002229
-0.002700,-0.002843,0.008229
-0.002703,-0.002844,-0.002772
0.000294,-0.000844,0.001228
-0.002709,0.002156,0.001228
-0.003712,0.000155,-0.002772
-0.003714,-0.001845,0.000228
-0.001717,-0.001845,0.006227
-0.002720,-0.001846,-0.003773
-0.002723,-0.001846,-0.002773
-0.002726,-0.000847,0.004227
-0.003729,-0.001847,-0.002773
-0.001732,-0.001847,0.001226
-0.003735,0.001152,0.003226
-0.003738,0.000152,-0.000774
-0.004741,0.001151,-0.003774
-0.005744,0.001151,0.006226
-0.003746,0.002151,-0.000775
-0.006749,0.000150,0.000225
-0.006752,0.000150,0.001225
-0.006755,0.002150,-0.003775
-0.006758,0.000149,-0.005776
-0.005761,0.002149,0.001224
-0.006764,0.001148,-0.001776
-0.006767,0.002148,-0.002776
-0.006770,0.004148,0.002224
-0.005773,0.002147,-0.002777
-0.004775,0.002147,-0.004777
-0.002778,0.002147,0.001223
-0.001781,0.003146,-0.000777
-0.002784,0.003146,-0.003777
-0.002787,-0.001855,0.004222
-0.004790,0.002145,-0.001778
-0.003793,0.000145,-0.004778
-0.004796,0.000144,0.000222
-0.004799,0.001144,0.002222
-0.006802,0.001144,-0.005779
-0.006805,0.002143,0.001221
-0.006807,0.002143,0.001221
-0.008810,0.003142,-0.006779
-0.008813,0.003142,-0.002780
-0.006816,0.002142,0.002220
-0.006819,0.002141,-0.004780
-0.005822,0.001141,0.000220
-0.008825,0.000140,0.001220
-0.005828,0.000140,-0.003781
-0.005831,0.002140,-0.004781
-0.006834,-0.000861,0.004219
-0.005836,0.000139,-0.003781
-0.005839,0.002139,-0.000781
-0.005842,0.003138,0.005218
-0.006845,-0.000862,-0.005782
-0.005848,-0.003863,-0.001782
-0.003851,0.002137,0.003218
-0.006854,0.003137,-0.000782
-0.005857,0.001136,-0.000783
-0.005860,-0.000864,0.005217
-0.002863,0.000136,-0.001783
-0.003865,0.001135,-0.004783
-0.004868,-0.000865,0.004216
-0.002871,-0.000866,-0.000784
-0.005874,-0.000866,-0.002784
-0.006877,0.000134,0.003216
-0.004880,0.001133,-0.001784
-0.004883,0.003133,-0.003785
-0.005886,0.000133,0.001215
-0.006889,0.000132,0.001215
-0.005892,-0.000868,-0.006785
-0.008895,0.000131,0.001215
-0.009897,0.001131,-0.002786
-0.011900,0.000131,-0.003786
-0.010903,0.000130,0.004214
-0.011906,0.000130,0.004214
-0.011909,0.000130,-0.001786
-0.011912,-0.001871,0.001213
-0.010915,-0.000871,0.002213
-0.010918,-0.001872,-0.005787
-0.009921,-0.000872,0.001213
-0.008924,-0.000872,0.004212
-0.008926,-0.000873,-0.001788
-0.009929,-0.000873,0.001212
-0.007932,-0.001874,0.005212
-0.005935,-0.003874,-0.003788
-0.005938,-0.003874,0.000211
-0.004941,-0.003875,0.003211
-0.005944,-0.002875,-0.004789
-0.005947,-0.002875,-0.001789
-0.006950,-0.003876,0.004211
-0.005953,-0.003876,-0.004790
-0.005956,-0.001877,-0.000790
-0.006958,-0.002877,0.003210
-0.005961,-0.002877,-0.003790
-0.005964,0.000122,-0.003790
-0.007967,-0.003878,0.001209
-0.006970,-0.004878,-0.002791
-0.009973,-0.003879,-0.000791
-0.005976,-0.002879,0.003209
-0.006979,-0.003880,-0.001792
-0.006982,-0.003880,-0.004792
-0.005985,-0.003880,0.003208
-0.006987,-0.003881,-0.001792
-0.006990,-0.004881,-0.003792
-0.006993,-0.003881,0.004207
-0.005996,-0.005882,-0.000793
-0.004999,-0.004882,-0.003793
-0.005002,-0.001883,-0.000793
-0.004005,-0.003883,-0.001793
-0.004008,-0.003883,-0.001794
-0.004011,-0.001884,0.004206
-0.003014,-0.003884,0.000206
-0.001016,-0.004884,-0.006794
-0.002019,-0.003885,-0.001794
-0.003022,-0.001885,0.001205
-0.003025,-0.001886,-0.001795
-0.001028,-0.003886,0.003205
-0.001031,-0.001886,0.001205
-0.005034,0.000113,-0.007796
-0.006037,0.001113,0.000204
-0.007040,0.000112,0.002204
-0.007043,0.000112,-0.003796
-0.010046,0.000112,0.001204
-0.013048,-0.001889,0.001203
-0.012051,-0.001889,-0.005797
-0.010054,0.000111,-0.002797
-0.011057,0.000110,0.005203
-0.011060,0.002110,-0.006797
-0.010063,-0.000891,-0.001798
-0.008066,0.001109,0.002202
-0.009069,0.000109,-0.004798
-0.009072,0.000108,-0.002798
-0.007075,0.000108,0.002202
-0.009077,0.000108,-0.005799
-0.006080,-0.000893,0.003201
-0.007083,0.000107,0.001201
-0.007086,0.002106,-0.004799
-0.004089,0.002106,-0.003800
-0.005092,-0.000894,0.003200
-0.006095,-0.001895,-0.003800
-0.007098,-0.001895,-0.000800
-0.009101,0.002105,0.002200
-0.008104,0.004104,-0.005801
-0.008107,0.002104,-0.006801
-0.010109,0.002103,0.001199
-0.007112,0.001103,-0.001801
-0.008115,0.000103,-0.003801
-0.008118,0.005102,0.005198
-0.010121,0.002102,-0.002802
-0.009124,0.002101,-0.004802
-0.009127,0.003101,0.002198
-0.009130,0.001101,-0.002803
-0.009133,0.005100,-0.004803
-0.011136,0.002100,0.004197
-0.010138,-0.001900,-0.000803
-0.008141,0.000099,-0.007803
-0.006144,0.002099,0.000196
-0.007147,0.003098,0.003196
-0.010150,0.002098,-0.005804
-0.008153,0.001098,0.003196
-0.006156,0.002097,-0.002804
-0.003159,0.001097,-0.005805
-0.007162,0.002097,-0.001805
-0.005165,-0.001904,0.001195
-0.005168,0.000096,-0.003805
-0.007170,-0.000905,0.001195
-0.006173,0.001095,-0.000806
-0.005176,0.001095,-0.004806
-0.007179,-0.000906,0.000194
-0.006182,-0.000906,0.003194
-0.007185,-0.000906,-0.004807
-0.008188,-0.000907,0.002193
-0.005191,-0.001907,0.004193
-0.006194,-0.001908,-0.006807
-0.007197,-0.002908,-0.002807
-0.007199,-0.000908,0.004192
-0.006202,-0.001909,-0.005808
-0.006205,-0.001909,-0.001808
-0.009208,0.000091,0.003192
-0.006211,-0.001910,-0.003808
-0.006214,-0.000910,-0.001809
-0.006217,-0.002911,0.005191
-0.005220,-0.003911,-0.001809
-0.007223,-0.001911,-0.000809
-0.007226,-0.001912,0.003191
-0.006228,-0.001912,-0.003810
-0.006231,-0.000913,-0.002810
-0.007234,-0.001913,0.001190
-0.004237,0.000087,-0.000810
-0.004240,-0.001914,-0.000811
-0.002243,-0.001914,0.006189
-0.003246,-0.001914,-0.004811
-0.000249,0.000085,-0.001811
-0.003252,-0.002915,0.005189
-0.002255,-0.000916,0.000188
-0.000258,-0.000916,-0.001812
0.000740,-0.000916,0.001188
0.000737,0.000083,-0.000812
-0.001266,0.000083,-0.003812
-0.001269,0.001083,0.007187
-0.001272,-0.001918,0.001187
-0.004275,-0.002918,-0.002813
-0.003278,-0.000919,0.001187
-0.003281,0.000081,-0.001813
-0.005284,-0.002919,-0.004814
-0.005287,0.001080,0.005186
-0.006289,0.000080,0.002186
-0.008292,0.001080,-0.005814
-0.005295,0.000079,0.002185
-0.006298,-0.001921,0.004185
-0.003301,0.001078,-0.002815
-0.005304,0.002078,0.001185
-0.005307,0.002078,0.004185
-0.003310,0.001077,-0.003816
-0.003313,-0.000923,0.002184
-0.001316,0.000077,0.002184
-0.002319,0.000076,-0.004816
-0.001321,0.000076,-0.000816
-0.004324,-0.003925,0.004183
-0.001327,0.003075,-0.001817
-0.001330,0.000075,0.002183
-0.003333,0.001074,0.003183
-0.000336,-0.001926,-0.003817
-0.001339,0.001073,0.000182
-0.001342,0.000073,0.005182
-0.003345,0.000073,-0.003818
0.000652,0.000072,0.002182
-0.001350,-0.001928,0.003181
-0.002353,0.000072,-0.003819
-0.001356,0.000071,-0.001819
-0.001359,0.003071,0.007181
-0.001362,0.001070,0.000181
-0.001365,0.002070,-0.003820
-0.001368,0.001070,0.000180
0.000629,0.000069,-0.003820
0.002626,-0.000931,0.001180
0.000623,0.000069,0.005180
0.001621,0.000068,-0.000821
0.003618,0.001068,-0.001821
0.002615,0.002067,0.004179
0.001612,0.000067,-0.003821
0.001609,-0.001933,0.000179
0.001606,-0.000934,0.006178
0.002603,0.001066,0.001178
-0.000400,0.003066,-0.000822
0.000597,0.002065,0.004178
-0.000406,0.002065,-0.001823
0.000591,0.001064,-0.000823
-0.001411,0.001064,0.005177
-0.003414,0.003064,0.001177
-0.001417,0.001063,-0.003823
-0.001420,-0.000937,0.007176
-0.003423,-0.000938,0.000176
-0.003426,-0.000938,-0.002824
-0.004429,0.001062,0.002176
-0.004432,-0.000939,0.001176
-0.005435,0.001061,-0.003825
-0.004438,0.002061,0.007175
-0.006440,-0.000940,-0.000825
-0.003443,-0.001940,-0.003825
-0.001446,0.000059,0.002175
-0.000449,0.000059,0.002174
0.000548,0.002059,-0.004826
0.000545,0.002058,0.002174
0.000542,0.003058,0.002174
0.000539,0.000058,-0.005827
0.003536,-0.001943,0.004173
0.002533,-0.001943,0.004173
0.001530,-0.001944,-0.003827
0.004528,0.000056,0.003173
0.003525,0.003056,0.002172
0.003522,0.003055,-0.003828
0.003519,0.001055,0.001172
0.001516,0.001055,0.006172
0.001513,-0.000946,-0.000828
0.000510,0.001054,0.000171
0.002507,0.001053,0.001171
-0.001496,-0.000947,-0.003829
0.000501,0.004053,0.001171
-0.001501,0.004052,0.004171
0.000496,0.002052,0.000170
-0.000507,0.000052,-0.002830
-0.000510,0.002051,0.003170
-0.001513,-0.000949,-0.002830
-0.001516,0.000050,-0.001831
0.000481,0.002050,0.004169
0.000478,0.001050,-0.003831
0.000475,0.004049,-0.005831
0.001472,0.002049,0.004169
0.002469,0.002048,-0.004832
0.004467,0.000048,-0.001832
0.004464,-0.000952,0.005168
0.004461,-0.001953,-0.004832
0.006458,0.000047,-0.003832
0.006455,0.003047,0.005167
0.007452,0.003046,-0.002833
0.008449,0.004046,-0.002833
0.006446,0.001045,0.006167
0.006443,0.004045,0.000167
0.006440,0.000045,-0.004834
0.005438,-0.000956,0.004166
0.007435,-0.001956,-0.002834
0.006432,0.001044,-0.000834
0.005429,0.000043,0.003165
0.004426,0.001043,0.002165
0.004423,0.001042,-0.005835
0.006420,-0.001958,0.004165
0.004417,-0.001958,-0.000835
0.002414,-0.003959,-0.000836
0.004411,-0.001959,0.004164
0.002409,-0.001959,0.001164
0.002406,0.000040,-0.004836
0.001403,0.001040,0.005164
0.002400,0.000039,0.000163
0.003397,-0.000961,-0.004837
0.000394,-0.002961,0.002163
-0.000609,-0.001962,0.002163
-0.001612,-0.004962,-0.004837
-0.000615,-0.002963,0.003162
-0.001618,-0.002963,0.001162
-0.003621,-0.001963,-0.002838
-0.001623,-0.000964,0.004162
-0.003626,-0.001964,0.003161
-0.000629,-0.003964,-0.003839
-0.001632,-0.002965,0.002161
-0.001635,-0.002965,0.002161
0.000362,-0.003966,-0.005839
-0.001641,-0.001966,0.003160
0.002356,-0.001966,0.004160
0.000353,-0.002967,-0.001840
0.002350,-0.001967,-0.000840
0.003348,-0.001967,0.002160
0.002345,-0.001968,-0.004841
0.005342,-0.001968,-0.002841
0.003339,-0.001969,0.003159
0.004336,-0.003969,-0.000841
0.003333,-0.002969,-0.001841
0.003330,-0.000970,0.002158
0.003327,-0.001970,-0.003842
0.002324,-0.000970,0.002158
0.002321,-0.004971,0.004158
0.003318,0.001029,-0.001843
0.004316,-0.000972,-0.002843
0.004313,0.000028,-0.000843
0.004310,0.001028,-0.002843
0.003307,0.003027,-0.000843
0.002304,-0.000973,0.003156
0.002301,0.000027,0.000156
-0.000702,-0.001974,-0.002844
-0.003705,-0.001974,0.002156
-0.001708,0.002025,0.000156
-0.003711,0.001025,0.000155
-0.004713,-0.001975,0.005155
-0.003716,0.000024,-0.000845
-0.003719,-0.001976,-0.005845
-0.005722,-0.001977,0.001155
-0.005725,0.001023,-0.001846
-0.004728,-0.000977,-0.002846
-0.002731,-0.001978,0.006154
-0.003734,0.000022,0.001154
-0.004737,0.000022,-0.003847
-0.002740,-0.000979,0.005153
-0.003742,0.000021,-0.003847
-0.001745,-0.002980,-0.002847
-0.000748,0.000020,-0.000847
0.000249,-0.001980,0.000152
0.000246,0.000019,-0.002848
0.000243,0.002019,0.002152
0.003240,0.002019,-0.001848
0.002237,0.000018,-0.003848
0.001234,0.002018,0.002151
0.001231,-0.000983,0.004151
0.000228,-0.001983,-0.002849
0.000226,-0.001983,0.000151
-0.001777,0.001016,-0.000849
-0.001780,0.002016,-0.005850
-0.000783,0.003016,0.005150
-0.003786,0.001015,0.002150
-0.001789,0.000015,-0.004850
-0.002792,0.001014,0.000149
-0.003795,0.000014,0.002149
-0.003798,0.001014,-0.002851
-0.003801,0.000013,0.000149
-0.001803,0.001013,0.005149
-0.003806,0.004013,0.000148
-0.004809,0.003012,-0.000852
-0.005812,0.004012,0.003148
-0.006815,0.003011,-0.003852
-0.006818,0.003011,0.003148
-0.005821,0.004011,0.002147
-0.004824,-0.000990,-0.000853
-0.006827,-0.000990,-0.000853
-0.003830,-0.000991,0.001147
-0.005833,0.000009,-0.001853
-0.003835,0.002009,0.002146
-0.003838,0.000008,0.002146
-0.002841,0.004008,-0.002854
-0.004844,0.001008,-0.002854
-0.005847,-0.000993,0.003145
-0.002850,0.000007,-0.000855
-0.003853,0.002006,0.000145
-0.003856,0.002006,0.004145
-0.002859,0.002006,-0.000855
-0.003862,0.003005,-0.004856
-0.001864,0.004005,0.005144
-0.002867,0.003005,-0.005856
-0.004870,0.002004,-0.002856
-0.004873,0.000004,0.003144
-0.003876,0.000003,0.001143
-0.002879,0.002003,-0.001857
-0.004882,0.003003,0.004143
-0.003885,0.002002,-0.002857
-0.004888,0.002002,-0.003857
-0.003891,0.001002,0.004142
-0.003894,0.000001,0.004142
-0.007896,0.002001,-0.004858
-0.004899,0.002000,0.003142
-0.006902,0.003000,-0.001859
-0.005905,0.002000,-0.002859
-0.008908,0.002999,0.004141
-0.005911,0.003999,0.002141
-0.005914,0.003998,-0.006859
-0.006917,-0.003002,0.002140
-0.007920,-0.000002,0.003140
-0.006923,-0.000003,-0.002860
-0.003925,-0.000003,0.003140
-0.003928,-0.000003,0.002140
-0.003931,-0.000004,-0.005861
-0.002934,0.000996,0.000139
-0.000937,0.002995,0.002139
-0.001940,0.000995,-0.002861
-0.001943,-0.001005,0.002139
-0.003946,-0.001006,0.004138
-0.001949,-0.002006,-0.003862
-0.001952,-0.001006,0.000138
-0.000954,-0.002007,0.005138
-0.000957,0.000993,-0.003863
-0.000960,-0.000008,0.003137
0.000037,-0.000008,0.003137
-0.001966,-0.000008,-0.006863
-0.000969,0.001991,-0.001863
-0.002972,-0.000009,0.004136
