0.001,-0.004,0.773
-0.001,-0.005,0.775
0.000,-0.004,0.773
-0.001,-0.005,0.778
0.004,-0.004,0.778
0.002,-0.003,0.778
0.002,-0.003,0.778
0.004,-0.005,0.781
0.002,-0.006,0.777
0.002,-0.005,0.778
0.001,-0.007,0.771
0.001,-0.005,0.770
0.003,-0.001,0.769
0.002,-0.002,0.770
0.003,-0.001,0.772
0.002,-0.004,0.770
0.001,-0.004,0.770
0.000,-0.004,0.772
0.001,-0.005,0.773
0.003,-0.005,0.772
0.001,-0.005,0.770
0.003,-0.004,0.772
-0.001,-0.005,0.772
0.001,-0.004,0.774
0.002,-0.003,0.774
0.001,-0.005,0.772
0.000,-0.002,0.777
0.000,-0.003,0.778
-0.001,-0.002,0.779
-0.001,-0.001,0.780
0.000,-0.001,0.778
0.001,0.000,0.777
0.000,-0.002,0.774
0.001,-0.003,0.774
-0.002,-0.001,0.772
0.001,-0.001,0.768
0.002,0.003,0.768
0.002,0.003,0.770
0.001,0.003,0.769
0.001,0.003,0.772
0.000,0.002,0.772
0.002,0.002,0.771
0.003,0.001,0.775
0.001,0.003,0.769
0.000,0.007,0.770
-0.001,0.005,0.771
0.002,0.007,0.774
0.002,0.005,0.771
0.000,0.005,0.775
0.001,0.000,0.775
0.001,-0.001,0.778
0.002,0.003,0.777
0.001,0.002,0.782
0.001,0.004,0.777
0.003,0.005,0.777
0.002,0.003,0.780
0.001,0.002,0.775
0.002,0.004,0.772
0.003,0.004,0.771
0.000,0.001,0.768
0.000,0.002,0.769
0.002,0.006,0.772
0.002,0.005,0.771
0.001,0.005,0.771
0.002,0.006,0.771
0.002,0.003,0.771
0.002,0.005,0.770
0.001,0.001,0.768
0.002,0.002,0.773
0.003,0.006,0.772
0.002,0.004,0.774
0.002,0.005,0.775
0.001,0.005,0.775
0.001,0.001,0.775
0.002,0.002,0.778
0.000,-0.001,0.780
0.001,0.001,0.779
0.002,0.003,0.775
0.001,0.004,0.776
0.000,0.005,0.774
0.001,0.003,0.771
0.002,0.003,0.771
-0.001,0.003,0.769
0.001,0.001,0.772
0.001,-0.001,0.771
0.002,0.003,0.774
0.001,0.002,0.772
0.005,0.001,0.767
0.003,0.003,0.771
0.002,0.002,0.767
0.002,0.000,0.767
0.003,0.001,0.768
0.001,-0.001,0.769
0.000,0.000,0.772
-0.001,0.002,0.777
0.003,0.006,0.776
0.003,0.006,0.779
0.001,0.002,0.777
0.001,0.003,0.779
0.003,0.003,0.777
-0.001,-0.001,0.777
0.003,0.001,0.773
0.003,0.000,0.772
0.001,0.004,0.774
0.003,0.005,0.774
0.001,0.005,0.772
0.003,0.005,0.771
0.002,0.004,0.773
0.002,0.000,0.773
0.004,-0.001,0.770
0.005,0.000,0.772
0.005,0.003,0.770
0.005,0.003,0.767
0.006,0.002,0.767
0.006,0.002,0.768
0.007,0.003,0.770
0.005,-0.001,0.770
0.005,-0.002,0.772
0.007,-0.005,0.774
0.005,0.001,0.776
0.005,0.001,0.777
0.006,-0.004,0.773
0.006,-0.005,0.776
0.006,-0.003,0.774
0.005,-0.003,0.777
0.004,-0.004,0.773
0.005,-0.004,0.774
0.005,0.000,0.778
0.004,-0.005,0.771
0.005,-0.002,0.774
0.004,-0.004,0.775
0.004,-0.003,0.771
0.005,-0.005,0.773
0.004,-0.003,0.772
0.004,-0.006,0.767
0.003,-0.004,0.766
0.002,-0.002,0.767
0.004,-0.005,0.768
0.003,-0.005,0.767
0.003,-0.005,0.771
0.002,-0.005,0.773
0.003,-0.005,0.776
0.000,-0.007,0.778
0.001,-0.005,0.780
0.001,-0.005,0.775
0.001,-0.006,0.779
-0.001,-0.005,0.775
-0.001,-0.004,0.775
0.001,-0.006,0.778
0.001,-0.007,0.772
-0.001,-0.006,0.775
-0.002,-0.003,0.776
0.000,-0.003,0.774
-0.002,0.001,0.775
-0.001,0.001,0.778
-0.001,-0.003,0.771
0.000,-0.002,0.772
-0.002,-0.005,0.767
-0.002,-0.003,0.766
-0.002,-0.002,0.764
-0.002,-0.005,0.768
-0.001,-0.002,0.770
-0.003,-0.001,0.770
-0.002,-0.002,0.772
-0.004,-0.001,0.777
-0.003,-0.002,0.778
0.000,0.001,0.778
-0.004,-0.002,0.775
-0.004,-0.001,0.776
-0.004,0.001,0.774
-0.003,0.002,0.773
-0.003,0.002,0.774
-0.002,-0.001,0.774
-0.003,0.001,0.775
-0.004,0.001,0.778
-0.003,0.000,0.775
-0.003,-0.001,0.776
-0.004,-0.002,0.773
-0.004,0.000,0.768
-0.004,-0.002,0.770
-0.004,-0.002,0.769
-0.005,0.001,0.768
-0.005,-0.002,0.767
-0.005,-0.001,0.768
-0.005,-0.003,0.772
-0.005,-0.002,0.776
-0.005,-0.002,0.774
-0.005,-0.001,0.774
-0.005,-0.001,0.775
-0.002,-0.003,0.775
-0.003,-0.001,0.774
-0.005,-0.003,0.773
-0.003,-0.001,0.775
-0.003,-0.003,0.774
-0.003,0.001,0.776
-0.001,0.000,0.776
-0.002,-0.002,0.777
-0.001,-0.002,0.779
0.001,-0.002,0.778
-0.002,0.000,0.779
0.000,0.001,0.776
-0.002,-0.001,0.774
0.000,-0.001,0.769
-0.001,-0.003,0.771
-0.002,-0.002,0.767
-0.001,-0.002,0.768
-0.001,-0.004,0.772
0.001,-0.003,0.773
-0.001,0.000,0.773
0.001,-0.002,0.771
0.001,-0.003,0.775
0.001,-0.003,0.774
0.003,-0.004,0.774
0.002,-0.003,0.772
0.002,-0.003,0.774
0.002,-0.001,0.776
0.004,-0.005,0.775
0.002,-0.005,0.775
0.003,-0.001,0.781
0.005,0.000,0.780
0.004,0.002,0.780
0.002,0.000,0.777
0.006,-0.001,0.778
0.005,-0.002,0.774
0.002,-0.001,0.777
0.001,0.002,0.772
0.003,-0.001,0.768
0.003,-0.001,0.768
0.005,-0.001,0.770
0.005,0.001,0.768
0.003,-0.002,0.771
0.002,-0.001,0.774
0.003,-0.001,0.773
0.003,-0.002,0.778
0.006,-0.001,0.774
0.005,0.001,0.773
0.002,0.002,0.772
0.005,-0.003,0.773
0.002,-0.002,0.773
0.005,-0.002,0.778
0.003,-0.001,0.776
0.002,-0.004,0.778
0.002,0.002,0.779
0.005,-0.001,0.782
0.003,0.001,0.782
0.002,-0.005,0.778
0.005,-0.004,0.774
0.004,-0.005,0.775
0.001,-0.004,0.774
0.003,0.000,0.773
0.003,-0.002,0.771
0.003,-0.003,0.771
0.002,-0.003,0.771
0.002,-0.004,0.768
0.003,-0.003,0.771
0.003,-0.004,0.773
0.004,-0.001,0.771
0.003,-0.001,0.771
0.005,-0.003,0.771
0.003,-0.005,0.770
0.002,-0.003,0.773
0.004,-0.002,0.773
0.002,0.000,0.773
0.004,-0.001,0.777
0.006,-0.002,0.781
0.004,-0.001,0.780
0.005,-0.002,0.779
0.003,-0.004,0.781
0.006,-0.004,0.777
0.004,0.000,0.779
0.003,-0.001,0.776
0.005,-0.001,0.770
0.005,-0.005,0.773
0.003,-0.003,0.771
0.004,-0.001,0.771
0.002,-0.004,0.773
0.001,-0.005,0.773
0.002,-0.005,0.773
0.003,-0.001,0.772
0.002,-0.001,0.773
0.003,-0.003,0.775
0.003,-0.004,0.769
0.002,-0.003,0.770
0.004,-0.001,0.773
0.005,0.000,0.772
0.003,-0.002,0.774
0.003,-0.002,0.778
0.006,-0.002,0.778
0.003,-0.001,0.779
0.003,-0.002,0.778
0.003,-0.004,0.780
0.004,-0.002,0.778
0.003,0.001,0.778
0.003,-0.002,0.777
0.004,0.000,0.774
0.004,-0.002,0.771
0.006,0.003,0.771
0.007,0.001,0.771
0.006,0.001,0.775
0.006,0.001,0.773
0.007,0.002,0.771
0.005,0.000,0.770
0.006,-0.001,0.769
0.006,-0.001,0.772
0.008,0.001,0.768
0.007,0.002,0.767
0.009,0.001,0.770
0.009,0.001,0.769
0.009,-0.001,0.772
0.011,0.003,0.772
0.009,0.002,0.775
0.010,0.003,0.777
0.010,0.002,0.779
0.010,0.005,0.780
0.011,0.001,0.780
0.009,0.002,0.776
0.007,-0.001,0.776
0.009,0.002,0.774
0.010,0.001,0.776
0.007,0.002,0.776
0.009,0.005,0.773
0.009,0.002,0.774
0.009,0.004,0.775
0.007,0.000,0.773
0.003,0.000,0.772
0.005,-0.001,0.768
0.005,0.004,0.770
0.005,0.004,0.771
0.004,0.005,0.767
0.003,-0.001,0.771
0.004,0.002,0.769
0.004,0.000,0.770
0.001,0.004,0.772
0.004,0.003,0.777
0.003,0.002,0.778
0.004,0.000,0.779
0.003,0.001,0.778
0.005,0.001,0.778
0.003,0.003,0.774
0.002,0.000,0.774
0.002,0.002,0.773
0.003,-0.001,0.777
0.002,0.000,0.779
0.001,0.001,0.774
0.000,0.002,0.778
0.003,-0.003,0.775
0.002,-0.001,0.772
0.002,0.000,0.777
0.004,0.002,0.768
0.001,0.001,0.766
0.002,0.000,0.770
0.003,-0.002,0.768
0.003,0.000,0.770
0.002,0.001,0.773
0.003,-0.001,0.771
0.003,-0.001,0.773
0.001,-0.003,0.775
0.002,-0.003,0.774
0.002,-0.002,0.776
0.001,0.000,0.772
0.001,-0.001,0.776
-0.002,-0.001,0.775
0.001,-0.003,0.778
-0.001,-0.002,0.781
-0.002,-0.003,0.779
0.000,-0.002,0.780
0.000,0.002,0.779
0.001,0.004,0.776
0.000,0.001,0.780
-0.002,0.001,0.774
0.003,-0.001,0.771
0.001,-0.002,0.771
0.002,-0.001,0.767
-0.001,-0.002,0.767
0.000,0.000,0.770
0.001,0.002,0.769
0.001,0.002,0.772
-0.001,0.003,0.772
0.001,0.004,0.771
0.003,0.001,0.772
0.002,0.001,0.771
0.000,0.001,0.773
0.002,0.002,0.771
0.001,0.002,0.773
0.001,0.006,0.774
0.005,0.007,0.774
0.001,0.004,0.779
0.002,0.002,0.777
-0.001,0.001,0.777
0.002,-0.001,0.780
0.000,0.002,0.777
0.000,0.005,0.776
0.001,0.006,0.779
0.001,0.003,0.777
0.003,0.003,0.772
0.002,0.001,0.771
0.001,0.000,0.772
0.004,0.003,0.771
0.002,0.005,0.769
0.002,0.001,0.771
-0.001,0.003,0.772
0.002,0.002,0.772
0.001,0.002,0.772
0.001,0.003,0.767
0.002,0.002,0.768
0.001,-0.001,0.769
0.001,0.001,0.771
0.003,0.003,0.772
0.001,0.007,0.774
0.002,0.004,0.775
0.000,0.003,0.776
0.002,0.000,0.781
0.003,-0.001,0.782
0.003,0.001,0.779
0.004,0.004,0.775
0.005,0.003,0.777
0.003,0.006,0.774
0.005,0.005,0.775
0.004,0.005,0.771
0.006,0.005,0.770
0.002,0.001,0.771
0.003,0.002,0.771
0.004,0.003,0.770
0.006,0.008,0.770
0.001,0.005,0.773
0.002,0.006,0.775
0.003,0.004,0.769
0.002,0.005,0.771
0.003,0.005,0.770
0.003,0.006,0.772
0.003,0.005,0.771
0.003,0.004,0.772
0.002,0.004,0.778
0.005,0.009,0.779
0.003,0.003,0.779
0.006,0.005,0.779
0.005,0.005,0.777
0.005,0.006,0.779
0.006,0.007,0.777
0.006,0.004,0.776
0.005,0.005,0.773
0.007,0.002,0.775
0.007,0.002,0.772
0.007,0.005,0.778
0.006,0.003,0.778
0.008,0.005,0.775
0.007,0.005,0.771
0.008,0.004,0.773
0.007,-0.001,0.772
0.009,0.002,0.770
0.010,0.003,0.768
0.009,0.005,0.768
0.011,0.005,0.766
0.010,0.004,0.772
0.010,0.001,0.772
0.012,0.000,0.774
0.009,0.001,0.776
0.009,0.002,0.776
0.010,0.002,0.778
0.011,0.001,0.780
0.015,-0.001,0.776
0.012,0.001,0.778
0.011,0.000,0.772
0.010,0.003,0.774
0.009,-0.001,0.779
0.010,0.002,0.776
0.010,0.001,0.780
0.012,0.001,0.779
0.010,0.000,0.775
0.011,-0.002,0.778
0.011,0.001,0.771
0.009,0.002,0.771
0.010,0.002,0.774
0.009,0.003,0.770
0.010,0.002,0.768
0.010,0.001,0.766
0.009,0.002,0.767
0.010,0.003,0.770
0.008,0.003,0.773
0.007,0.004,0.773
0.008,0.003,0.774
0.008,0.001,0.773
0.006,0.004,0.775
0.007,0.002,0.772
0.007,0.005,0.775
0.008,0.006,0.776
0.007,0.005,0.776
0.005,0.003,0.774
0.008,0.001,0.777
0.006,0.001,0.776
0.005,0.002,0.781
0.007,0.003,0.776
0.005,0.004,0.776
0.005,0.001,0.775
0.006,0.001,0.772
0.007,-0.001,0.770
0.004,-0.001,0.772
0.006,0.002,0.768
0.004,0.001,0.767
0.006,0.002,0.768
0.005,0.000,0.769
0.008,0.000,0.771
0.009,0.003,0.772
0.007,0.003,0.772
0.007,-0.001,0.768
0.005,-0.004,0.774
0.006,0.001,0.774
0.005,-0.003,0.772
0.006,-0.002,0.771
0.007,-0.005,0.773
0.006,-0.005,0.776
0.008,-0.002,0.778
0.005,-0.004,0.779
0.006,-0.001,0.779
0.006,-0.007,0.780
0.008,-0.003,0.777
0.009,-0.002,0.396
0.222,-0.018,1.113
0.224,-0.020,1.115
0.220,-0.019,1.094
0.216,-0.016,1.094
0.214,-0.018,1.094
0.214,-0.016,1.085
0.211,-0.017,1.084
0.210,-0.014,1.086
0.209,-0.015,1.085
0.209,-0.017,1.076
0.208,-0.015,1.069
0.208,-0.015,1.074
0.207,-0.016,1.081
0.207,-0.016,1.078
0.208,-0.017,1.069
0.207,-0.014,1.068
0.206,-0.015,1.079
0.206,-0.016,1.090
0.205,-0.019,1.090
0.206,-0.016,1.094
0.204,-0.016,1.078
0.205,-0.019,1.083
0.205,-0.017,1.097
0.204,-0.017,1.089
0.204,-0.015,1.093
0.204,-0.016,1.092
0.203,-0.016,1.079
0.202,-0.015,1.089
0.202,-0.014,1.087
0.204,-0.012,1.085
0.206,-0.014,1.087
0.203,-0.013,1.081
0.202,-0.014,1.080
0.202,-0.012,1.082
0.203,-0.013,1.074
0.201,-0.011,1.078
0.202,-0.013,1.076
0.202,-0.015,1.065
0.204,-0.013,1.070
0.203,-0.013,1.078
0.203,-0.013,1.075
0.203,-0.013,1.074
0.199,-0.015,1.072
0.202,-0.015,1.075
0.201,-0.014,1.082
0.200,-0.014,1.080
0.202,-0.015,1.080
0.200,-0.017,1.081
0.200,-0.017,1.075
0.199,-0.019,1.069
0.200,-0.020,1.078
0.199,-0.018,1.088
0.201,-0.016,1.086
0.199,-0.017,1.077
0.201,-0.017,1.079
0.200,-0.017,1.088
0.200,-0.019,1.085
0.200,-0.021,1.074
0.198,-0.017,1.070
0.199,-0.015,1.078
0.200,-0.017,1.076
0.199,-0.016,1.071
0.197,-0.018,1.072
0.200,-0.018,1.084
0.198,-0.015,1.085
0.198,-0.014,1.076
0.198,-0.016,1.072
0.200,-0.017,1.077
0.197,-0.016,1.080
0.198,-0.018,1.076
0.199,-0.016,1.075
0.198,-0.018,1.078
0.199,-0.019,1.078
0.199,-0.018,1.082
0.199,-0.016,1.092
0.199,-0.017,1.091
0.201,-0.021,1.086
0.201,-0.021,1.080
0.203,-0.023,1.084
0.203,-0.021,1.086
0.200,-0.018,1.079
0.200,-0.018,1.072
0.202,-0.019,1.075
0.203,-0.018,1.077
0.201,-0.021,1.073
0.200,-0.016,1.080
0.202,-0.015,1.081
0.204,-0.014,1.072
0.203,-0.017,1.073
0.203,-0.016,1.074
0.205,-0.015,1.074
0.202,-0.013,1.074
0.204,-0.013,1.074
0.202,-0.014,1.076
0.201,-0.015,1.073
0.201,-0.015,1.079
0.201,-0.014,1.089
0.203,-0.011,1.078
0.204,-0.014,1.079
0.201,-0.014,1.075
0.202,-0.015,1.074
0.203,-0.014,1.069
0.202,-0.017,1.075
0.202,-0.013,1.075
0.202,-0.015,1.072
0.202,-0.015,1.072
0.200,-0.019,1.073
0.199,-0.018,1.075
0.202,-0.018,1.077
0.202,-0.016,1.066
0.205,-0.016,1.071
0.201,-0.015,1.066
0.202,-0.015,1.060
0.202,-0.015,1.063
0.203,-0.014,1.060
0.201,-0.011,1.065
0.203,-0.013,1.068
0.203,-0.013,1.068
0.205,-0.010,1.063
0.204,-0.010,1.067
0.204,-0.011,1.069
0.205,-0.011,1.076
0.205,-0.012,1.073
0.203,-0.011,1.076
0.205,-0.013,1.075
0.205,-0.013,1.073
0.205,-0.013,1.077
0.205,-0.013,1.077
0.204,-0.008,1.084
0.204,-0.009,1.086
0.202,-0.010,1.081
0.203,-0.012,1.081
0.205,-0.011,1.083
0.205,-0.013,1.071
0.205,-0.011,1.076
0.203,-0.013,1.075
0.203,-0.010,1.072
0.204,-0.010,1.069
0.203,-0.010,1.063
0.202,-0.010,1.071
0.201,-0.011,1.075
0.201,-0.012,1.070
0.202,-0.011,1.076
0.201,-0.011,1.081
0.202,-0.011,1.069
0.201,-0.015,1.066
0.202,-0.011,1.066
0.202,-0.011,1.070
0.201,-0.012,1.069
0.203,-0.013,1.076
0.200,-0.013,1.077
0.200,-0.011,1.080
0.200,-0.011,1.082
0.201,-0.015,1.080
0.198,-0.014,1.075
0.200,-0.013,1.082
0.200,-0.015,1.086
0.200,-0.014,1.075
0.200,-0.016,1.080
0.200,-0.014,1.076
0.200,-0.015,1.074
0.200,-0.015,1.071
0.201,-0.013,1.071
0.200,-0.012,1.077
0.200,-0.015,1.068
0.199,-0.015,1.070
0.200,-0.011,1.069
0.200,-0.014,1.064
0.201,-0.014,1.065
0.202,-0.015,1.069
0.200,-0.013,1.073
0.200,-0.013,1.071
0.198,-0.014,1.077
0.197,-0.014,1.071
0.199,-0.011,1.070
0.200,-0.013,1.066
0.197,-0.013,1.079
0.198,-0.014,1.077
0.198,-0.015,1.070
0.199,-0.015,1.076
0.198,-0.013,1.076
0.198,-0.015,1.074
0.201,-0.014,1.085
0.200,-0.018,1.076
0.199,-0.016,1.085
0.199,-0.016,1.080
0.198,-0.017,1.073
0.201,-0.015,1.079
0.199,-0.016,1.069
0.200,-0.015,1.062
0.202,-0.018,1.065
0.202,-0.017,1.073
0.200,-0.014,1.066
0.200,-0.014,1.069
0.202,-0.015,1.074
0.201,-0.015,1.075
0.200,-0.016,1.064
0.200,-0.017,1.068
0.201,-0.014,1.056
0.202,-0.015,1.067
0.200,-0.015,1.068
0.199,-0.018,1.063
0.199,-0.015,1.069
0.198,-0.015,1.073
0.198,-0.014,1.073
0.200,-0.017,1.079
0.200,-0.016,1.074
0.197,-0.018,1.072
0.200,-0.016,1.074
0.199,-0.015,1.077
0.199,-0.017,1.077
0.202,-0.015,1.067
0.202,-0.015,1.070
0.202,-0.015,1.068
0.199,-0.017,1.070
0.199,-0.017,1.068
0.200,-0.015,1.064
0.206,-0.016,1.063
0.202,-0.015,1.065
0.202,-0.019,1.064
0.202,-0.018,1.066
0.201,-0.020,1.064
0.203,-0.017,1.058
0.200,-0.019,1.059
0.201,-0.018,1.067
0.200,-0.019,1.064
0.201,-0.018,1.065
0.202,-0.020,1.066
0.202,-0.018,1.073
0.203,-0.018,1.077
0.203,-0.015,1.078
0.203,-0.019,1.068
0.202,-0.017,1.069
0.201,-0.018,1.072
0.201,-0.016,1.066
0.202,-0.017,1.080
0.201,-0.017,1.077
0.203,-0.015,1.074
0.203,-0.014,1.074
0.204,-0.012,1.074
0.202,-0.015,1.078
0.203,-0.016,1.073
0.202,-0.015,1.068
0.202,-0.015,1.069
0.200,-0.019,1.066
0.201,-0.018,1.065
0.199,-0.014,1.061
0.200,-0.017,1.066
0.200,-0.018,1.073
0.199,-0.015,1.068
0.200,-0.016,1.070
0.200,-0.018,1.070
0.197,-0.017,1.073
0.197,-0.017,1.068
0.195,-0.015,1.065
0.195,-0.015,1.064
0.197,-0.015,1.074
0.200,-0.017,1.075
0.196,-0.014,1.065
0.196,-0.016,1.064
0.196,-0.014,1.083
0.197,-0.015,1.082
0.196,-0.019,1.074
0.196,-0.015,1.076
0.196,-0.014,1.068
0.196,-0.017,1.065
0.197,-0.017,1.074
0.195,-0.016,1.072
0.197,-0.014,1.072
0.198,-0.014,1.072
0.195,-0.014,1.069
0.198,-0.014,1.072
0.196,-0.014,1.078
0.197,-0.013,1.075
0.197,-0.013,1.067
0.197,-0.015,1.065
0.195,-0.014,1.070
0.197,-0.013,1.071
0.196,-0.013,1.081
0.195,-0.016,1.081
0.194,-0.017,1.080
0.195,-0.015,1.077
0.196,-0.014,1.082
0.195,-0.016,1.065
0.196,-0.013,1.069
0.194,-0.014,1.077
0.195,-0.015,1.072
0.196,-0.015,1.066
0.194,-0.015,1.068
0.194,-0.018,1.068
0.196,-0.017,1.070
0.195,-0.017,1.068
0.194,-0.017,1.072
0.198,-0.020,1.072
0.196,-0.020,1.069
0.195,-0.021,1.064
0.196,-0.020,1.068
0.196,-0.019,1.070
0.194,-0.019,1.062
0.196,-0.019,1.066
0.195,-0.018,1.074
0.195,-0.021,1.083
0.195,-0.023,1.070
0.196,-0.018,1.071
0.198,-0.019,1.065
0.196,-0.017,1.070
0.196,-0.018,1.072
0.197,-0.022,1.078
0.196,-0.017,1.075
0.195,-0.015,1.081
0.195,-0.015,1.073
0.196,-0.014,1.066
0.197,-0.013,1.071
0.196,-0.016,1.080
0.196,-0.015,1.076
0.197,-0.013,1.078
0.197,-0.012,1.067
0.197,-0.011,1.062
0.199,-0.011,1.060
0.198,-0.012,1.064
0.198,-0.012,1.076
0.196,-0.013,1.071
0.195,-0.011,1.072
0.195,-0.010,1.060
0.196,-0.011,1.062
0.197,-0.011,1.070
0.196,-0.010,1.070
0.199,-0.012,1.069
0.199,-0.011,1.075
0.198,-0.012,1.073
0.197,-0.011,1.066
0.197,-0.011,1.064
0.199,-0.009,1.081
0.201,-0.009,1.083
0.199,-0.008,1.078
0.200,-0.011,1.060
0.200,-0.011,1.064
0.201,-0.010,1.074
0.200,-0.010,1.070
0.200,-0.011,1.062
0.200,-0.011,1.060
0.201,-0.010,1.062
0.201,-0.007,1.056
0.198,-0.010,1.055
0.198,-0.011,1.054
0.199,-0.012,1.058
0.199,-0.010,1.069
0.198,-0.010,1.062
0.197,-0.009,1.053
0.196,-0.010,1.063
0.199,-0.010,1.063
0.199,-0.011,1.051
0.200,-0.009,1.058
0.197,-0.011,1.067
0.199,-0.011,1.078
0.198,-0.010,1.068
0.199,-0.010,1.078
0.196,-0.009,1.079
0.198,-0.011,1.071
0.199,-0.011,1.068
0.200,-0.010,1.066
0.197,-0.011,1.061
0.198,-0.011,1.070
0.197,-0.010,1.066
0.197,-0.010,1.058
0.197,-0.010,1.058
0.195,-0.011,1.066
0.197,-0.013,1.057
0.196,-0.011,1.057
0.196,-0.010,1.060
0.195,-0.012,1.065
0.197,-0.011,1.051
0.195,-0.011,1.056
0.195,-0.011,1.055
0.194,-0.011,1.052
0.195,-0.010,1.057
0.195,-0.011,1.061
0.195,-0.009,1.068
0.196,-0.010,1.068
0.193,-0.011,1.056
0.194,-0.011,1.065
0.195,-0.009,1.068
0.195,-0.009,1.069
0.194,-0.009,1.075
0.193,-0.011,1.069
0.195,-0.010,1.063
0.196,-0.011,1.064
0.194,-0.011,1.071
0.195,-0.013,1.069
0.196,-0.009,1.075
0.196,-0.010,1.075
0.195,-0.010,1.063
0.198,-0.010,1.065
0.199,-0.011,1.058
0.199,-0.010,1.060
0.198,-0.011,1.054
0.198,-0.012,1.065
0.198,-0.011,1.066
0.200,-0.012,1.069
0.199,-0.012,1.070
0.202,-0.012,1.066
0.201,-0.009,1.058
0.200,-0.009,1.068
0.201,-0.012,1.068
0.199,-0.011,1.065
0.200,-0.013,1.066
0.201,-0.012,1.065
0.199,-0.013,1.068
0.200,-0.013,1.079
0.197,-0.012,1.071
0.199,-0.011,1.071
0.197,-0.012,1.074
0.198,-0.011,1.070
0.198,-0.014,1.066
0.198,-0.012,1.073
0.197,-0.011,1.070
0.199,-0.011,1.068
0.198,-0.013,1.058
0.199,-0.015,1.061
0.198,-0.015,1.072
0.199,-0.014,1.074
0.198,-0.015,1.067
0.198,-0.015,1.069
0.196,-0.013,1.061
0.196,-0.013,1.061
0.198,-0.015,1.064
0.198,-0.014,1.071
0.197,-0.011,1.076
0.198,-0.011,1.068
0.198,-0.015,1.060
0.197,-0.015,1.079
0.199,-0.017,1.083
0.199,-0.013,1.067
0.199,-0.015,1.075
0.200,-0.015,1.088
0.199,-0.014,1.074
0.200,-0.015,1.066
0.201,-0.014,1.071
0.197,-0.015,1.078
0.197,-0.016,1.072
0.200,-0.017,1.073
0.200,-0.015,1.078
0.198,-0.014,1.080
0.198,-0.015,1.079
0.198,-0.015,1.065
0.199,-0.017,1.060
0.197,-0.018,1.061
0.198,-0.018,1.059
0.197,-0.015,1.065
0.198,-0.017,1.064
0.196,-0.015,1.065
0.199,-0.018,1.069
0.198,-0.017,1.065
0.200,-0.015,1.068
0.200,-0.015,1.062
0.199,-0.015,1.060
0.200,-0.015,1.071
0.198,-0.017,1.076
0.201,-0.014,1.067
0.199,-0.014,1.074
0.200,-0.013,1.075
0.200,-0.015,1.070
0.201,-0.013,1.070
0.200,-0.015,1.078
0.202,-0.012,1.071
0.203,-0.011,1.069
0.204,-0.012,1.066
0.204,-0.011,1.070
0.203,-0.011,1.064
0.204,-0.013,1.061
0.203,-0.014,1.071
0.204,-0.012,1.063
0.203,-0.013,1.064
0.203,-0.012,1.066
0.203,-0.011,1.065
0.203,-0.010,1.066
0.203,-0.011,1.055
0.203,-0.009,1.054
0.202,-0.010,1.068
0.202,-0.013,1.063
0.203,-0.013,1.057
0.202,-0.013,1.060
0.204,-0.010,1.064
0.202,-0.013,1.066
0.200,-0.014,1.067
0.199,-0.009,1.072
0.199,-0.009,1.067
0.200,-0.012,1.074
0.200,-0.012,1.058
0.203,-0.009,1.057
0.201,-0.014,1.074
0.200,-0.014,1.078
0.202,-0.013,1.061
0.202,-0.013,1.064
0.202,-0.013,1.066
0.201,-0.012,1.068
0.200,-0.009,1.072
0.201,-0.009,1.068
0.202,-0.010,1.062
0.201,-0.008,1.061
0.242,-0.011,1.292
0.464,-0.018,1.492
0.458,-0.018,1.464
0.452,-0.017,1.471
0.449,-0.018,1.455
0.448,-0.017,1.457
0.446,-0.017,1.455
0.444,-0.016,1.452
0.442,-0.019,1.452
0.439,-0.019,1.446
0.440,-0.019,1.443
0.439,-0.017,1.438
0.437,-0.018,1.429
0.437,-0.018,1.431
0.435,-0.018,1.441
0.436,-0.021,1.442
0.432,-0.019,1.433
0.435,-0.019,1.427
0.432,-0.019,1.427
0.434,-0.022,1.433
0.430,-0.021,1.431
0.433,-0.019,1.434
0.431,-0.019,1.428
0.431,-0.020,1.432
0.431,-0.022,1.434
0.430,-0.023,1.431
0.431,-0.021,1.442
0.431,-0.019,1.441
0.428,-0.022,1.433
0.429,-0.019,1.428
0.431,-0.022,1.431
0.431,-0.019,1.438
0.432,-0.022,1.431
0.429,-0.021,1.430
0.429,-0.019,1.425
0.430,-0.021,1.431
0.429,-0.019,1.423
0.430,-0.020,1.427
0.431,-0.019,1.426
0.427,-0.018,1.428
0.427,-0.019,1.420
0.428,-0.018,1.415
0.428,-0.020,1.412
0.428,-0.017,1.411
0.428,-0.015,1.411
0.428,-0.016,1.423
0.429,-0.017,1.425
0.427,-0.017,1.425
0.429,-0.016,1.421
0.427,-0.015,1.422
0.431,-0.015,1.419
0.429,-0.015,1.425
0.428,-0.017,1.421
0.430,-0.017,1.425
0.431,-0.017,1.431
0.430,-0.018,1.430
0.430,-0.015,1.428
0.428,-0.017,1.436
0.429,-0.017,1.427
0.428,-0.015,1.425
0.432,-0.015,1.416
0.429,-0.013,1.417
0.430,-0.013,1.416
0.430,-0.014,1.420
0.428,-0.015,1.415
0.430,-0.017,1.411
0.429,-0.011,1.415
0.428,-0.014,1.424
0.427,-0.015,1.423
0.428,-0.015,1.419
0.427,-0.013,1.417
0.428,-0.013,1.414
0.427,-0.015,1.405
0.426,-0.015,1.411
0.425,-0.015,1.417
0.425,-0.017,1.424
0.426,-0.014,1.419
0.427,-0.014,1.413
0.425,-0.017,1.418
0.425,-0.015,1.413
0.426,-0.014,1.424
0.425,-0.017,1.427
0.425,-0.015,1.422
0.425,-0.016,1.420
0.425,-0.018,1.409
0.425,-0.017,1.403
0.424,-0.018,1.425
0.425,-0.017,1.423
0.424,-0.019,1.419
0.425,-0.021,1.409
0.423,-0.019,1.408
0.423,-0.019,1.404
0.422,-0.020,1.410
0.424,-0.022,1.413
0.421,-0.021,1.418
0.421,-0.022,1.411
0.423,-0.018,1.415
0.423,-0.020,1.405
0.422,-0.022,1.413
0.423,-0.024,1.417
0.424,-0.023,1.426
0.421,-0.022,1.422
0.421,-0.022,1.419
0.420,-0.026,1.410
0.422,-0.026,1.410
0.423,-0.026,1.420
0.422,-0.026,1.423
0.423,-0.026,1.415
0.423,-0.027,1.412
0.422,-0.025,1.407
0.423,-0.025,1.411
0.423,-0.022,1.421
0.424,-0.023,1.413
0.425,-0.021,1.414
0.423,-0.022,1.409
0.425,-0.019,1.396
0.421,-0.022,1.405
0.422,-0.022,1.412
0.422,-0.022,1.411
0.422,-0.022,1.415
0.421,-0.022,1.406
0.420,-0.022,1.403
0.420,-0.022,1.408
0.421,-0.019,1.413
0.421,-0.022,1.413
0.420,-0.020,1.408
0.419,-0.023,1.403
0.420,-0.019,1.409
0.420,-0.019,1.411
0.421,-0.019,1.416
0.420,-0.022,1.423
0.419,-0.019,1.422
0.419,-0.022,1.411
0.421,-0.020,1.406
0.419,-0.019,1.407
0.420,-0.022,1.406
0.422,-0.021,1.407
0.419,-0.022,1.410
0.420,-0.021,1.408
0.420,-0.024,1.409
0.419,-0.022,1.411
0.422,-0.024,1.408
0.419,-0.021,1.413
0.421,-0.022,1.420
0.420,-0.022,1.410
0.419,-0.023,1.402
0.421,-0.023,1.398
0.421,-0.022,1.405
0.419,-0.019,1.407
0.418,-0.019,1.417
0.419,-0.019,1.417
0.419,-0.020,1.415
0.420,-0.021,1.417
0.419,-0.021,1.414
0.419,-0.020,1.416
0.420,-0.019,1.418
0.419,-0.020,1.409
0.419,-0.018,1.406
0.422,-0.020,1.409
0.421,-0.017,1.412
0.422,-0.017,1.418
0.420,-0.019,1.422
0.420,-0.018,1.419
0.420,-0.019,1.413
0.419,-0.020,1.399
0.422,-0.017,1.403
0.422,-0.016,1.410
0.422,-0.017,1.410
0.419,-0.018,1.409
0.421,-0.018,1.403
0.419,-0.020,1.415
0.419,-0.017,1.421
0.420,-0.019,1.415
0.421,-0.018,1.407
0.421,-0.021,1.406
0.421,-0.018,1.398
0.420,-0.017,1.409
0.417,-0.016,1.407
0.419,-0.016,1.414
0.420,-0.016,1.411
0.418,-0.019,1.414
0.417,-0.018,1.409
0.418,-0.019,1.417
0.419,-0.021,1.417
0.419,-0.017,1.418
0.419,-0.019,1.413
0.420,-0.018,1.410
0.420,-0.017,1.408
0.421,-0.018,1.407
0.418,-0.020,1.406
0.420,-0.021,1.414
0.418,-0.018,1.416
0.418,-0.020,1.402
0.418,-0.017,1.399
0.419,-0.017,1.407
0.419,-0.021,1.415
0.419,-0.019,1.415
0.419,-0.018,1.407
0.420,-0.016,1.397
0.417,-0.017,1.398
0.419,-0.018,1.403
0.420,-0.015,1.416
0.418,-0.018,1.417
0.418,-0.014,1.421
0.420,-0.018,1.412
0.419,-0.017,1.406
0.418,-0.017,1.411
0.418,-0.015,1.423
0.418,-0.016,1.417
0.418,-0.017,1.418
0.418,-0.018,1.417
0.421,-0.017,1.417
0.419,-0.018,1.421
0.419,-0.016,1.419
0.421,-0.013,1.419
0.421,-0.017,1.420
0.418,-0.016,1.411
0.419,-0.018,1.407
0.419,-0.015,1.411
0.421,-0.016,1.417
0.420,-0.017,1.415
0.420,-0.017,1.406
0.418,-0.017,1.411
0.418,-0.018,1.406
0.420,-0.015,1.417
0.418,-0.015,1.421
0.419,-0.017,1.416
0.418,-0.015,1.405
0.419,-0.016,1.405
0.419,-0.014,1.403
0.417,-0.018,1.417
0.416,-0.017,1.427
0.416,-0.015,1.426
0.418,-0.015,1.411
0.415,-0.018,1.407
0.417,-0.017,1.412
0.416,-0.018,1.422
0.414,-0.018,1.425
0.415,-0.018,1.415
0.414,-0.018,1.411
0.414,-0.021,1.414
0.416,-0.018,1.407
0.415,-0.019,1.422
0.417,-0.019,1.425
0.416,-0.021,1.417
0.414,-0.022,1.407
0.414,-0.019,1.406
0.415,-0.018,1.422
0.416,-0.019,1.420
0.414,-0.020,1.397
0.413,-0.019,1.389
0.415,-0.021,1.410
0.416,-0.021,1.424
0.415,-0.022,1.418
0.414,-0.019,1.403
0.414,-0.019,1.405
0.413,-0.018,1.421
0.416,-0.021,1.405
0.415,-0.022,1.404
0.414,-0.022,1.402
0.414,-0.022,1.409
0.413,-0.020,1.417
0.413,-0.023,1.419
0.413,-0.018,1.418
0.415,-0.019,1.421
0.413,-0.018,1.415
0.411,-0.019,1.417
0.414,-0.021,1.411
0.417,-0.020,1.403
0.414,-0.022,1.404
0.414,-0.019,1.413
0.413,-0.017,1.418
0.413,-0.018,1.417
0.413,-0.019,1.406
0.413,-0.017,1.403
0.414,-0.018,1.403
0.414,-0.018,1.413
0.412,-0.015,1.407
0.415,-0.016,1.396
0.415,-0.015,1.394
0.416,-0.017,1.409
0.414,-0.017,1.410
0.416,-0.017,1.409
0.414,-0.015,1.408
0.416,-0.017,1.404
0.415,-0.016,1.407
0.413,-0.017,1.403
0.415,-0.017,1.406
0.414,-0.016,1.410
0.414,-0.015,1.410
0.415,-0.017,1.395
0.415,-0.017,1.405
0.415,-0.015,1.419
0.414,-0.015,1.423
0.413,-0.015,1.410
0.414,-0.015,1.407
0.415,-0.017,1.402
0.416,-0.017,1.407
0.412,-0.016,1.404
0.413,-0.015,1.411
0.413,-0.015,1.411
0.411,-0.015,1.407
0.413,-0.018,1.401
0.413,-0.015,1.408
0.411,-0.018,1.413
0.413,-0.018,1.416
0.411,-0.014,1.414
0.412,-0.015,1.402
0.413,-0.018,1.397
0.411,-0.018,1.403
0.412,-0.018,1.409
0.411,-0.017,1.413
0.410,-0.015,1.406
0.411,-0.018,1.398
0.410,-0.019,1.403
0.411,-0.017,1.404
0.410,-0.015,1.414
0.410,-0.017,1.413
0.410,-0.015,1.409
0.411,-0.015,1.399
0.411,-0.016,1.408
0.410,-0.016,1.413
0.410,-0.015,1.418
0.409,-0.018,1.415
0.411,-0.018,1.412
0.410,-0.019,1.411
0.412,-0.021,1.410
0.412,-0.018,1.412
0.410,-0.017,1.407
0.411,-0.017,1.408
0.411,-0.020,1.397
0.410,-0.019,1.399
0.413,-0.019,1.399
0.410,-0.021,1.418
0.411,-0.023,1.416
0.409,-0.019,1.405
0.413,-0.018,1.402
0.413,-0.017,1.396
0.413,-0.020,1.405
0.411,-0.020,1.413
0.411,-0.021,1.405
0.412,-0.019,1.404
0.412,-0.018,1.388
0.411,-0.019,1.394
0.411,-0.019,1.398
0.411,-0.018,1.415
0.412,-0.020,1.411
0.410,-0.021,1.393
0.411,-0.021,1.388
0.413,-0.019,1.399
0.411,-0.020,1.403
0.411,-0.019,1.405
0.413,-0.017,1.405
0.411,-0.018,1.400
0.413,-0.019,1.403
0.415,-0.020,1.413
0.412,-0.021,1.406
0.416,-0.020,1.409
0.414,-0.018,1.408
0.414,-0.021,1.392
0.413,-0.018,1.405
0.415,-0.016,1.413
0.416,-0.018,1.411
0.416,-0.019,1.400
0.416,-0.018,1.397
0.416,-0.018,1.402
0.416,-0.018,1.403
0.417,-0.016,1.399
0.414,-0.017,1.399
0.416,-0.015,1.393
0.413,-0.017,1.381
0.416,-0.018,1.383
0.417,-0.015,1.403
0.415,-0.015,1.401
0.415,-0.017,1.407
0.416,-0.017,1.396
0.416,-0.018,1.392
0.416,-0.015,1.390
0.416,-0.014,1.399
0.415,-0.014,1.401
0.416,-0.015,1.394
0.415,-0.015,1.396
0.414,-0.015,1.399
0.415,-0.016,1.399
0.415,-0.015,1.401
0.415,-0.015,1.409
0.414,-0.016,1.405
0.414,-0.017,1.404
0.414,-0.015,1.405
0.413,-0.013,1.403
0.412,-0.015,1.407
0.411,-0.017,1.404
0.410,-0.017,1.391
0.413,-0.017,1.401
0.411,-0.015,1.407
0.412,-0.015,1.407
0.414,-0.014,1.402
0.411,-0.019,1.405
0.411,-0.018,1.394
0.410,-0.017,1.395
0.412,-0.018,1.393
0.412,-0.015,1.399
0.412,-0.014,1.399
0.411,-0.015,1.400
0.411,-0.015,1.397
0.412,-0.016,1.394
0.410,-0.015,1.392
0.411,-0.014,1.389
0.410,-0.016,1.390
0.411,-0.017,1.402
0.411,-0.017,1.394
0.410,-0.019,1.398
0.410,-0.017,1.391
0.409,-0.014,1.391
0.412,-0.015,1.403
0.411,-0.015,1.403
0.412,-0.018,1.403
0.411,-0.017,1.402
0.412,-0.014,1.403
0.410,-0.015,1.407
0.411,-0.015,1.398
0.412,-0.016,1.405
0.412,-0.014,1.406
0.411,-0.016,1.401
0.411,-0.017,1.407
0.411,-0.013,1.406
0.410,-0.015,1.397
0.411,-0.015,1.404
0.409,-0.015,1.397
0.412,-0.015,1.395
0.409,-0.017,1.404
0.410,-0.018,1.401
0.410,-0.015,1.401
0.409,-0.016,1.399
0.410,-0.018,1.397
0.410,-0.018,1.396
0.409,-0.017,1.396
0.408,-0.017,1.400
0.411,-0.018,1.399
0.410,-0.018,1.392
0.408,-0.017,1.390
0.408,-0.015,1.394
0.408,-0.015,1.401
0.409,-0.015,1.405
0.409,-0.017,1.397
0.408,-0.018,1.403
0.408,-0.018,1.407
0.409,-0.016,1.403
0.409,-0.017,1.403
0.408,-0.015,1.393
0.410,-0.017,1.404
0.409,-0.017,1.405
0.410,-0.016,1.410
0.410,-0.018,1.415
0.409,-0.015,1.409
0.408,-0.017,1.404
0.408,-0.016,1.417
0.408,-0.018,1.407
0.408,-0.014,1.405
0.410,-0.016,1.405
0.408,-0.014,1.409
0.409,-0.015,1.407
0.408,-0.015,1.404
0.410,-0.017,1.408
0.409,-0.016,1.407
0.408,-0.018,1.403
0.408,-0.018,1.411
0.409,-0.017,1.405
0.411,-0.016,1.392
0.411,-0.018,1.401
0.409,-0.017,1.401
0.410,-0.017,1.400
0.411,-0.017,1.409
0.411,-0.018,1.413
0.409,-0.018,1.402
0.410,-0.021,1.402
0.410,-0.019,1.410
0.412,-0.021,1.396
0.410,-0.018,1.399
0.413,-0.019,1.409
0.411,-0.020,1.401
0.413,-0.022,1.401
0.413,-0.021,1.402
0.413,-0.018,1.409
0.411,-0.018,1.406
0.412,-0.019,1.405
0.414,-0.020,1.406
0.414,-0.021,1.405
0.411,-0.018,1.403
0.415,-0.019,1.397
0.413,-0.019,1.401
0.413,-0.021,1.410
0.414,-0.018,1.406
0.416,-0.018,1.406
0.413,-0.017,1.409
0.415,-0.018,1.409
0.414,-0.016,1.408
0.414,-0.019,1.409
0.414,-0.018,1.403
0.414,-0.015,1.406
0.414,-0.015,1.413
0.569,-0.027,1.715
0.702,-0.030,1.817
0.694,-0.028,1.842
0.693,-0.024,1.827
0.691,-0.026,1.841
0.688,-0.025,1.839
0.687,-0.026,1.822
0.687,-0.025,1.815
0.685,-0.025,1.818
0.682,-0.024,1.819
0.682,-0.023,1.828
0.682,-0.022,1.816
0.684,-0.023,1.815
0.681,-0.021,1.826
0.680,-0.024,1.820
0.680,-0.024,1.810
0.679,-0.024,1.812
0.680,-0.021,1.809
0.677,-0.023,1.810
0.679,-0.025,1.811
0.677,-0.026,1.816
0.677,-0.022,1.808
0.677,-0.019,1.813
0.676,-0.021,1.812
0.675,-0.021,1.809
0.676,-0.022,1.810
0.672,-0.022,1.804
0.674,-0.020,1.804
0.672,-0.022,1.808
0.675,-0.021,1.811
0.673,-0.020,1.810
0.674,-0.021,1.803
0.674,-0.021,1.803
0.671,-0.019,1.805
0.674,-0.019,1.803
0.672,-0.019,1.800
0.672,-0.020,1.801
0.670,-0.019,1.791
0.672,-0.017,1.795
0.669,-0.019,1.797
0.673,-0.020,1.800
0.670,-0.019,1.799
0.672,-0.019,1.799
0.670,-0.018,1.790
0.670,-0.019,1.796
0.670,-0.017,1.795
0.669,-0.019,1.796
0.671,-0.018,1.796
0.672,-0.020,1.794
0.669,-0.022,1.794
0.669,-0.018,1.806
0.670,-0.016,1.807
0.670,-0.018,1.794
0.670,-0.019,1.803
0.670,-0.018,1.798
0.670,-0.021,1.800
0.668,-0.018,1.796
0.670,-0.021,1.802
0.669,-0.019,1.807
0.667,-0.019,1.801
0.669,-0.019,1.806
0.669,-0.020,1.801
0.668,-0.019,1.794
0.669,-0.020,1.801
0.667,-0.021,1.794
0.668,-0.018,1.794
0.668,-0.019,1.786
0.669,-0.020,1.777
0.669,-0.021,1.799
0.667,-0.021,1.808
0.669,-0.021,1.793
0.669,-0.022,1.784
0.670,-0.018,1.792
0.670,-0.021,1.790
0.669,-0.018,1.792
0.669,-0.022,1.795
0.669,-0.023,1.788
0.669,-0.020,1.784
0.671,-0.018,1.784
0.669,-0.018,1.790
0.669,-0.019,1.796
0.670,-0.022,1.804
0.669,-0.022,1.782
0.670,-0.020,1.789
0.669,-0.017,1.779
0.669,-0.022,1.789
0.668,-0.020,1.791
0.671,-0.018,1.790
0.670,-0.018,1.787
0.668,-0.018,1.798
0.668,-0.021,1.786
0.670,-0.021,1.794
0.671,-0.022,1.791
0.669,-0.018,1.794
0.668,-0.019,1.798
0.670,-0.019,1.791
0.670,-0.021,1.795
0.669,-0.019,1.798
0.669,-0.020,1.795
0.670,-0.017,1.796
0.668,-0.018,1.804
0.668,-0.020,1.799
0.669,-0.018,1.793
0.667,-0.020,1.792
0.670,-0.017,1.794
0.668,-0.019,1.791
0.668,-0.019,1.790
0.667,-0.017,1.796
0.665,-0.015,1.790
0.668,-0.018,1.803
0.666,-0.018,1.787
0.665,-0.018,1.785
0.667,-0.019,1.785
0.666,-0.019,1.786
0.667,-0.021,1.796
0.664,-0.018,1.791
0.665,-0.021,1.781
0.665,-0.019,1.784
0.665,-0.019,1.789
0.664,-0.020,1.790
0.666,-0.018,1.797
0.668,-0.020,1.780
0.665,-0.021,1.786
0.666,-0.019,1.780
0.665,-0.019,1.787
0.665,-0.018,1.792
0.665,-0.018,1.790
0.663,-0.022,1.789
0.666,-0.019,1.787
0.664,-0.019,1.786
0.664,-0.019,1.794
0.665,-0.019,1.784
0.664,-0.019,1.779
0.666,-0.021,1.791
0.667,-0.021,1.801
0.665,-0.020,1.790
0.663,-0.019,1.791
0.664,-0.021,1.798
0.665,-0.018,1.799
0.663,-0.020,1.795
0.663,-0.021,1.789
0.665,-0.018,1.778
0.663,-0.019,1.788
0.661,-0.018,1.798
0.664,-0.019,1.796
0.663,-0.017,1.791
0.663,-0.019,1.784
0.664,-0.017,1.783
0.662,-0.018,1.796
0.664,-0.018,1.797
0.660,-0.020,1.786
0.663,-0.019,1.779
0.663,-0.017,1.773
0.662,-0.018,1.782
0.662,-0.018,1.786
0.661,-0.018,1.782
0.663,-0.019,1.788
0.663,-0.018,1.788
0.663,-0.017,1.774
0.661,-0.015,1.783
0.660,-0.014,1.780
0.659,-0.021,1.787
0.659,-0.019,1.778
0.661,-0.015,1.782
0.660,-0.013,1.782
0.659,-0.015,1.783
0.658,-0.018,1.790
0.659,-0.019,1.783
0.659,-0.013,1.786
0.658,-0.015,1.784
0.657,-0.017,1.782
0.658,-0.018,1.783
0.657,-0.013,1.787
0.658,-0.015,1.787
0.658,-0.019,1.786
0.656,-0.017,1.790
0.660,-0.017,1.789
0.658,-0.016,1.794
0.660,-0.014,1.786
0.657,-0.017,1.780
0.656,-0.019,1.791
0.656,-0.018,1.795
0.658,-0.016,1.772
0.657,-0.017,1.779
0.655,-0.018,1.787
0.657,-0.018,1.786
0.656,-0.017,1.780
0.656,-0.018,1.776
0.655,-0.019,1.782
0.655,-0.018,1.787
0.656,-0.018,1.783
0.654,-0.021,1.779
0.657,-0.016,1.773
0.656,-0.019,1.776
0.656,-0.021,1.775
0.655,-0.021,1.775
0.656,-0.019,1.778
0.655,-0.020,1.776
0.657,-0.022,1.776
0.655,-0.022,1.773
0.657,-0.019,1.776
0.654,-0.017,1.776
0.655,-0.018,1.769
0.654,-0.018,1.769
0.658,-0.018,1.785
0.653,-0.022,1.791
0.653,-0.022,1.786
0.655,-0.021,1.780
0.655,-0.020,1.773
0.655,-0.019,1.783
0.653,-0.021,1.787
0.654,-0.018,1.777
0.654,-0.021,1.782
0.657,-0.022,1.797
0.656,-0.022,1.788
0.656,-0.019,1.778
0.658,-0.018,1.766
0.654,-0.019,1.786
0.655,-0.020,1.798
0.659,-0.018,1.780
0.653,-0.019,1.775
0.655,-0.020,1.775
0.657,-0.018,1.787
0.657,-0.018,1.786
0.655,-0.020,1.784
0.655,-0.021,1.784
0.656,-0.018,1.770
0.657,-0.017,1.774
0.655,-0.018,1.777
0.656,-0.019,1.774
0.656,-0.018,1.776
0.655,-0.018,1.776
0.655,-0.018,1.776
0.656,-0.019,1.773
0.654,-0.017,1.775
0.657,-0.018,1.770
0.654,-0.017,1.762
0.656,-0.018,1.767
0.655,-0.019,1.760
0.655,-0.015,1.777
0.657,-0.019,1.801
0.655,-0.017,1.786
0.655,-0.018,1.759
0.654,-0.017,1.752
0.656,-0.016,1.760
0.656,-0.019,1.800
0.653,-0.017,1.810
0.655,-0.017,1.772
0.657,-0.015,1.766
0.654,-0.017,1.769
0.654,-0.018,1.774
0.656,-0.017,1.793
0.656,-0.015,1.791
0.656,-0.017,1.776
0.655,-0.018,1.774
0.652,-0.015,1.784
0.653,-0.017,1.783
0.656,-0.016,1.776
0.655,-0.015,1.773
0.652,-0.016,1.776
0.654,-0.017,1.782
0.653,-0.017,1.783
0.654,-0.015,1.787
0.651,-0.017,1.780
0.653,-0.018,1.778
0.653,-0.016,1.769
0.651,-0.016,1.772
0.654,-0.019,1.784
0.653,-0.018,1.781
0.654,-0.017,1.771
0.651,-0.019,1.777
0.653,-0.018,1.776
0.652,-0.017,1.774
0.652,-0.018,1.778
0.650,-0.019,1.772
0.652,-0.019,1.779
0.655,-0.015,1.774
0.651,-0.019,1.768
0.651,-0.021,1.781
0.653,-0.019,1.779
0.653,-0.018,1.771
0.652,-0.019,1.771
0.652,-0.020,1.777
0.654,-0.016,1.780
0.652,-0.019,1.776
0.652,-0.019,1.768
0.650,-0.021,1.783
0.652,-0.018,1.776
0.650,-0.020,1.770
0.650,-0.019,1.779
0.650,-0.019,1.788
0.650,-0.018,1.782
0.653,-0.018,1.781
0.651,-0.018,1.773
0.651,-0.020,1.774
0.651,-0.022,1.782
0.652,-0.019,1.776
0.651,-0.018,1.774
0.651,-0.019,1.773
0.650,-0.018,1.770
0.651,-0.017,1.770
0.652,-0.020,1.771
0.650,-0.016,1.771
0.651,-0.018,1.773
0.650,-0.017,1.772
0.650,-0.018,1.764
0.651,-0.018,1.763
0.651,-0.017,1.770
0.650,-0.018,1.768
0.650,-0.018,1.766
0.652,-0.018,1.772
0.651,-0.018,1.763
0.649,-0.017,1.759
0.651,-0.015,1.758
0.651,-0.017,1.768
0.650,-0.018,1.760
0.648,-0.017,1.774
0.651,-0.016,1.767
0.649,-0.018,1.759
0.648,-0.015,1.780
0.650,-0.018,1.765
0.647,-0.017,1.759
0.648,-0.017,1.748
0.651,-0.015,1.763
0.650,-0.017,1.772
0.650,-0.014,1.781
0.648,-0.018,1.767
0.648,-0.017,1.770
0.648,-0.015,1.758
0.648,-0.017,1.762
0.650,-0.015,1.778
0.646,-0.014,1.782
0.650,-0.015,1.773
0.648,-0.014,1.759
0.648,-0.015,1.761
0.648,-0.015,1.769
0.647,-0.015,1.784
0.648,-0.016,1.780
0.646,-0.014,1.763
0.649,-0.016,1.767
0.648,-0.017,1.767
0.648,-0.015,1.758
0.648,-0.016,1.771
0.649,-0.015,1.770
0.646,-0.017,1.774
0.647,-0.017,1.772
0.647,-0.017,1.761
0.647,-0.015,1.770
0.648,-0.017,1.779
0.649,-0.015,1.770
0.646,-0.015,1.752
0.647,-0.018,1.745
0.648,-0.018,1.770
0.648,-0.015,1.779
0.647,-0.015,1.774
0.647,-0.018,1.760
0.647,-0.014,1.758
0.650,-0.019,1.758
0.647,-0.017,1.770
0.649,-0.014,1.773
0.648,-0.017,1.767
0.648,-0.017,1.764
0.649,-0.014,1.756
0.650,-0.017,1.764
0.647,-0.016,1.766
0.647,-0.016,1.769
0.648,-0.017,1.774
0.648,-0.017,1.768
0.648,-0.016,1.760
0.649,-0.016,1.774
0.647,-0.018,1.772
0.649,-0.018,1.770
0.650,-0.015,1.770
0.649,-0.018,1.770
0.650,-0.016,1.772
0.649,-0.016,1.770
0.650,-0.018,1.769
0.648,-0.015,1.752
0.647,-0.015,1.763
0.647,-0.016,1.768
0.649,-0.018,1.767
0.649,-0.017,1.764
0.647,-0.017,1.769
0.649,-0.015,1.768
0.648,-0.018,1.758
0.646,-0.016,1.763
0.646,-0.017,1.771
0.647,-0.018,1.766
0.646,-0.015,1.752
0.648,-0.015,1.758
0.647,-0.015,1.760
0.647,-0.015,1.765
0.648,-0.015,1.769
0.649,-0.014,1.766
0.647,-0.017,1.758
0.648,-0.013,1.762
0.648,-0.015,1.751
0.647,-0.017,1.764
0.643,-0.015,1.770
0.648,-0.014,1.761
0.648,-0.017,1.754
0.648,-0.013,1.762
0.649,-0.013,1.763
0.646,-0.013,1.768
0.646,-0.018,1.769
0.647,-0.015,1.756
0.647,-0.013,1.760
0.646,-0.015,1.764
0.644,-0.014,1.771
0.646,-0.015,1.772
0.646,-0.014,1.770
0.647,-0.014,1.770
0.645,-0.014,1.764
0.644,-0.015,1.761
0.646,-0.015,1.758
0.645,-0.014,1.774
0.646,-0.016,1.768
0.646,-0.014,1.764
0.646,-0.013,1.760
0.647,-0.015,1.768
0.646,-0.016,1.768
0.646,-0.016,1.773
0.646,-0.016,1.762
0.645,-0.012,1.758
0.644,-0.013,1.750
0.643,-0.015,1.758
0.645,-0.015,1.761
0.646,-0.017,1.768
0.644,-0.013,1.765
0.645,-0.014,1.760
0.648,-0.017,1.754
0.644,-0.013,1.752
0.645,-0.017,1.760
0.648,-0.014,1.760
0.646,-0.012,1.756
0.647,-0.016,1.753
0.645,-0.014,1.758
0.646,-0.015,1.758
0.645,-0.015,1.758
0.646,-0.013,1.761
0.647,-0.015,1.767
0.644,-0.016,1.762
0.647,-0.016,1.758
0.646,-0.016,1.758
0.644,-0.015,1.763
0.644,-0.015,1.763
0.648,-0.014,1.772
0.644,-0.014,1.774
0.644,-0.015,1.766
0.644,-0.014,1.765
0.645,-0.015,1.758
0.644,-0.018,1.765
0.645,-0.016,1.774
0.644,-0.016,1.768
0.644,-0.017,1.764
0.642,-0.015,1.764
0.644,-0.016,1.762
0.643,-0.016,1.768
0.643,-0.015,1.772
0.642,-0.015,1.764
0.643,-0.016,1.757
0.642,-0.015,1.751
0.641,-0.016,1.749
0.642,-0.016,1.767
0.643,-0.016,1.772
0.642,-0.017,1.761
0.641,-0.017,1.748
0.642,-0.015,1.746
0.642,-0.014,1.754
0.643,-0.017,1.765
0.643,-0.016,1.762
0.642,-0.015,1.750
0.641,-0.016,1.751
0.643,-0.013,1.748
0.643,-0.015,1.761
0.641,-0.014,1.764
0.641,-0.016,1.774
0.642,-0.014,1.758
0.642,-0.015,1.745
0.641,-0.015,1.746
0.641,-0.015,1.758
0.640,-0.016,1.765
0.640,-0.013,1.768
0.641,-0.015,1.761
0.643,-0.014,1.760
0.640,-0.016,1.757
0.641,-0.014,1.749
0.641,-0.017,1.765
0.640,-0.016,1.764
0.640,-0.015,1.767
0.639,-0.013,1.762
0.641,-0.016,1.757
0.638,-0.015,1.754
0.639,-0.014,1.761
0.639,-0.017,1.754
0.640,-0.015,1.760
0.639,-0.015,1.759
0.640,-0.017,1.757
0.636,-0.015,1.753
0.640,-0.015,1.754
0.636,-0.017,1.755
0.890,-0.030,2.238
0.936,-0.024,2.221
0.934,-0.022,2.206
0.929,-0.020,2.216
0.928,-0.021,2.214
0.925,-0.020,2.208
0.925,-0.018,2.202
0.925,-0.019,2.202
0.922,-0.018,2.194
0.923,-0.021,2.187
0.922,-0.018,2.186
0.921,-0.018,2.202
0.919,-0.019,2.193
0.918,-0.018,2.193
0.918,-0.019,2.186
0.917,-0.019,2.184
0.918,-0.018,2.185
0.917,-0.019,2.186
0.915,-0.018,2.191
0.914,-0.020,2.178
0.916,-0.018,2.182
0.914,-0.018,2.191
0.914,-0.019,2.182
0.913,-0.014,2.171
0.913,-0.018,2.183
0.912,-0.017,2.183
0.914,-0.017,2.185
0.914,-0.015,2.187
0.915,-0.016,2.188
0.911,-0.018,2.179
0.911,-0.019,2.179
0.910,-0.017,2.180
0.911,-0.017,2.182
0.911,-0.017,2.184
0.910,-0.015,2.178
0.909,-0.019,2.166
0.910,-0.017,2.176
0.908,-0.018,2.185
0.909,-0.016,2.189
0.909,-0.017,2.183
0.911,-0.017,2.175
0.910,-0.015,2.171
0.907,-0.016,2.165
0.908,-0.016,2.176
0.909,-0.014,2.183
0.908,-0.011,2.180
0.907,-0.014,2.169
0.908,-0.013,2.169
0.907,-0.014,2.172
0.908,-0.013,2.165
0.905,-0.014,2.162
0.907,-0.016,2.167
0.908,-0.013,2.167
0.907,-0.013,2.162
0.905,-0.012,2.166
0.905,-0.013,2.163
0.906,-0.013,2.163
0.905,-0.015,2.163
0.907,-0.012,2.164
0.904,-0.012,2.168
0.903,-0.013,2.160
0.905,-0.014,2.162
0.905,-0.014,2.170
0.902,-0.010,2.158
0.901,-0.013,2.150
0.903,-0.013,2.161
0.902,-0.012,2.178
0.900,-0.010,2.169
0.901,-0.009,2.160
0.900,-0.014,2.156
0.902,-0.010,2.167
0.902,-0.011,2.167
0.901,-0.010,2.186
0.900,-0.009,2.168
0.901,-0.012,2.159
0.903,-0.013,2.160
0.901,-0.013,2.169
0.900,-0.011,2.170
0.901,-0.008,2.164
0.903,-0.012,2.157
0.899,-0.013,2.153
0.901,-0.011,2.160
0.902,-0.011,2.169
0.901,-0.013,2.159
0.900,-0.011,2.155
0.902,-0.013,2.153
0.898,-0.010,2.156
0.902,-0.012,2.157
0.900,-0.011,2.158
0.900,-0.011,2.154
0.901,-0.009,2.152
0.901,-0.012,2.154
0.900,-0.011,2.157
0.901,-0.013,2.163
0.898,-0.013,2.158
0.900,-0.015,2.151
0.896,-0.013,2.147
0.900,-0.009,2.151
0.898,-0.013,2.153
0.898,-0.012,2.162
0.897,-0.012,2.168
0.898,-0.011,2.148
0.896,-0.012,2.147
0.896,-0.013,2.151
0.896,-0.011,2.155
0.897,-0.010,2.152
0.896,-0.011,2.158
0.896,-0.012,2.159
0.896,-0.013,2.154
0.897,-0.010,2.151
0.895,-0.015,2.161
0.896,-0.014,2.157
0.897,-0.013,2.155
0.896,-0.013,2.158
0.894,-0.013,2.158
0.895,-0.014,2.166
0.896,-0.013,2.158
0.896,-0.012,2.157
0.896,-0.013,2.154
0.895,-0.010,2.167
0.897,-0.012,2.161
0.896,-0.010,2.157
0.893,-0.011,2.161
0.896,-0.010,2.153
0.895,-0.011,2.145
0.895,-0.012,2.151
0.895,-0.011,2.155
0.893,-0.013,2.157
0.893,-0.010,2.159
0.892,-0.013,2.147
0.892,-0.012,2.142
0.896,-0.011,2.143
0.896,-0.012,2.141
0.891,-0.013,2.150
0.895,-0.010,2.156
0.894,-0.012,2.151
0.894,-0.011,2.138
0.894,-0.009,2.139
0.895,-0.010,2.144
0.893,-0.011,2.151
0.893,-0.007,2.149
0.893,-0.011,2.137
0.894,-0.010,2.142
0.893,-0.011,2.149
0.893,-0.009,2.147
0.894,-0.009,2.153
0.893,-0.010,2.158
0.893,-0.009,2.151
0.891,-0.011,2.143
0.893,-0.009,2.139
0.895,-0.014,2.142
0.894,-0.010,2.160
0.891,-0.011,2.160
0.892,-0.007,2.149
0.893,-0.011,2.154
0.891,-0.012,2.154
0.893,-0.009,2.151
0.893,-0.008,2.152
0.893,-0.012,2.143
0.893,-0.011,2.153
0.893,-0.010,2.154
0.893,-0.012,2.155
0.893,-0.011,2.145
0.894,-0.014,2.143
0.892,-0.013,2.144
0.893,-0.012,2.155
0.892,-0.012,2.151
0.892,-0.011,2.144
0.893,-0.011,2.141
0.893,-0.012,2.128
0.893,-0.015,2.141
0.894,-0.013,2.159
0.892,-0.013,2.152
0.893,-0.011,2.144
0.893,-0.012,2.126
0.892,-0.014,2.129
0.893,-0.011,2.144
0.893,-0.009,2.150
0.892,-0.012,2.144
0.893,-0.009,2.136
0.892,-0.013,2.139
0.894,-0.010,2.143
0.893,-0.010,2.151
0.892,-0.013,2.140
0.891,-0.011,2.142
0.891,-0.012,2.140
0.891,-0.011,2.140
0.893,-0.011,2.137
0.892,-0.009,2.155
0.892,-0.010,2.147
0.892,-0.011,2.139
0.890,-0.010,2.144
0.891,-0.010,2.149
0.891,-0.008,2.146
0.891,-0.011,2.145
0.890,-0.011,2.141
0.890,-0.009,2.142
0.890,-0.007,2.152
0.892,-0.008,2.154
0.888,-0.009,2.157
0.887,-0.009,2.148
0.888,-0.009,2.143
0.890,-0.008,2.143
0.890,-0.007,2.155
0.889,-0.008,2.160
0.889,-0.007,2.156
0.888,-0.009,2.144
0.890,-0.009,2.139
0.889,-0.012,2.147
0.889,-0.009,2.161
0.890,-0.011,2.152
0.887,-0.008,2.149
0.888,-0.011,2.146
0.889,-0.009,2.138
0.888,-0.010,2.147
0.887,-0.011,2.148
0.887,-0.010,2.150
0.888,-0.010,2.143
0.888,-0.009,2.135
0.887,-0.009,2.132
0.888,-0.009,2.145
0.887,-0.011,2.143
0.887,-0.011,2.136
0.887,-0.011,2.122
0.887,-0.009,2.133
0.889,-0.013,2.150
0.885,-0.009,2.147
0.885,-0.012,2.136
0.888,-0.007,2.133
0.887,-0.012,2.127
0.886,-0.011,2.138
0.886,-0.011,2.151
0.886,-0.012,2.148
0.887,-0.010,2.133
0.886,-0.011,2.132
0.886,-0.010,2.135
0.887,-0.010,2.148
0.886,-0.011,2.151
0.886,-0.010,2.140
0.884,-0.009,2.128
0.887,-0.011,2.135
0.887,-0.009,2.140
0.886,-0.011,2.156
0.886,-0.009,2.155
0.886,-0.009,2.135
0.887,-0.009,2.134
0.887,-0.011,2.139
0.887,-0.010,2.153
0.886,-0.009,2.158
0.887,-0.008,2.145
0.887,-0.011,2.137
0.887,-0.006,2.147
0.889,-0.009,2.150
0.886,-0.011,2.149
0.887,-0.009,2.139
0.886,-0.007,2.140
0.886,-0.009,2.135
0.887,-0.007,2.138
0.888,-0.007,2.151
0.887,-0.007,2.143
0.887,-0.010,2.139
0.887,-0.009,2.140
0.887,-0.007,2.142
0.886,-0.008,2.135
0.886,-0.008,2.135
0.887,-0.008,2.131
0.884,-0.006,2.133
0.883,-0.008,2.140
0.886,-0.008,2.143
0.884,-0.007,2.131
0.884,-0.005,2.125
0.886,-0.007,2.129
0.887,-0.008,2.134
0.883,-0.007,2.143
0.884,-0.007,2.140
0.884,-0.005,2.122
0.884,-0.006,2.116
0.885,-0.006,2.135
0.883,-0.008,2.143
0.883,-0.007,2.139
0.886,-0.008,2.128
0.884,-0.007,2.115
0.884,-0.009,2.131
0.884,-0.004,2.136
0.885,-0.005,2.131
0.883,-0.006,2.129
0.885,-0.008,2.123
0.884,-0.008,2.131
0.884,-0.008,2.139
0.885,-0.007,2.138
0.883,-0.006,2.140
0.885,-0.007,2.128
0.885,-0.008,2.123
0.884,-0.008,2.130
0.883,-0.008,2.147
0.885,-0.007,2.154
0.885,-0.009,2.135
0.882,-0.008,2.127
0.884,-0.009,2.131
0.884,-0.006,2.134
0.883,-0.009,2.136
0.882,-0.009,2.148
0.883,-0.006,2.141
0.883,-0.006,2.139
0.883,-0.008,2.138
0.883,-0.008,2.124
0.881,-0.009,2.140
0.882,-0.009,2.140
0.881,-0.009,2.129
0.880,-0.009,2.129
0.881,-0.007,2.130
0.880,-0.009,2.131
0.882,-0.010,2.126
0.880,-0.007,2.129
0.880,-0.007,2.130
0.877,-0.011,2.127
0.882,-0.011,2.128
0.881,-0.007,2.117
0.881,-0.009,2.122
0.881,-0.007,2.124
0.879,-0.010,2.128
0.880,-0.009,2.128
0.882,-0.011,2.131
0.877,-0.009,2.130
0.877,-0.009,2.111
0.881,-0.008,2.109
0.879,-0.010,2.117
0.881,-0.009,2.131
0.880,-0.010,2.135
0.880,-0.009,2.123
0.880,-0.011,2.115
0.879,-0.010,2.117
0.878,-0.010,2.126
0.878,-0.009,2.128
0.880,-0.008,2.122
0.879,-0.008,2.122
0.878,-0.009,2.116
0.879,-0.007,2.109
0.880,-0.009,2.119
0.879,-0.008,2.130
0.879,-0.011,2.127
0.878,-0.010,2.127
0.880,-0.007,2.117
0.875,-0.010,2.109
0.877,-0.009,2.119
0.879,-0.012,2.115
0.879,-0.009,2.125
0.877,-0.008,2.135
0.878,-0.007,2.128
0.877,-0.009,2.122
0.877,-0.010,2.119
0.878,-0.009,2.118
0.878,-0.011,2.136
0.876,-0.009,2.134
0.878,-0.010,2.127
0.876,-0.007,2.124
0.878,-0.009,2.117
0.877,-0.009,2.126
0.877,-0.010,2.137
0.877,-0.006,2.134
0.877,-0.010,2.119
0.878,-0.008,2.111
0.879,-0.011,2.121
0.877,-0.009,2.139
0.875,-0.006,2.141
0.877,-0.010,2.137
0.878,-0.009,2.124
0.877,-0.009,2.112
0.877,-0.006,2.119
0.878,-0.009,2.129
0.878,-0.006,2.132
0.876,-0.009,2.127
0.876,-0.009,2.120
0.878,-0.007,2.115
0.878,-0.011,2.122
0.874,-0.007,2.132
0.876,-0.011,2.130
0.876,-0.009,2.127
0.877,-0.009,2.115
0.876,-0.009,2.110
0.875,-0.009,2.119
0.877,-0.009,2.129
0.878,-0.005,2.131
0.878,-0.009,2.123
0.874,-0.007,2.117
0.876,-0.011,2.117
0.875,-0.009,2.109
0.877,-0.008,2.112
0.877,-0.012,2.122
0.875,-0.006,2.121
0.874,-0.011,2.112
0.875,-0.009,2.113
0.875,-0.008,2.112
0.876,-0.010,2.105
0.875,-0.004,2.113
0.875,-0.011,2.122
0.876,-0.008,2.119
0.877,-0.011,2.107
0.876,-0.009,2.113
0.874,-0.009,2.117
0.874,-0.011,2.126
0.876,-0.010,2.123
0.876,-0.011,2.117
0.875,-0.007,2.108
0.874,-0.009,2.116
0.874,-0.008,2.115
0.873,-0.009,2.118
0.874,-0.009,2.131
0.873,-0.009,2.129
0.873,-0.010,2.123
0.872,-0.008,2.102
0.874,-0.007,2.120
0.873,-0.008,2.128
0.873,-0.009,2.123
0.873,-0.009,2.111
0.876,-0.009,2.112
0.872,-0.007,2.126
0.872,-0.011,2.131
0.874,-0.007,2.126
0.873,-0.009,2.122
0.871,-0.007,2.118
0.873,-0.008,2.118
0.874,-0.007,2.120
0.872,-0.009,2.132
0.872,-0.008,2.129
0.873,-0.007,2.124
0.871,-0.010,2.119
0.873,-0.008,2.120
0.874,-0.008,2.125
0.872,-0.008,2.130
0.871,-0.006,2.131
0.871,-0.009,2.126
0.871,-0.009,2.107
0.873,-0.009,2.114
0.871,-0.009,2.124
0.871,-0.007,2.128
0.874,-0.009,2.132
0.871,-0.009,2.109
0.870,-0.009,2.096
0.873,-0.007,2.109
0.874,-0.009,2.122
0.867,-0.007,2.131
0.870,-0.010,2.114
0.870,-0.008,2.105
0.871,-0.011,2.106
0.871,-0.009,2.112
0.869,-0.009,2.122
0.868,-0.011,2.112
0.868,-0.007,2.105
0.869,-0.010,2.107
0.868,-0.009,2.111
0.872,-0.011,2.114
0.868,-0.009,2.115
0.870,-0.007,2.115
0.869,-0.009,2.102
0.870,-0.007,2.106
0.870,-0.009,2.108
0.868,-0.008,2.111
0.869,-0.009,2.115
0.870,-0.009,2.115
0.871,-0.008,2.112
0.871,-0.011,2.108
0.868,-0.010,2.104
0.869,-0.009,2.104
0.867,-0.009,2.123
0.868,-0.010,2.118
0.868,-0.009,2.105
0.869,-0.009,2.097
0.870,-0.007,2.109
0.869,-0.009,2.118
0.870,-0.006,2.116
0.870,-0.009,2.111
0.869,-0.006,2.102
0.870,-0.010,2.107
0.869,-0.004,2.113
0.870,-0.009,2.118
0.868,-0.008,2.122
0.870,-0.007,2.110
0.868,-0.007,2.110
0.872,-0.006,2.115
0.871,-0.008,2.124
0.869,-0.005,2.120
0.868,-0.008,2.111
0.868,-0.007,2.103
0.868,-0.008,2.107
0.871,-0.007,2.120
0.868,-0.007,2.129
0.866,-0.007,2.127
0.867,-0.007,2.115
0.868,-0.008,2.107
0.870,-0.008,2.106
0.868,-0.009,2.110
0.869,-0.008,2.124
0.868,-0.009,2.120
0.869,-0.009,2.101
0.868,-0.005,2.103
0.867,-0.008,2.113
0.868,-0.007,2.118
0.866,-0.007,2.122
0.869,-0.009,2.115
0.858,-0.006,1.935
0.444,0.013,1.335
0.090,0.020,0.821
0.007,0.009,0.777
0.007,0.006,0.778
0.009,0.009,0.770
0.006,0.006,0.776
0.007,0.003,0.785
0.008,0.003,0.761
0.006,0.002,0.762
0.006,0.004,0.776
0.007,0.006,0.773
0.006,0.006,0.772
0.009,0.005,0.773
0.005,0.007,0.778
0.007,0.004,0.775
0.006,0.003,0.771
0.007,0.003,0.775
0.009,0.003,0.784
0.007,0.006,0.773
0.007,0.007,0.778
0.007,0.005,0.785
0.006,0.006,0.777
0.009,0.004,0.764
0.011,0.006,0.769
0.009,0.005,0.775
0.007,0.002,0.776
0.007,0.005,0.782
0.006,0.004,0.779
0.007,0.006,0.779
0.008,0.007,0.778
0.011,0.005,0.777
0.008,0.005,0.776
0.006,0.002,0.778
0.007,0.005,0.778
0.007,0.004,0.777
0.009,0.003,0.780
0.012,0.006,0.779
0.009,0.005,0.779
0.010,0.005,0.780
0.007,0.006,0.778
0.009,0.003,0.776
0.011,0.001,0.777
0.009,0.005,0.779
0.012,0.006,0.780
0.011,0.003,0.783
0.013,0.007,0.781
0.009,0.003,0.776
0.009,0.005,0.778
0.010,0.005,0.775
0.010,0.005,0.778
0.011,0.004,0.777
0.011,0.005,0.779
0.011,0.001,0.777
0.009,0.003,0.780
0.009,0.009,0.781
0.010,0.008,0.778
0.009,0.005,0.773
0.010,0.005,0.774
0.012,0.002,0.772
0.009,0.004,0.774
0.007,0.007,0.774
0.009,0.005,0.778
0.012,0.003,0.776
0.014,0.007,0.771
0.013,0.007,0.773
0.014,0.003,0.769
0.014,0.007,0.768
0.012,0.004,0.770
0.013,0.005,0.771
0.014,0.006,0.774
0.013,0.005,0.775
0.012,0.005,0.770
0.013,0.006,0.769
0.013,0.005,0.771
0.013,0.006,0.770
0.015,0.006,0.770
0.014,0.003,0.768
0.013,0.003,0.771
0.013,0.006,0.772
0.013,0.006,0.772
0.011,0.007,0.773
0.011,0.007,0.771
0.010,0.003,0.767
0.012,0.005,0.768
0.011,0.005,0.768
0.013,0.005,0.772
0.012,0.007,0.775
0.009,0.007,0.770
0.011,0.008,0.772
0.012,0.007,0.771
0.011,0.007,0.772
0.009,0.004,0.771
0.011,0.004,0.769
0.009,0.004,0.769
0.009,0.002,0.771
0.010,0.006,0.777
0.013,0.007,0.771
0.013,0.007,0.776
0.012,0.006,0.772
0.013,0.009,0.770
0.013,0.006,0.770
0.012,0.005,0.772
0.012,0.005,0.776
0.011,0.005,0.775
0.010,0.005,0.778
0.013,0.007,0.775
0.011,0.007,0.774
0.014,0.007,0.771
0.015,0.006,0.772
0.012,0.006,0.776
0.013,0.002,0.775
0.011,0.003,0.776
0.013,0.005,0.779
0.013,0.005,0.780
0.012,0.008,0.780
0.009,0.009,0.775
0.011,0.006,0.772
0.010,0.006,0.780
0.011,0.009,0.777
0.011,0.005,0.779
0.009,0.004,0.780
0.013,0.005,0.781
0.013,0.006,0.780
0.013,0.005,0.779
0.012,0.010,0.777
0.013,0.007,0.772
0.011,0.007,0.776
0.011,0.005,0.778
0.012,0.005,0.778
0.013,0.007,0.781
0.010,0.010,0.780
0.010,0.010,0.776
0.014,0.006,0.773
0.011,0.006,0.774
0.014,0.007,0.775
0.015,0.009,0.774
0.012,0.004,0.776
0.013,0.006,0.775
0.016,0.003,0.775
0.015,0.006,0.778
0.013,0.009,0.778
0.011,0.006,0.772
0.013,0.010,0.772
0.013,0.009,0.770
0.012,0.008,0.775
0.013,0.005,0.775
0.013,0.004,0.776
0.013,0.005,0.775
0.013,0.005,0.774
0.013,0.007,0.775
0.015,0.010,0.770
0.013,0.009,0.768
0.012,0.009,0.771
0.013,0.009,0.768
0.013,0.006,0.773
0.015,0.007,0.775
0.013,0.011,0.773
0.014,0.010,0.773
0.014,0.010,0.771
0.013,0.008,0.769
0.014,0.010,0.768
0.015,0.007,0.773
0.009,0.006,0.771
0.013,0.006,0.772
0.013,0.009,0.772
0.011,0.013,0.770
0.011,0.011,0.768
0.009,0.008,0.772
0.010,0.005,0.769
0.009,0.005,0.770
0.009,0.007,0.771
0.009,0.010,0.773
0.009,0.008,0.775
0.010,0.013,0.772
0.013,0.014,0.773
0.009,0.008,0.770
0.008,0.004,0.770
0.009,0.005,0.771
0.008,0.006,0.771
0.011,0.007,0.772
0.009,0.009,0.772
0.010,0.011,0.772
0.009,0.010,0.774
0.011,0.009,0.776
0.011,0.006,0.771
0.011,0.002,0.769
0.009,0.001,0.772
0.008,0.002,0.773
0.009,0.008,0.773
0.011,0.011,0.778
0.010,0.011,0.778
0.010,0.011,0.773
0.012,0.005,0.772
0.010,0.000,0.775
0.011,0.006,0.774
0.009,0.003,0.774
0.009,0.005,0.777
0.009,0.009,0.778
0.012,0.014,0.777
0.011,0.012,0.780
0.010,0.009,0.774
0.009,0.005,0.775
0.011,0.001,0.773
0.013,0.003,0.772
0.011,0.009,0.778
0.011,0.010,0.779
0.010,0.010,0.781
0.011,0.011,0.779
0.013,0.009,0.776
0.011,0.005,0.775
0.011,0.002,0.774
0.011,0.005,0.777
0.013,0.007,0.774
0.011,0.008,0.776
0.014,0.011,0.782
0.013,0.011,0.781
0.013,0.007,0.777
0.011,0.007,0.776
0.012,0.005,0.773
0.011,0.007,0.775
0.011,0.007,0.776
0.012,0.010,0.779
0.012,0.011,0.779
0.015,0.013,0.778
0.010,0.007,0.778
0.012,0.005,0.777
0.012,0.005,0.775
0.013,0.005,0.775
0.011,0.007,0.773
0.013,0.008,0.771
0.011,0.010,0.778
0.009,0.010,0.775
0.011,0.011,0.779
0.011,0.005,0.778
0.013,0.005,0.773
0.009,0.005,0.772
0.011,0.006,0.774
0.012,0.007,0.772
0.009,0.009,0.774
0.012,0.011,0.778
0.009,0.010,0.775
0.011,0.007,0.773
0.012,0.007,0.772
0.015,0.007,0.772
0.011,0.004,0.773
0.014,0.006,0.768
0.015,0.009,0.772
0.011,0.008,0.770
0.012,0.009,0.770
0.014,0.009,0.776
0.013,0.006,0.772
0.012,0.005,0.766
0.013,0.004,0.769
0.015,0.006,0.770
0.015,0.007,0.770
0.014,0.007,0.773
0.013,0.009,0.771
0.013,0.005,0.774
0.011,0.006,0.770
0.011,0.003,0.774
0.011,0.007,0.772
0.014,0.005,0.769
0.014,0.006,0.769
0.015,0.007,0.771
0.014,0.008,0.771
0.011,0.006,0.771
0.013,0.006,0.771
0.014,0.005,0.767
0.012,0.008,0.771
0.013,0.006,0.768
0.013,0.005,0.766
0.015,0.005,0.772
0.014,0.005,0.772
0.014,0.006,0.774
0.012,0.006,0.774
0.010,0.008,0.774
0.014,0.007,0.773
0.011,0.009,0.773
0.012,0.007,0.773
0.010,0.008,0.767
0.010,0.007,0.771
0.011,0.010,0.774
0.010,0.006,0.772
0.013,0.005,0.776
0.011,0.007,0.779
0.010,0.009,0.774
0.009,0.009,0.771
0.011,0.006,0.772
0.011,0.005,0.771
0.010,0.005,0.773
0.011,0.006,0.778
0.009,0.005,0.780
0.011,0.006,0.776
0.008,0.007,0.778
0.010,0.009,0.775
0.011,0.008,0.774
0.011,0.006,0.773
0.013,0.004,0.774
0.012,0.003,0.778
0.011,0.007,0.778
0.010,0.009,0.781
0.013,0.009,0.777
0.015,0.009,0.779
0.015,0.007,0.777
0.013,0.007,0.774
0.013,0.006,0.777
0.011,0.004,0.777
0.013,0.005,0.782
0.012,0.005,0.776
0.012,0.008,0.778
0.011,0.007,0.775
0.012,0.007,0.773
0.012,0.004,0.775
0.012,0.004,0.779
0.011,0.004,0.777
0.009,0.007,0.779
0.011,0.006,0.782
0.011,0.007,0.781
0.010,0.005,0.776
0.009,0.010,0.778
0.011,0.011,0.777
0.009,0.008,0.777
0.011,0.004,0.776
0.011,0.004,0.780
0.009,0.005,0.776
0.010,0.007,0.782
0.009,0.007,0.779
0.010,0.004,0.775
0.009,0.009,0.777
0.009,0.006,0.773
0.008,0.008,0.775
0.009,0.007,0.776
0.010,0.005,0.778
0.010,0.006,0.778
0.009,0.007,0.779
0.013,0.009,0.777
0.009,0.007,0.772
0.011,0.005,0.772
0.011,0.005,0.770
0.011,0.004,0.769
0.011,0.005,0.772
0.014,0.007,0.777
0.013,0.008,0.774
0.012,0.009,0.774
0.012,0.006,0.770
0.011,0.006,0.771
0.013,0.005,0.770
0.014,0.005,0.771
0.012,0.004,0.771
0.011,0.008,0.774
0.011,0.009,0.771
0.013,0.006,0.774
0.015,0.008,0.770
0.011,0.006,0.771
0.011,0.005,0.767
0.011,0.005,0.768
0.010,0.005,0.770
0.010,0.007,0.771
0.013,0.008,0.773
0.012,0.009,0.771
0.012,0.009,0.773
0.012,0.006,0.772
0.011,0.007,0.768
0.012,0.004,0.771
0.010,0.005,0.767
0.013,0.004,0.768
0.013,0.006,0.770
0.013,0.010,0.772
0.012,0.008,0.772
0.012,0.007,0.772
0.013,0.007,0.769
0.014,0.005,0.769
0.013,0.006,0.768
0.010,0.006,0.768
0.011,0.008,0.771
0.013,0.007,0.773
0.014,0.007,0.772
0.013,0.005,0.768
0.015,0.007,0.770
0.013,0.005,0.770
0.013,0.010,0.769
0.013,0.008,0.769
0.012,0.007,0.772
0.012,0.005,0.773
0.013,0.005,0.772
0.013,0.004,0.774
0.011,0.006,0.772
0.012,0.007,0.771
0.012,0.006,0.772
0.014,0.008,0.771
0.012,0.008,0.771
0.011,0.006,0.775
0.011,0.006,0.775
0.011,0.007,0.775
0.011,0.007,0.776
0.011,0.008,0.772
0.011,0.005,0.772
0.010,0.007,0.774
0.011,0.006,0.777
0.011,0.005,0.778
0.012,0.007,0.778
0.012,0.006,0.779
0.010,0.006,0.777
0.011,0.006,0.776
0.012,0.006,0.771
0.008,0.005,0.777
0.011,0.004,0.776
0.011,0.004,0.776
0.014,0.002,0.782
0.014,0.008,0.782
0.013,0.005,0.778
0.012,0.006,0.776
0.013,0.005,0.775
0.013,0.007,0.775
0.015,0.005,0.777
0.012,0.005,0.778
0.013,0.006,0.780
0.013,0.003,0.780
0.017,0.006,0.779
0.013,0.005,0.778
0.011,0.008,0.774
0.013,0.005,0.775
0.015,0.004,0.776
0.014,0.006,0.776
0.014,0.007,0.782
0.013,0.005,0.779
0.015,0.005,0.780
0.013,0.007,0.779
0.013,0.007,0.778
0.012,0.007,0.776
0.013,0.005,0.775
0.012,0.007,0.772
0.015,0.007,0.776
0.012,0.005,0.779
0.013,0.005,0.781
0.014,0.007,0.775
0.012,0.006,0.776
0.013,0.008,0.775
0.012,0.009,0.773
0.011,0.006,0.775
0.013,0.007,0.777
0.009,0.005,0.780
0.013,0.006,0.776
0.011,0.007,0.777
0.012,0.005,0.775
0.009,0.006,0.771
0.010,0.007,0.771
0.009,0.006,0.775
0.011,0.007,0.772
0.010,0.007,0.782
0.010,0.007,0.775
0.010,0.007,0.776
0.010,0.007,0.775
0.012,0.009,0.774
0.011,0.009,0.772
0.013,0.008,0.770
0.011,0.004,0.772
0.012,0.007,0.772
0.011,0.008,0.771
0.012,0.006,0.776
0.011,0.006,0.771
0.012,0.009,0.773
0.011,0.009,0.771
0.013,0.006,0.767
0.013,0.007,0.770
0.011,0.005,0.774
0.011,0.007,0.771
0.014,0.006,0.773
0.015,0.006,0.775
0.013,0.007,0.773
0.013,0.007,0.767
0.013,0.006,0.767
0.014,0.008,0.767
0.012,0.007,0.769
0.011,0.006,0.769
0.014,0.007,0.775
0.015,0.006,0.773
0.015,0.007,0.774
0.013,0.004,0.772
0.013,0.010,0.765
0.013,0.004,0.768
0.012,0.007,0.770
0.013,0.008,0.771
0.012,0.007,0.770
0.012,0.004,0.773
0.012,0.005,0.772
0.011,0.004,0.771
0.014,0.009,0.774
0.012,0.009,0.769
0.011,0.006,0.769
0.011,0.005,0.775
0.014,0.005,0.770
0.009,0.007,0.771
